symbol,exchange,yahoo_ticker,company_name,aliases,sector,isin,scrip_code,source
20MICRONS,NSE,20MICRONS.NS,20 Microns,20 Microns|20 Microns Limited|20MICRONS,,INE144J01027,16921,IIFL_SCRIPMASTER
21STCENMGM,NSE,21STCENMGM.NS,21St Century Mgmt Service,21STCENMGM|21St Century Mgmt Service,,INE253B01015,4,IIFL_SCRIPMASTER
360ONE,NSE,360ONE.NS,360 One Wam,360 One Wam|360 One Wam Limited|360ONE,,INE466L01038,13061,IIFL_SCRIPMASTER
GOLD360,NSE,GOLD360.NS,360Oneamc - Gold360,360Oneamc - Gold360|GOLD360,,INF579M01BB5,30105,IIFL_SCRIPMASTER
SILVER360,NSE,SILVER360.NS,360Oneamc - Silver360,360Oneamc - Silver360|SILVER360,,INF579M01BC3,756150,IIFL_SCRIPMASTER
3BBLACKBIO,NSE,3BBLACKBIO.NS,3B Blackbio Dx,3B Blackbio Dx|3B Blackbio Dx Limited|3BBLACKBIO,,INE994E01018,762518,IIFL_SCRIPMASTER
3IINFOLTD,NSE,3IINFOLTD.NS,3I Infotech,3I Infotech|3I Infotech Limited|3IINFOLTD,,INE748C01038,6232,IIFL_SCRIPMASTER
3MINDIA,NSE,3MINDIA.NS,3M India,3M India|3M India Limited|3MINDIA,,INE470A01017,474,IIFL_SCRIPMASTER
3PLAND,NSE,3PLAND.NS,3P Land Holdings,3P Land Holdings|3P Land Holdings Limited|3PLAND,,INE105C01023,2595,IIFL_SCRIPMASTER
5PAISA,NSE,5PAISA.NS,5Paisa Capital,5PAISA|5Paisa Capital|5Paisa Capital Limited,,INE618L01018,445,IIFL_SCRIPMASTER
63MOONS,NSE,63MOONS.NS,63 Moons Technologies,63 Moons Technologies|63 Moons Technologies Limited|63MOONS,,INE111B01023,11868,IIFL_SCRIPMASTER
ABCOTS,NSE,ABCOTS.NS,A B Cotspin India,A B Cotspin India|A B Cotspin India Limited|ABCOTS,,INE08PH01015,759130,IIFL_SCRIPMASTER
ABINFRA,NSE,ABINFRA.NS,A B Infrabuild,A B Infrabuild|A B Infrabuild Limited|ABINFRA,,INE00YB01025,27020,IIFL_SCRIPMASTER
ABMKNO,NSE,ABMKNO.NS,A B M Knowledgeware,A B M Knowledgeware|A B M Knowledgeware Limited|ABMKNO,,INE850B01026,762528,IIFL_SCRIPMASTER
ACSTECH,NSE,ACSTECH.NS,A C S Technologies,A C S Technologies|A C S Technologies Limited|ACSTECH,,INE366C01021,762533,IIFL_SCRIPMASTER
AKCAPIT,NSE,AKCAPIT.NS,A K Capital Services,A K Capital Services|A K Capital Services Limited|AKCAPIT,,INE701G01012,762538,IIFL_SCRIPMASTER
A2ZINFRA,NSE,A2ZINFRA.NS,A2Z Infra Engineering,A2Z Infra Engineering|A2Z Infra Engineering Limited|A2ZINFRA,,INE619I01012,20906,IIFL_SCRIPMASTER
AAATECH,NSE,AAATECH.NS,Aaa Technologies,AAATECH|Aaa Technologies|Aaa Technologies Limited,,INE0D0U01013,12533,IIFL_SCRIPMASTER
AADHARHFC,NSE,AADHARHFC.NS,Aadhar Housing Finance L,AADHARHFC|Aadhar Housing Finance L,,INE883F01010,23729,IIFL_SCRIPMASTER
AARNAV,NSE,AARNAV.NS,Aarnav Fashions,AARNAV|Aarnav Fashions|Aarnav Fashions Limited,,INE750R01016,761821,IIFL_SCRIPMASTER
AARON,NSE,AARON.NS,Aaron Industries,AARON|Aaron Industries|Aaron Industries Limited,,INE721Z01010,1030,IIFL_SCRIPMASTER
AARTECH,NSE,AARTECH.NS,Aartech Solonics,AARTECH|Aartech Solonics|Aartech Solonics Limited,,INE01C001026,17145,IIFL_SCRIPMASTER
AARTIDRUGS,NSE,AARTIDRUGS.NS,Aarti Drugs,AARTIDRUGS|Aarti Drugs|Aarti Drugs Limited,,INE767A01016,4481,IIFL_SCRIPMASTER
AARTIIND,NSE,AARTIIND.NS,Aarti Industries,AARTIIND|Aarti Industries|Aarti Industries Limited,,INE769A01020,7,IIFL_SCRIPMASTER
AARTIPHARM,NSE,AARTIPHARM.NS,Aarti Pharmalabs,AARTIPHARM|Aarti Pharmalabs|Aarti Pharmalabs Limited,,INE0LRU01027,13868,IIFL_SCRIPMASTER
AARTISURF,NSE,AARTISURF.NS,Aarti Surfactants,AARTISURF|Aarti Surfactants|Aarti Surfactants Limited,,INE09EO01013,19233,IIFL_SCRIPMASTER
AARVI,NSE,AARVI.NS,Aarvi Encon,AARVI|Aarvi Encon|Aarvi Encon Limited,,INE754X01016,19073,IIFL_SCRIPMASTER
AAVAS,NSE,AAVAS.NS,Aavas Financiers,AAVAS|Aavas Financiers|Aavas Financiers Limited,,INE216P01012,5385,IIFL_SCRIPMASTER
AFSL,NSE,AFSL.NS,Abans Financial Srvcs,AFSL|Abans Financial Srvcs|Abans Financial Srvcs Limited,,INE00ZE01026,13288,IIFL_SCRIPMASTER
ABB,NSE,ABB.NS,Abb India,ABB|Abb India|Abb India Limited,,INE117A01022,13,IIFL_SCRIPMASTER
ABBOTINDIA,NSE,ABBOTINDIA.NS,Abbott India,ABBOTINDIA|Abbott India|Abbott India Limited,,INE358A01014,17903,IIFL_SCRIPMASTER
ABMINTLLTD,NSE,ABMINTLLTD.NS,Abm International,ABMINTLLTD|Abm International|Abm International Limited,,INE251C01025,5549,IIFL_SCRIPMASTER
ACC,NSE,ACC.NS,Acc,ACC|Acc|Acc Limited,,INE012A01025,22,IIFL_SCRIPMASTER
ACCELYA,NSE,ACCELYA.NS,Accelya Soln India,ACCELYA|Accelya Soln India|Accelya Soln India Limited,,INE793A01012,7053,IIFL_SCRIPMASTER
ACCURACY,NSE,ACCURACY.NS,Accuracy Shipping,ACCURACY|Accuracy Shipping|Accuracy Shipping Limited,,INE648Z01023,1465,IIFL_SCRIPMASTER
ACEINTEG,NSE,ACEINTEG.NS,Ace Integrated Solu.,ACEINTEG|Ace Integrated Solu.|Ace Integrated Solu. Limited,,INE543V01017,11779,IIFL_SCRIPMASTER
ACMESOLAR,NSE,ACMESOLAR.NS,Acme Solar Holdings,ACMESOLAR|Acme Solar Holdings|Acme Solar Holdings Limited,,INE622W01025,27061,IIFL_SCRIPMASTER
ACE,NSE,ACE.NS,Action Const Equip,ACE|Action Const Equip|Action Const Equip Limited,,INE731H01025,13587,IIFL_SCRIPMASTER
ACUTAAS,NSE,ACUTAAS.NS,Acutaas Chemicals,ACUTAAS|Acutaas Chemicals|Acutaas Chemicals Limited,,INE00FF01025,5578,IIFL_SCRIPMASTER
ADANIENSOL,NSE,ADANIENSOL.NS,Adani Energy Solution,ADANIENSOL|Adani Energy Solution|Adani Energy Solution Limited,,INE931S01010,10217,IIFL_SCRIPMASTER
ADANIENT,NSE,ADANIENT.NS,Adani Enterprises,ADANIENT|Adani Enterprises|Adani Enterprises Limited,,INE423A01024,25,IIFL_SCRIPMASTER
ADANIGREEN,NSE,ADANIGREEN.NS,Adani Green Energy,ADANIGREEN|Adani Green Energy|Adani Green Energy Limited,,INE364U01010,3563,IIFL_SCRIPMASTER
ADANIPORTS,NSE,ADANIPORTS.NS,Adani Port & Sez,ADANIPORTS|Adani Port & Sez|Adani Port & Sez Limited,,INE742F01042,15083,IIFL_SCRIPMASTER
ADANIPOWER,NSE,ADANIPOWER.NS,Adani Power,ADANIPOWER|Adani Power|Adani Power Limited,,INE814H01029,17388,IIFL_SCRIPMASTER
ATGL,NSE,ATGL.NS,Adani Total Gas,ATGL|Adani Total Gas|Adani Total Gas Limited,,INE399L01023,6066,IIFL_SCRIPMASTER
ADFFOODS,NSE,ADFFOODS.NS,Adf Foods,ADFFOODS|Adf Foods|Adf Foods Limited,,INE982B01027,19761,IIFL_SCRIPMASTER
ABSLAMC,NSE,ABSLAMC.NS,Adit Birl Sun Lif Amc,ABSLAMC|Adit Birl Sun Lif Amc|Adit Birl Sun Lif Amc Limited,,INE404A01024,6018,IIFL_SCRIPMASTER
ABCAPITAL,NSE,ABCAPITAL.NS,Aditya Birla Capital,ABCAPITAL|Aditya Birla Capital|Aditya Birla Capital Limited,,INE674K01013,21614,IIFL_SCRIPMASTER
ABFRL,NSE,ABFRL.NS,Aditya Birla Fashion & Rt,ABFRL|Aditya Birla Fashion & Rt,,INE647O01011,30108,IIFL_SCRIPMASTER
ABLBL,NSE,ABLBL.NS,Aditya Birla Lifes Bran L,ABLBL|Aditya Birla Lifes Bran L,,INE14LE01019,756843,IIFL_SCRIPMASTER
BIRLAMONEY,NSE,BIRLAMONEY.NS,Aditya Birla Money,Aditya Birla Money|Aditya Birla Money Limited|BIRLAMONEY,,INE865C01022,15239,IIFL_SCRIPMASTER
ABREL,NSE,ABREL.NS,Aditya Birla Real Est,ABREL|Aditya Birla Real Est|Aditya Birla Real Est Limited,,INE055A01016,625,IIFL_SCRIPMASTER
CPPLUS,NSE,CPPLUS.NS,Aditya Infotech,Aditya Infotech|Aditya Infotech Limited|CPPLUS,,INE819V01029,758858,IIFL_SCRIPMASTER
AVL,NSE,AVL.NS,Aditya Vision,AVL|Aditya Vision|Aditya Vision Limited,,INE679V01027,25984,IIFL_SCRIPMASTER
ADOR,NSE,ADOR.NS,Ador Welding,ADOR|Ador Welding|Ador Welding Limited,,INE045A01017,34,IIFL_SCRIPMASTER
ADROITINFO,NSE,ADROITINFO.NS,Adroit Infotech,ADROITINFO|Adroit Infotech|Adroit Infotech Limited,,INE737B01033,4953,IIFL_SCRIPMASTER
ADVAIT,NSE,ADVAIT.NS,Advait Enrgy Transition L,ADVAIT|Advait Enrgy Transition L,,INE0ALI01010,760657,IIFL_SCRIPMASTER
ADVANCE,NSE,ADVANCE.NS,Advance Agrolife,ADVANCE|Advance Agrolife|Advance Agrolife Limited,,INE1B0W01010,759402,IIFL_SCRIPMASTER
ADVENZYMES,NSE,ADVENZYMES.NS,Advanced Enzyme Tech,ADVENZYMES|Advanced Enzyme Tech|Advanced Enzyme Tech Limited,,INE837H01020,18039,IIFL_SCRIPMASTER
ADVANIHOTR,NSE,ADVANIHOTR.NS,Advani Hot.& Res.(I),ADVANIHOTR|Advani Hot.& Res.(I)|Advani Hot.& Res.(I) Limited,,INE199C01026,14745,IIFL_SCRIPMASTER
ADVENTHTL,NSE,ADVENTHTL.NS,Advent Hotels Internati L,ADVENTHTL|Advent Hotels Internati L,,INE28GN01010,759769,IIFL_SCRIPMASTER
AEGISLOG,NSE,AEGISLOG.NS,Aegis Logistics,AEGISLOG|Aegis Logistics|Aegis Logistics Limited,,INE208C01025,40,IIFL_SCRIPMASTER
AEGISVOPAK,NSE,AEGISVOPAK.NS,Aegis Vopak Terminals,AEGISVOPAK|Aegis Vopak Terminals|Aegis Vopak Terminals Limited,,INE0INX01018,757336,IIFL_SCRIPMASTER
AEQUS,NSE,AEQUS.NS,Aequs,AEQUS|Aequs|Aequs Limited,,INE947N01017,760234,IIFL_SCRIPMASTER
AEROENTER,NSE,AEROENTER.NS,Aeroflex Enterprises,AEROENTER|Aeroflex Enterprises|Aeroflex Enterprises Limited,,INE065D01027,12015,IIFL_SCRIPMASTER
AEROFLEX,NSE,AEROFLEX.NS,Aeroflex Industries,AEROFLEX|Aeroflex Industries|Aeroflex Industries Limited,,INE024001021,18268,IIFL_SCRIPMASTER
AERONEU,NSE,AERONEU.NS,Aeroflex Neu,AERONEU|Aeroflex Neu|Aeroflex Neu Limited,,INE035801013,13689,IIFL_SCRIPMASTER
AETHER,NSE,AETHER.NS,Aether Industries,AETHER|Aether Industries|Aether Industries Limited,,INE0BWX01014,9810,IIFL_SCRIPMASTER
AFCONS,NSE,AFCONS.NS,Afcons Infrastructure,AFCONS|Afcons Infrastructure|Afcons Infrastructure Limited,,INE101I01011,25977,IIFL_SCRIPMASTER
AFFLE,NSE,AFFLE.NS,Affle 3I,AFFLE|Affle 3I|Affle 3I Limited,,INE00WC01027,11343,IIFL_SCRIPMASTER
AGARIND,NSE,AGARIND.NS,Agarwal Inds Corp,AGARIND|Agarwal Inds Corp|Agarwal Inds Corp Limited,,INE204E01012,3389,IIFL_SCRIPMASTER
AGI,NSE,AGI.NS,Agi Greenpac,AGI|Agi Greenpac|Agi Greenpac Limited,,INE415A01038,1412,IIFL_SCRIPMASTER
AGIIL,NSE,AGIIL.NS,Agi Infra,AGIIL|Agi Infra|Agi Infra Limited,,INE976R01033,24445,IIFL_SCRIPMASTER
AGRITECH,NSE,AGRITECH.NS,Agri-Tech (India),AGRITECH|Agri-Tech (India)|Agri-Tech (India) Limited,,INE449G01018,11072,IIFL_SCRIPMASTER
AGROPHOS,NSE,AGROPHOS.NS,Agro Phos India,AGROPHOS|Agro Phos India|Agro Phos India Limited,,INE740V01019,9046,IIFL_SCRIPMASTER
AHLADA,NSE,AHLADA.NS,Ahlada Engineers,AHLADA|Ahlada Engineers|Ahlada Engineers Limited,,INE00PV01013,2004,IIFL_SCRIPMASTER
AHLUCONT,NSE,AHLUCONT.NS,Ahluwalia Cont Ind,AHLUCONT|Ahluwalia Cont Ind|Ahluwalia Cont Ind Limited,,INE758C01029,17833,IIFL_SCRIPMASTER
AIAENG,NSE,AIAENG.NS,Aia Engineering,AIAENG|Aia Engineering|Aia Engineering Limited,,INE212H01026,13086,IIFL_SCRIPMASTER
GOLDTECH,NSE,GOLDTECH.NS,Aion-Tech Solutions,Aion-Tech Solutions|Aion-Tech Solutions Limited|GOLDTECH,,INE805A01014,9874,IIFL_SCRIPMASTER
AIRAN,NSE,AIRAN.NS,Airan,AIRAN|Airan|Airan Limited,,INE645W01026,9897,IIFL_SCRIPMASTER
AIROLAM,NSE,AIROLAM.NS,Airo Lam,AIROLAM|Airo Lam|Airo Lam Limited,,INE801L01010,6068,IIFL_SCRIPMASTER
AJANTPHARM,NSE,AJANTPHARM.NS,Ajanta Pharma,AJANTPHARM|Ajanta Pharma|Ajanta Pharma Limited,,INE031B01049,8124,IIFL_SCRIPMASTER
AJAXENGG,NSE,AJAXENGG.NS,Ajax Engineering,AJAXENGG|Ajax Engineering|Ajax Engineering Limited,,INE274Y01021,29624,IIFL_SCRIPMASTER
AJMERA,NSE,AJMERA.NS,Ajmera Realty & Inf I,AJMERA|Ajmera Realty & Inf I|Ajmera Realty & Inf I Limited,,INE298G01035,17307,IIFL_SCRIPMASTER
AJOONI,NSE,AJOONI.NS,Ajooni Biotech,AJOONI|Ajooni Biotech|Ajooni Biotech Limited,,INE820Y01021,3403,IIFL_SCRIPMASTER
AKASH,NSE,AKASH.NS,Akash Infra-Projects,AKASH|Akash Infra-Projects|Akash Infra-Projects Limited,,INE737W01013,13510,IIFL_SCRIPMASTER
AKG,NSE,AKG.NS,Akg Exim,AKG|Akg Exim|Akg Exim Limited,,INE00Y801016,2176,IIFL_SCRIPMASTER
AKI,NSE,AKI.NS,Aki India,AKI|Aki India|Aki India Limited,,INE642Z01026,14890,IIFL_SCRIPMASTER
AKSHAR,NSE,AKSHAR.NS,Akshar Spintex,AKSHAR|Akshar Spintex|Akshar Spintex Limited,,INE256Z01025,9558,IIFL_SCRIPMASTER
AKSHARCHEM,NSE,AKSHARCHEM.NS,Aksharchem India,AKSHARCHEM|Aksharchem India|Aksharchem India Limited,,INE542B01011,20178,IIFL_SCRIPMASTER
AKUMS,NSE,AKUMS.NS,Akums Drugs and Pharma L,AKUMS|Akums Drugs and Pharma L,,INE09XN01023,24715,IIFL_SCRIPMASTER
ALANKIT,NSE,ALANKIT.NS,Alankit,ALANKIT|Alankit|Alankit Limited,,INE914E01040,9921,IIFL_SCRIPMASTER
ALBERTDAVD,NSE,ALBERTDAVD.NS,Albert David,ALBERTDAVD|Albert David|Albert David Limited,,INE155C01010,17256,IIFL_SCRIPMASTER
ALEMBICLTD,NSE,ALEMBICLTD.NS,Alembic,ALEMBICLTD|Alembic|Alembic Limited,,INE426A01027,79,IIFL_SCRIPMASTER
APLLTD,NSE,APLLTD.NS,Alembic Pharma,APLLTD|Alembic Pharma|Alembic Pharma Limited,,INE901L01018,25328,IIFL_SCRIPMASTER
ALGOQUANT,NSE,ALGOQUANT.NS,Algoquant Fintech,ALGOQUANT|Algoquant Fintech|Algoquant Fintech Limited,,INE598D01035,761270,IIFL_SCRIPMASTER
ALICON,NSE,ALICON.NS,Alicon Castalloy,ALICON|Alicon Castalloy|Alicon Castalloy Limited,,INE062D01024,13656,IIFL_SCRIPMASTER
ALIVUS,NSE,ALIVUS.NS,Alivus Life Sciences,ALIVUS|Alivus Life Sciences|Alivus Life Sciences Limited,,INE03Q201024,5265,IIFL_SCRIPMASTER
ALKALI,NSE,ALKALI.NS,Alkali Metals,ALKALI|Alkali Metals|Alkali Metals Limited,,INE773I01017,16959,IIFL_SCRIPMASTER
ALKEM,NSE,ALKEM.NS,Alkem Laboratories,ALKEM|Alkem Laboratories|Alkem Laboratories Limited,,INE540L01014,11703,IIFL_SCRIPMASTER
ALKYLAMINE,NSE,ALKYLAMINE.NS,Alkyl Amines Chem.,ALKYLAMINE|Alkyl Amines Chem.|Alkyl Amines Chem. Limited,,INE150B01039,4487,IIFL_SCRIPMASTER
ALLTIME,NSE,ALLTIME.NS,All Time Plastics,ALLTIME|All Time Plastics|All Time Plastics Limited,,INE0GV601021,758448,IIFL_SCRIPMASTER
ALLCARGO,NSE,ALLCARGO.NS,Allcargo Logistics,ALLCARGO|Allcargo Logistics|Allcargo Logistics Limited,,INE418H01029,13501,IIFL_SCRIPMASTER
ATL,NSE,ATL.NS,Allcargo Terminals,ATL|Allcargo Terminals|Allcargo Terminals Limited,,INE0NN701020,17778,IIFL_SCRIPMASTER
ALLDIGI,NSE,ALLDIGI.NS,Alldigi Tech,ALLDIGI|Alldigi Tech|Alldigi Tech Limited,,INE835G01018,11798,IIFL_SCRIPMASTER
ABDL,NSE,ABDL.NS,Allied Blend N Distils L,ABDL|Allied Blend N Distils L,,INE552Z01027,24308,IIFL_SCRIPMASTER
ADSL,NSE,ADSL.NS,Allied Digital Serv.,ADSL|Allied Digital Serv.|Allied Digital Serv. Limited,,INE102I01027,14813,IIFL_SCRIPMASTER
ALMONDZ,NSE,ALMONDZ.NS,Almondz Global Sec,ALMONDZ|Almondz Global Sec|Almondz Global Sec Limited,,INE326B01035,16719,IIFL_SCRIPMASTER
ALOKINDS,NSE,ALOKINDS.NS,Alok Industries,ALOKINDS|Alok Industries|Alok Industries Limited,,INE270A01029,17675,IIFL_SCRIPMASTER
ALPA,NSE,ALPA.NS,Alpa Laboratories,ALPA|Alpa Laboratories|Alpa Laboratories Limited,,INE385I01010,14848,IIFL_SCRIPMASTER
ALPHAGEO,NSE,ALPHAGEO.NS,Alphageo (India),ALPHAGEO|Alphageo (India)|Alphageo (India) Limited,,INE137C01018,14597,IIFL_SCRIPMASTER
AMAGI,NSE,AMAGI.NS,Amagi Media Labs,AMAGI|Amagi Media Labs|Amagi Media Labs Limited,,INE121R01077,760740,IIFL_SCRIPMASTER
AMANTA,NSE,AMANTA.NS,Amanta Healthcare,AMANTA|Amanta Healthcare|Amanta Healthcare Limited,,INE084K01015,758909,IIFL_SCRIPMASTER
ARE&M,NSE,ARE&M.NS,Amara Raja Energy Mob,ARE&M|Amara Raja Energy Mob|Amara Raja Energy Mob Limited,,INE885A01032,100,IIFL_SCRIPMASTER
AMBALALSA,NSE,AMBALALSA.NS,Ambalal Sarabhai Ent L,AMBALALSA|Ambalal Sarabhai Ent L,,INE432A01017,762543,IIFL_SCRIPMASTER
AMBER,NSE,AMBER.NS,Amber Enterprises (I),AMBER|Amber Enterprises (I)|Amber Enterprises (I) Limited,,INE371P01015,1185,IIFL_SCRIPMASTER
AMBICAAGAR,NSE,AMBICAAGAR.NS,Ambica Agar & Aromaindltd,AMBICAAGAR|Ambica Agar & Aromaindltd,,INE792B01012,11496,IIFL_SCRIPMASTER
AMBIKCO,NSE,AMBIKCO.NS,Ambika Cotton Mill,AMBIKCO|Ambika Cotton Mill|Ambika Cotton Mill Limited,,INE540G01014,15234,IIFL_SCRIPMASTER
AMBUJACEM,NSE,AMBUJACEM.NS,Ambuja Cements,AMBUJACEM|Ambuja Cements|Ambuja Cements Limited,,INE079A01024,1270,IIFL_SCRIPMASTER
AMDIND,NSE,AMDIND.NS,Amd Industries,AMDIND|Amd Industries|Amd Industries Limited,,INE005I01014,14398,IIFL_SCRIPMASTER
AMNPLST,NSE,AMNPLST.NS,Amines & Plasticizers,AMNPLST|Amines & Plasticizers|Amines & Plasticizers Limited,,INE275D01022,19867,IIFL_SCRIPMASTER
AMIRCHAND,NSE,AMIRCHAND.NS,Amir Chand Jag Kum (E) L,AMIRCHAND|Amir Chand Jag Kum (E) L,,INE05TO01019,761670,IIFL_SCRIPMASTER
AMJLAND,NSE,AMJLAND.NS,Amj Land Holdings,AMJLAND|Amj Land Holdings|Amj Land Holdings Limited,,INE606A01024,2598,IIFL_SCRIPMASTER
AMRUTANJAN,NSE,AMRUTANJAN.NS,Amrutajan Health,AMRUTANJAN|Amrutajan Health|Amrutajan Health Limited,,INE098F01031,17547,IIFL_SCRIPMASTER
ARSSBL,NSE,ARSSBL.NS,Anand Rathi Sh N Stk Br L,ARSSBL|Anand Rathi Sh N Stk Br L,,INE549H01021,759956,IIFL_SCRIPMASTER
ANANDRATHI,NSE,ANANDRATHI.NS,Anand Rathi Wealth,ANANDRATHI|Anand Rathi Wealth|Anand Rathi Wealth Limited,,INE463V01026,7145,IIFL_SCRIPMASTER
ANANTRAJ,NSE,ANANTRAJ.NS,Anant Raj,ANANTRAJ|Anant Raj|Anant Raj Limited,,INE242C01024,13620,IIFL_SCRIPMASTER
ACL,NSE,ACL.NS,Andhra Cements,ACL|Andhra Cements|Andhra Cements Limited,,INE666E01020,15420,IIFL_SCRIPMASTER
ANDHRAPAP,NSE,ANDHRAPAP.NS,Andhra Paper,ANDHRAPAP|Andhra Paper|Andhra Paper Limited,,INE435A01051,166,IIFL_SCRIPMASTER
ANDHRSUGAR,NSE,ANDHRSUGAR.NS,Andhra Sugars,ANDHRSUGAR|Andhra Sugars|Andhra Sugars Limited,,INE715B01021,136,IIFL_SCRIPMASTER
ANGELONE,NSE,ANGELONE.NS,Angel One,ANGELONE|Angel One|Angel One Limited,,INE732I01021,324,IIFL_SCRIPMASTER
APCL,NSE,APCL.NS,Anjani Portland Cem,APCL|Anjani Portland Cem|Anjani Portland Cem Limited,,INE071F01012,20453,IIFL_SCRIPMASTER
AHCL,NSE,AHCL.NS,Anlon Healthcare,AHCL|Anlon Healthcare|Anlon Healthcare Limited,,INE0Y8W01025,758968,IIFL_SCRIPMASTER
ANMOL,NSE,ANMOL.NS,Anmol India,ANMOL|Anmol India|Anmol India Limited,,INE02AR01019,3727,IIFL_SCRIPMASTER
ANTGRAPHIC,NSE,ANTGRAPHIC.NS,Antarctica,ANTGRAPHIC|Antarctica|Antarctica Limited,,INE414B01021,5194,IIFL_SCRIPMASTER
ANTELOPUS,NSE,ANTELOPUS.NS,Antelopus Selan Enrgy,ANTELOPUS|Antelopus Selan Enrgy|Antelopus Selan Enrgy Limited,,INE818A01017,13598,IIFL_SCRIPMASTER
ANTHEM,NSE,ANTHEM.NS,Anthem Biosciences,ANTHEM|Anthem Biosciences|Anthem Biosciences Limited,,INE0CZ201020,757885,IIFL_SCRIPMASTER
AWHCL,NSE,AWHCL.NS,Antony Waste Hdg Cell,AWHCL|Antony Waste Hdg Cell|Antony Waste Hdg Cell Limited,,INE01BK01022,1797,IIFL_SCRIPMASTER
ANUHPHR,NSE,ANUHPHR.NS,Anuh Pharma,ANUHPHR|Anuh Pharma|Anuh Pharma Limited,,INE489G01022,28314,IIFL_SCRIPMASTER
ANURAS,NSE,ANURAS.NS,Anupam Rasayan India,ANURAS|Anupam Rasayan India|Anupam Rasayan India Limited,,INE930P01018,2829,IIFL_SCRIPMASTER
AONEGOLD,NSE,AONEGOLD.NS,Aoneamc - Aonegold,AONEGOLD|Aoneamc - Aonegold,,INF1J2R01114,758904,IIFL_SCRIPMASTER
AONELIQUID,NSE,AONELIQUID.NS,Aoneamc - Aoneliquid,AONELIQUID|Aoneamc - Aoneliquid,,INF1J2R01056,30472,IIFL_SCRIPMASTER
AONENIFTY,NSE,AONENIFTY.NS,Aoneamc - Aonenifty,AONENIFTY|Aoneamc - Aonenifty,,INF1J2R01064,757096,IIFL_SCRIPMASTER
AONESILVER,NSE,AONESILVER.NS,Aoneamc - Aonesilver,AONESILVER|Aoneamc - Aonesilver,,INF1J2R01171,760193,IIFL_SCRIPMASTER
AONETMMQ50,NSE,AONETMMQ50.NS,Aoneamc - Aonetmmq50,AONETMMQ50|Aoneamc - Aonetmmq50,,INF1J2R01148,759992,IIFL_SCRIPMASTER
AONETOTAL,NSE,AONETOTAL.NS,Aoneamc - Aonetotal,AONETOTAL|Aoneamc - Aonetotal,,INF1J2R01015,29975,IIFL_SCRIPMASTER
APARINDS,NSE,APARINDS.NS,Apar Industries,APARINDS|Apar Industries|Apar Industries Limited,,INE372A01015,11491,IIFL_SCRIPMASTER
APCOTEXIND,NSE,APCOTEXIND.NS,Apcotex Industries Limite,APCOTEXIND|Apcotex Industries Limite,,INE116A01032,154,IIFL_SCRIPMASTER
APEX,NSE,APEX.NS,Apex Frozen Foods,APEX|Apex Frozen Foods|Apex Frozen Foods Limited,,INE346W01013,21623,IIFL_SCRIPMASTER
APLAPOLLO,NSE,APLAPOLLO.NS,Apl Apollo Tubes,APLAPOLLO|Apl Apollo Tubes|Apl Apollo Tubes Limited,,INE702C01027,25780,IIFL_SCRIPMASTER
APOLLOHOSP,NSE,APOLLOHOSP.NS,Apollo Hospitals Enter. L,APOLLOHOSP|Apollo Hospitals Enter. L,,INE437A01024,157,IIFL_SCRIPMASTER
APOLLO,NSE,APOLLO.NS,Apollo Micro Systems,APOLLO|Apollo Micro Systems|Apollo Micro Systems Limited,,INE713T01028,1134,IIFL_SCRIPMASTER
APOLLOPIPE,NSE,APOLLOPIPE.NS,Apollo Pipes,APOLLOPIPE|Apollo Pipes|Apollo Pipes Limited,,INE126J01016,14361,IIFL_SCRIPMASTER
APOLSINHOT,NSE,APOLSINHOT.NS,Apollo Sindoori Hotel,APOLSINHOT|Apollo Sindoori Hotel|Apollo Sindoori Hotel Limited,,INE451F01024,6302,IIFL_SCRIPMASTER
APOLLOTYRE,NSE,APOLLOTYRE.NS,Apollo Tyres,APOLLOTYRE|Apollo Tyres|Apollo Tyres Limited,,INE438A01022,163,IIFL_SCRIPMASTER
APTECHT,NSE,APTECHT.NS,Aptech,APTECHT|Aptech|Aptech Limited,,INE266F01018,10755,IIFL_SCRIPMASTER
APTUS,NSE,APTUS.NS,Aptus Value Hsg Fin I,APTUS|Aptus Value Hsg Fin I|Aptus Value Hsg Fin I Limited,,INE852O01025,5435,IIFL_SCRIPMASTER
AQYLON,NSE,AQYLON.NS,Aqylon Nexus,AQYLON|Aqylon Nexus|Aqylon Nexus Limited,,INE416A01051,23365,IIFL_SCRIPMASTER
ACI,NSE,ACI.NS,Archean Chemical Ind,ACI|Archean Chemical Ind|Archean Chemical Ind Limited,,INE128X01021,12024,IIFL_SCRIPMASTER
ADL,NSE,ADL.NS,Archidply Decor,ADL|Archidply Decor|Archidply Decor Limited,,INE0CHO01012,245,IIFL_SCRIPMASTER
ARCHIDPLY,NSE,ARCHIDPLY.NS,Archidply Ind.,ARCHIDPLY|Archidply Ind.|Archidply Ind. Limited,,INE877I01016,16795,IIFL_SCRIPMASTER
ARCHIES,NSE,ARCHIES.NS,Archies,ARCHIES|Archies|Archies Limited,,INE731A01020,5688,IIFL_SCRIPMASTER
ARFIN,NSE,ARFIN.NS,Arfin India,ARFIN|Arfin India|Arfin India Limited,,INE784R01023,758700,IIFL_SCRIPMASTER
ARIES,NSE,ARIES.NS,Aries Agro,ARIES|Aries Agro|Aries Agro Limited,,INE298I01015,15204,IIFL_SCRIPMASTER
ARIHANTCAP,NSE,ARIHANTCAP.NS,Arihant Capital Mkts,ARIHANTCAP|Arihant Capital Mkts|Arihant Capital Mkts Limited,,INE420B01036,3813,IIFL_SCRIPMASTER
ARIHANT,NSE,ARIHANT.NS,Arihant Foun & Hou,ARIHANT|Arihant Foun & Hou|Arihant Foun & Hou Limited,,INE413D01011,13885,IIFL_SCRIPMASTER
ARIHANTSUP,NSE,ARIHANTSUP.NS,Arihant Superstruct,ARIHANTSUP|Arihant Superstruct|Arihant Superstruct Limited,,INE643K01018,20159,IIFL_SCRIPMASTER
ARIS,NSE,ARIS.NS,Arisinfra Solutions,ARIS|Arisinfra Solutions|Arisinfra Solutions Limited,,INE0H9P01028,757614,IIFL_SCRIPMASTER
ARKADE,NSE,ARKADE.NS,Arkade Developers,ARKADE|Arkade Developers|Arkade Developers Limited,,INE0QRL01017,25398,IIFL_SCRIPMASTER
ARMANFIN,NSE,ARMANFIN.NS,Arman Fin Serv,ARMANFIN|Arman Fin Serv|Arman Fin Serv Limited,,INE109C01017,17263,IIFL_SCRIPMASTER
AROGRANITE,NSE,AROGRANITE.NS,Aro Granite Ind.,AROGRANITE|Aro Granite Ind.|Aro Granite Ind. Limited,,INE210C01013,14557,IIFL_SCRIPMASTER
ARROWGREEN,NSE,ARROWGREEN.NS,Arrow Greentech,ARROWGREEN|Arrow Greentech|Arrow Greentech Limited,,INE570D01018,9260,IIFL_SCRIPMASTER
ARTNIRMAN,NSE,ARTNIRMAN.NS,Art Nirman,ARTNIRMAN|Art Nirman|Art Nirman Limited,,INE738V01013,6156,IIFL_SCRIPMASTER
AEPL,NSE,AEPL.NS,Artemis Electricals & P L,AEPL|Artemis Electricals & P L,,INE757T01025,761330,IIFL_SCRIPMASTER
ARTEMISMED,NSE,ARTEMISMED.NS,Artemis Med Service,ARTEMISMED|Artemis Med Service|Artemis Med Service Limited,,INE025R01021,16913,IIFL_SCRIPMASTER
ARVEE,NSE,ARVEE.NS,Arvee Laboratories I,ARVEE|Arvee Laboratories I|Arvee Laboratories I Limited,,INE006Z01016,2814,IIFL_SCRIPMASTER
ARVIND,NSE,ARVIND.NS,Arvind,ARVIND|Arvind|Arvind Limited,,INE034A01011,193,IIFL_SCRIPMASTER
ARVINDFASN,NSE,ARVINDFASN.NS,Arvind Fashions,ARVINDFASN|Arvind Fashions|Arvind Fashions Limited,,INE955V01021,9111,IIFL_SCRIPMASTER
ARVSMART,NSE,ARVSMART.NS,Arvind Smartspaces,ARVSMART|Arvind Smartspaces|Arvind Smartspaces Limited,,INE034S01021,10457,IIFL_SCRIPMASTER
ASAHIINDIA,NSE,ASAHIINDIA.NS,Asahi India Glass,ASAHIINDIA|Asahi India Glass|Asahi India Glass Limited,,INE439A01020,5378,IIFL_SCRIPMASTER
ASAHISONG,NSE,ASAHISONG.NS,Asahi Songwon Color,ASAHISONG|Asahi Songwon Color|Asahi Songwon Color Limited,,INE228I01012,25088,IIFL_SCRIPMASTER
ASHAPURMIN,NSE,ASHAPURMIN.NS,Ashapura Minechem,ASHAPURMIN|Ashapura Minechem|Ashapura Minechem Limited,,INE348A01023,203,IIFL_SCRIPMASTER
ASHIANA,NSE,ASHIANA.NS,Ashiana Housing,ASHIANA|Ashiana Housing|Ashiana Housing Limited,,INE365D01021,24403,IIFL_SCRIPMASTER
ASHIKA,NSE,ASHIKA.NS,Ashika Credit Capital L,ASHIKA|Ashika Credit Capital L,,INE094B01013,762548,IIFL_SCRIPMASTER
ASHIMASYN,NSE,ASHIMASYN.NS,Ashima,ASHIMASYN|Ashima|Ashima Limited,,INE440A01010,206,IIFL_SCRIPMASTER
ASHOKLEY,NSE,ASHOKLEY.NS,Ashok Leyland,ASHOKLEY|Ashok Leyland|Ashok Leyland Limited,,INE208A01029,212,IIFL_SCRIPMASTER
ASHOKA,NSE,ASHOKA.NS,Ashoka Buildcon,ASHOKA|Ashoka Buildcon|Ashoka Buildcon Limited,,INE442H01029,20182,IIFL_SCRIPMASTER
ASHOKAMET,NSE,ASHOKAMET.NS,Ashoka Metcast,ASHOKAMET|Ashoka Metcast|Ashoka Metcast Limited,,INE760Y01011,16943,IIFL_SCRIPMASTER
ASIANENE,NSE,ASIANENE.NS,Asian Energy Services,ASIANENE|Asian Energy Services|Asian Energy Services Limited,,INE276G01015,7030,IIFL_SCRIPMASTER
ASIANTILES,NSE,ASIANTILES.NS,Asian Granito Ind.,ASIANTILES|Asian Granito Ind.|Asian Granito Ind. Limited,,INE022I01019,14889,IIFL_SCRIPMASTER
AHLEAST,NSE,AHLEAST.NS,Asian Hotels (East),AHLEAST|Asian Hotels (East)|Asian Hotels (East) Limited,,INE926K01017,19438,IIFL_SCRIPMASTER
ASIANHOTNR,NSE,ASIANHOTNR.NS,Asian Hotels (North),ASIANHOTNR|Asian Hotels (North)|Asian Hotels (North) Limited,,INE363A01022,18422,IIFL_SCRIPMASTER
ASIANPAINT,NSE,ASIANPAINT.NS,Asian Paints,ASIANPAINT|Asian Paints|Asian Paints Limited,,INE021A01026,236,IIFL_SCRIPMASTER
ASTAR,NSE,ASTAR.NS,Asian Star Co.,ASTAR|Asian Star Co.|Asian Star Co. Limited,,INE194D01017,762553,IIFL_SCRIPMASTER
ASKAUTOLTD,NSE,ASKAUTOLTD.NS,Ask Automotive,ASKAUTOLTD|Ask Automotive|Ask Automotive Limited,,INE491J01022,20152,IIFL_SCRIPMASTER
ASPINWALL,NSE,ASPINWALL.NS,Aspinwall & Co,ASPINWALL|Aspinwall & Co|Aspinwall & Co Limited,,INE991I01015,17270,IIFL_SCRIPMASTER
ASALCBR,NSE,ASALCBR.NS,Asso Alcohols & Brew,ASALCBR|Asso Alcohols & Brew|Asso Alcohols & Brew Limited,,INE073G01016,17598,IIFL_SCRIPMASTER
ASTEC,NSE,ASTEC.NS,Astec Lifesciences,ASTEC|Astec Lifesciences|Astec Lifesciences Limited,,INE563J01010,17728,IIFL_SCRIPMASTER
ASTERDM,NSE,ASTERDM.NS,Aster Dm Healthcare,ASTERDM|Aster Dm Healthcare|Aster Dm Healthcare Limited,,INE914M01019,1508,IIFL_SCRIPMASTER
ASTRAMICRO,NSE,ASTRAMICRO.NS,Astra Microwave,ASTRAMICRO|Astra Microwave|Astra Microwave Limited,,INE386C01029,11618,IIFL_SCRIPMASTER
ASTRAL,NSE,ASTRAL.NS,Astral,ASTRAL|Astral|Astral Limited,,INE006I01046,14418,IIFL_SCRIPMASTER
ASTRAZEN,NSE,ASTRAZEN.NS,Astrazeneca Pharma Ind Lt,ASTRAZEN|Astrazeneca Pharma Ind Lt,,INE203A01020,5610,IIFL_SCRIPMASTER
ATALREAL,NSE,ATALREAL.NS,Atal Realtech,ATALREAL|Atal Realtech|Atal Realtech Limited,,INE0ALR01029,15649,IIFL_SCRIPMASTER
ATAM,NSE,ATAM.NS,Atam Valves,ATAM|Atam Valves|Atam Valves Limited,,INE09KD01013,15404,IIFL_SCRIPMASTER
ATHERENERG,NSE,ATHERENERG.NS,Ather Energy,ATHERENERG|Ather Energy|Ather Energy Limited,,INE0LEZ01016,757645,IIFL_SCRIPMASTER
ATLANTAELE,NSE,ATLANTAELE.NS,Atlanta Electricals,ATLANTAELE|Atlanta Electricals|Atlanta Electricals Limited,,INE0Z4F01028,759007,IIFL_SCRIPMASTER
ATLANTAA,NSE,ATLANTAA.NS,Atlantaa,ATLANTAA|Atlantaa|Atlantaa Limited,,INE285H01022,13585,IIFL_SCRIPMASTER
ATLASCYCLE,NSE,ATLASCYCLE.NS,Atlas Cycle (Haryana),ATLASCYCLE|Atlas Cycle (Haryana)|Atlas Cycle (Haryana) Limited,,INE446A01025,4568,IIFL_SCRIPMASTER
ATUL,NSE,ATUL.NS,Atul,ATUL|Atul|Atul Limited,,INE100A01010,263,IIFL_SCRIPMASTER
ATULAUTO,NSE,ATULAUTO.NS,Atul Auto,ATULAUTO|Atul Auto|Atul Auto Limited,,INE951D01028,30023,IIFL_SCRIPMASTER
AUBANK,NSE,AUBANK.NS,Au Small Finance Bank,AUBANK|Au Small Finance Bank|Au Small Finance Bank Limited,,INE949L01017,21238,IIFL_SCRIPMASTER
AURIGROW,NSE,AURIGROW.NS,Auri Grow India,AURIGROW|Auri Grow India|Auri Grow India Limited,,INE925Y01036,1607,IIFL_SCRIPMASTER
AURIONPRO,NSE,AURIONPRO.NS,Aurionpro Soln,AURIONPRO|Aurionpro Soln|Aurionpro Soln Limited,,INE132H01018,12022,IIFL_SCRIPMASTER
AUROPHARMA,NSE,AUROPHARMA.NS,Aurobindo Pharma,AUROPHARMA|Aurobindo Pharma|Aurobindo Pharma Limited,,INE406A01037,275,IIFL_SCRIPMASTER
AURUM,NSE,AURUM.NS,Aurum Proptech,AURUM|Aurum Proptech|Aurum Proptech Limited,,INE898S01029,10310,IIFL_SCRIPMASTER
AIIL,NSE,AIIL.NS,Authum Invest & Infra,AIIL|Authum Invest & Infra|Authum Invest & Infra Limited,,INE206F01022,23553,IIFL_SCRIPMASTER
AUTOAXLES,NSE,AUTOAXLES.NS,Automotive Axles,AUTOAXLES|Automotive Axles|Automotive Axles Limited,,INE449A01011,278,IIFL_SCRIPMASTER
ASAL,NSE,ASAL.NS,Automotive Stampings & As,ASAL|Automotive Stampings & As,,INE900C01027,10634,IIFL_SCRIPMASTER
AVAILFC,NSE,AVAILFC.NS,Available Finance,AVAILFC|Available Finance|Available Finance Limited,,INE325G01010,762558,IIFL_SCRIPMASTER
AVALON,NSE,AVALON.NS,Avalon Technologies,AVALON|Avalon Technologies|Avalon Technologies Limited,,INE0LCL01028,15058,IIFL_SCRIPMASTER
AVANTEL,NSE,AVANTEL.NS,Avantel,AVANTEL|Avantel|Avantel Limited,,INE005B01027,24610,IIFL_SCRIPMASTER
AVANTIFEED,NSE,AVANTIFEED.NS,Avanti Feeds,AVANTIFEED|Avanti Feeds|Avanti Feeds Limited,,INE871C01038,7936,IIFL_SCRIPMASTER
DMART,NSE,DMART.NS,Avenue Supermarts,Avenue Supermarts|Avenue Supermarts Limited|DMART,,INE192R01011,19913,IIFL_SCRIPMASTER
CCAVENUE,NSE,CCAVENUE.NS,Avenuesai,Avenuesai|Avenuesai Limited|CCAVENUE,,INE483S01020,16249,IIFL_SCRIPMASTER
AVG,NSE,AVG.NS,Avg Logistics,AVG|Avg Logistics|Avg Logistics Limited,,INE680Z01018,15589,IIFL_SCRIPMASTER
AVONMORE,NSE,AVONMORE.NS,Avonmore Cap&Mgt Serv,AVONMORE|Avonmore Cap&Mgt Serv|Avonmore Cap&Mgt Serv Limited,,INE323B01024,13557,IIFL_SCRIPMASTER
AVROIND,NSE,AVROIND.NS,Avro India,AVROIND|Avro India|Avro India Limited,,INE652Z01025,8827,IIFL_SCRIPMASTER
AVTNPL,NSE,AVTNPL.NS,Avt Natural Products,AVTNPL|Avt Natural Products|Avt Natural Products Limited,,INE488D01021,14008,IIFL_SCRIPMASTER
AWFIS,NSE,AWFIS.NS,Awfis Space Solutions,AWFIS|Awfis Space Solutions|Awfis Space Solutions Limited,,INE108V01019,23864,IIFL_SCRIPMASTER
AWL,NSE,AWL.NS,Awl Agri Business,AWL|Awl Agri Business|Awl Agri Business Limited,,INE699H01024,8110,IIFL_SCRIPMASTER
AXISBANK,NSE,AXISBANK.NS,Axis Bank,AXISBANK|Axis Bank|Axis Bank Limited,,INE238A01034,5900,IIFL_SCRIPMASTER
AXISBNKETF,NSE,AXISBNKETF.NS,Axisamc - Axisbnketf,AXISBNKETF|Axisamc - Axisbnketf,,INF846K01X63,1044,IIFL_SCRIPMASTER
AXISCETF,NSE,AXISCETF.NS,Axisamc - Axiscetf,AXISCETF|Axisamc - Axiscetf,,INF846K016C7,5732,IIFL_SCRIPMASTER
AXISHCETF,NSE,AXISHCETF.NS,Axisamc - Axishcetf,AXISHCETF|Axisamc - Axishcetf,,INF846K01Z12,3608,IIFL_SCRIPMASTER
AXISILVER,NSE,AXISILVER.NS,Axisamc - Axisilver,AXISILVER|Axisamc - Axisilver,,INF846K011K1,11193,IIFL_SCRIPMASTER
AXISNIFTY,NSE,AXISNIFTY.NS,Axisamc - Axisnifty,AXISNIFTY|Axisamc - Axisnifty,,INF846K01W98,21252,IIFL_SCRIPMASTER
AXISTECETF,NSE,AXISTECETF.NS,Axisamc - Axistecetf,AXISTECETF|Axisamc - Axistecetf,,INF846K01Y96,3010,IIFL_SCRIPMASTER
AXISVALUE,NSE,AXISVALUE.NS,Axisamc - Axisvalue,AXISVALUE|Axisamc - Axisvalue,,INF846KA1119,30155,IIFL_SCRIPMASTER
AXSENSEX,NSE,AXSENSEX.NS,Axisamc - Axsensex,AXSENSEX|Axisamc - Axsensex,,INF846K010Q0,14742,IIFL_SCRIPMASTER
AXISCADES,NSE,AXISCADES.NS,Axiscades Tech,AXISCADES|Axiscades Tech|Axiscades Tech Limited,,INE555B01013,9436,IIFL_SCRIPMASTER
AXITA,NSE,AXITA.NS,Axita Cotton,AXITA|Axita Cotton|Axita Cotton Limited,,INE02EZ01022,9902,IIFL_SCRIPMASTER
AYE,NSE,AYE.NS,Aye Finance,AYE|Aye Finance|Aye Finance Limited,,INE501X01029,760981,IIFL_SCRIPMASTER
AYMSYNTEX,NSE,AYMSYNTEX.NS,Aym Syntex,AYMSYNTEX|Aym Syntex|Aym Syntex Limited,,INE193B01039,10285,IIFL_SCRIPMASTER
AZAD,NSE,AZAD.NS,Azad Engineering,AZAD|Azad Engineering|Azad Engineering Limited,,INE02IJ01035,20905,IIFL_SCRIPMASTER
BNALTD,NSE,BNALTD.NS,B & A,B & A|B & A Limited|BNALTD,,INE489D01011,762613,IIFL_SCRIPMASTER
BBTCL,NSE,BBTCL.NS,B&B Triplewall Cont,B&B Triplewall Cont|B&B Triplewall Cont Limited|BBTCL,,INE01EE01011,12153,IIFL_SCRIPMASTER
BAGFILMS,NSE,BAGFILMS.NS,B.A.G Films and Media,B.A.G Films and Media|B.A.G Films and Media Limited|BAGFILMS,,INE116D01028,11226,IIFL_SCRIPMASTER
BLKASHYAP,NSE,BLKASHYAP.NS,B.L.Kashyap & Son,B.L.Kashyap & Son|B.L.Kashyap & Son Limited|BLKASHYAP,,INE350H01032,13290,IIFL_SCRIPMASTER
BAFNAPH,NSE,BAFNAPH.NS,Bafna Pharmaceuticals,BAFNAPH|Bafna Pharmaceuticals|Bafna Pharmaceuticals Limited,,INE878I01022,17742,IIFL_SCRIPMASTER
BAIDFIN,NSE,BAIDFIN.NS,Baid Finserv,BAIDFIN|Baid Finserv|Baid Finserv Limited,,INE020D01022,13794,IIFL_SCRIPMASTER
BAJAJ-AUTO,NSE,BAJAJ-AUTO.NS,Bajaj Auto,BAJAJ-AUTO|Bajaj Auto|Bajaj Auto Limited,,INE917I01010,16669,IIFL_SCRIPMASTER
BAJAJCON,NSE,BAJAJCON.NS,Bajaj Consumer Care,BAJAJCON|Bajaj Consumer Care|Bajaj Consumer Care Limited,,INE933K01021,19531,IIFL_SCRIPMASTER
BAJAJELEC,NSE,BAJAJELEC.NS,Bajaj Elect.,BAJAJELEC|Bajaj Elect.|Bajaj Elect.Limited,,INE193E01025,15034,IIFL_SCRIPMASTER
BAJFINANCE,NSE,BAJFINANCE.NS,Bajaj Finance,BAJFINANCE|Bajaj Finance|Bajaj Finance Limited,,INE296A01032,317,IIFL_SCRIPMASTER
BAJAJFINSV,NSE,BAJAJFINSV.NS,Bajaj Finserv,BAJAJFINSV|Bajaj Finserv|Bajaj Finserv Limited,,INE918I01026,16675,IIFL_SCRIPMASTER
BAJAJHCARE,NSE,BAJAJHCARE.NS,Bajaj Healthcare,BAJAJHCARE|Bajaj Healthcare|Bajaj Healthcare Limited,,INE411U01027,6863,IIFL_SCRIPMASTER
BAJAJHIND,NSE,BAJAJHIND.NS,Bajaj Hindusthan Sugar Lt,BAJAJHIND|Bajaj Hindusthan Sugar Lt,,INE306A01021,308,IIFL_SCRIPMASTER
BAJAJHLDNG,NSE,BAJAJHLDNG.NS,Bajaj Holdings & Invs,BAJAJHLDNG|Bajaj Holdings & Invs|Bajaj Holdings & Invs Limited,,INE118A01012,305,IIFL_SCRIPMASTER
BAJAJHFL,NSE,BAJAJHFL.NS,Bajaj Housing Finance,BAJAJHFL|Bajaj Housing Finance|Bajaj Housing Finance Limited,,INE377Y01014,25270,IIFL_SCRIPMASTER
BAJAJST,NSE,BAJAJST.NS,Bajaj Steel Inds.,BAJAJST|Bajaj Steel Inds.|Bajaj Steel Inds. Limited,,INE704G01024,762563,IIFL_SCRIPMASTER
BAJEL,NSE,BAJEL.NS,Bajel Projects,BAJEL|Bajel Projects|Bajel Projects Limited,,INE0KQN01018,20531,IIFL_SCRIPMASTER
BALPHARMA,NSE,BALPHARMA.NS,Bal Pharma,BALPHARMA|Bal Pharma|Bal Pharma Limited,,INE083D01012,13441,IIFL_SCRIPMASTER
BALAMINES,NSE,BALAMINES.NS,Balaji Amines,BALAMINES|Balaji Amines|Balaji Amines Limited,,INE050E01027,14501,IIFL_SCRIPMASTER
BALAJITELE,NSE,BALAJITELE.NS,Balaji Telefilms,BALAJITELE|Balaji Telefilms|Balaji Telefilms Limited.,,INE794B01026,9158,IIFL_SCRIPMASTER
BALKRISIND,NSE,BALKRISIND.NS,Balkrishna Ind.,BALKRISIND|Balkrishna Ind.|Balkrishna Ind. Limited,,INE787D01026,335,IIFL_SCRIPMASTER
BALKRISHNA,NSE,BALKRISHNA.NS,Balkrishna Paper Mills L,BALKRISHNA|Balkrishna Paper Mills L,,INE875R01011,10181,IIFL_SCRIPMASTER
BALMLAWRIE,NSE,BALMLAWRIE.NS,Balmer Lawrie & Co,BALMLAWRIE|Balmer Lawrie & Co|Balmer Lawrie & Co Limited,,INE164A01016,338,IIFL_SCRIPMASTER
BLIL,NSE,BLIL.NS,Balmer Lawrie Invsts. L,BLIL|Balmer Lawrie Invsts. L,,INE525F01025,762603,IIFL_SCRIPMASTER
BALRAMCHIN,NSE,BALRAMCHIN.NS,Balrampur Chini Mills,BALRAMCHIN|Balrampur Chini Mills|Balrampur Chini Mills Limited,,INE119A01028,341,IIFL_SCRIPMASTER
BALUFORGE,NSE,BALUFORGE.NS,Balu Forge Industries,BALUFORGE|Balu Forge Industries|Balu Forge Industries Limited,,INE011E01029,23607,IIFL_SCRIPMASTER
BANARBEADS,NSE,BANARBEADS.NS,Banaras Beads,BANARBEADS|Banaras Beads|Banaras Beads Limited,,INE655B01011,347,IIFL_SCRIPMASTER
BANCOINDIA,NSE,BANCOINDIA.NS,Banco Products (I),BANCOINDIA|Banco Products (I)|Banco Products (I) Limited,,INE213C01025,13880,IIFL_SCRIPMASTER
BANDHANBNK,NSE,BANDHANBNK.NS,Bandhan Bank,BANDHANBNK|Bandhan Bank|Bandhan Bank Limited,,INE545U01014,2263,IIFL_SCRIPMASTER
GOLDBND,NSE,GOLDBND.NS,Bandhanamc - Goldbnd,Bandhanamc - Goldbnd|GOLDBND,,INF194KB1KJ7,760325,IIFL_SCRIPMASTER
IDFNIFTYET,NSE,IDFNIFTYET.NS,Bandhanamc - Idfniftyet,Bandhanamc - Idfniftyet|IDFNIFTYET,,INF194KA1U07,18783,IIFL_SCRIPMASTER
SILVERBND,NSE,SILVERBND.NS,Bandhanamc - Silverbnd,Bandhanamc - Silverbnd|SILVERBND,,INF194KB1KI9,760328,IIFL_SCRIPMASTER
BANG,NSE,BANG.NS,Bang Overseas,BANG|Bang Overseas|Bang Overseas Limited,,INE863I01016,15303,IIFL_SCRIPMASTER
BANKBARODA,NSE,BANKBARODA.NS,Bank of Baroda,BANKBARODA|Bank of Baroda,,INE028A01039,4668,IIFL_SCRIPMASTER
BANKINDIA,NSE,BANKINDIA.NS,Bank of India,BANKINDIA|Bank of India,,INE084A01016,4745,IIFL_SCRIPMASTER
MAHABANK,NSE,MAHABANK.NS,Bank of Maharashtra,Bank of Maharashtra|MAHABANK,,INE457A01014,11377,IIFL_SCRIPMASTER
BASML,NSE,BASML.NS,Bannari Am Spin Mill,BASML|Bannari Am Spin Mill|Bannari Am Spin Mill Limited,,INE186H01022,12034,IIFL_SCRIPMASTER
BANARISUG,NSE,BANARISUG.NS,Bannari Amman Sugars,BANARISUG|Bannari Amman Sugars|Bannari Amman Sugars Limited,,INE459A01010,350,IIFL_SCRIPMASTER
BANSALWIRE,NSE,BANSALWIRE.NS,Bansal Wire Industries L,BANSALWIRE|Bansal Wire Industries L,,INE0B9K01025,24386,IIFL_SCRIPMASTER
BANSWRAS,NSE,BANSWRAS.NS,Banswara Syntex,BANSWRAS|Banswara Syntex|Banswara Syntex Limited,,INE629D01020,14511,IIFL_SCRIPMASTER
BVCL,NSE,BVCL.NS,Barak Valley Cem.,BVCL|Barak Valley Cem.|Barak Valley Cem. Limited,,INE139I01011,15073,IIFL_SCRIPMASTER
BBNPNBETF,NSE,BBNPNBETF.NS,Barodabnp - Bbnpnbetf,BBNPNBETF|Barodabnp - Bbnpnbetf,,INF251K01TL6,24117,IIFL_SCRIPMASTER
BBNPPGOLD,NSE,BBNPPGOLD.NS,Barodabnp - Bbnppgold,BBNPPGOLD|Barodabnp - Bbnppgold,,INF251K01SU9,20547,IIFL_SCRIPMASTER
ASMS,NSE,ASMS.NS,Bartronics India,ASMS|Bartronics India|Bartronics India Limited,,INE855F01042,14064,IIFL_SCRIPMASTER
BASF,NSE,BASF.NS,Basf India,BASF|Basf India|Basf India Limited,,INE373A01013,368,IIFL_SCRIPMASTER
BATAINDIA,NSE,BATAINDIA.NS,Bata India,BATAINDIA|Bata India|Bata India Limited,,INE176A01028,371,IIFL_SCRIPMASTER
BATLIBOI,NSE,BATLIBOI.NS,Batliboi,BATLIBOI|Batliboi|Batliboi Limited,,INE177C01022,762568,IIFL_SCRIPMASTER
BAYERCROP,NSE,BAYERCROP.NS,Bayer Cropscience,BAYERCROP|Bayer Cropscience|Bayer Cropscience Limited,,INE462A01022,17927,IIFL_SCRIPMASTER
BCLIND,NSE,BCLIND.NS,Bcl Industries,BCLIND|Bcl Industries|Bcl Industries Limited,,INE412G01024,2513,IIFL_SCRIPMASTER
BCPL,NSE,BCPL.NS,Bcpl Railway Infra,BCPL|Bcpl Railway Infra|Bcpl Railway Infra Limited,,INE00SW01015,761494,IIFL_SCRIPMASTER
BEARDSELL,NSE,BEARDSELL.NS,Beardsell,BEARDSELL|Beardsell|Beardsell Limited,,INE520H01022,17933,IIFL_SCRIPMASTER
BEDMUTHA,NSE,BEDMUTHA.NS,Bedmutha Indust,BEDMUTHA|Bedmutha Indust|Bedmutha Indust Limited,,INE844K01012,20196,IIFL_SCRIPMASTER
BEEKAY,NSE,BEEKAY.NS,Beekay Steel Inds.,BEEKAY|Beekay Steel Inds.|Beekay Steel Inds. Limited,,INE213D01015,762573,IIFL_SCRIPMASTER
BELLACASA,NSE,BELLACASA.NS,Bella Casa Fash and Ret L,BELLACASA|Bella Casa Fash and Ret L,,INE344T01014,757938,IIFL_SCRIPMASTER
BELRISE,NSE,BELRISE.NS,Belrise Industries,BELRISE|Belrise Industries|Belrise Industries Limited,,INE894V01022,757102,IIFL_SCRIPMASTER
BEML,NSE,BEML.NS,Beml,BEML|Beml|Beml Limited,,INE258A01024,395,IIFL_SCRIPMASTER
BLAL,NSE,BLAL.NS,Beml Land Assets,BLAL|Beml Land Assets|Beml Land Assets Limited,,INE0N7W01012,15067,IIFL_SCRIPMASTER
BENGALASM,NSE,BENGALASM.NS,Bengal & Assam Co.,BENGALASM|Bengal & Assam Co.|Bengal & Assam Co. Limited,,INE083K01017,762578,IIFL_SCRIPMASTER
BERGEPAINT,NSE,BERGEPAINT.NS,Berger Paints (I),BERGEPAINT|Berger Paints (I)|Berger Paints (I) Limited,,INE463A01038,404,IIFL_SCRIPMASTER
BESTAGRO,NSE,BESTAGRO.NS,Best Agrolife,BESTAGRO|Best Agrolife|Best Agrolife Limited,,INE052T01021,2306,IIFL_SCRIPMASTER
BETA,NSE,BETA.NS,Beta Drugs,BETA|Beta Drugs|Beta Drugs Limited,,INE351Y01019,759842,IIFL_SCRIPMASTER
BFINVEST,NSE,BFINVEST.NS,Bf Investment,BFINVEST|Bf Investment|Bf Investment Limited,,INE878K01010,21113,IIFL_SCRIPMASTER
BFUTILITIE,NSE,BFUTILITIE.NS,Bf UTIlities,BFUTILITIE|Bf UTIlities|Bf UTIlities Limited,,INE243D01012,14567,IIFL_SCRIPMASTER
BANKBETF,NSE,BANKBETF.NS,Bfam - Bankbetf,BANKBETF|Bfam - Bankbetf,,INF0QA701714,21986,IIFL_SCRIPMASTER
LIQUIDBETF,NSE,LIQUIDBETF.NS,Bfam - Liquidbetf,Bfam - Liquidbetf|LIQUIDBETF,,INF0QA701854,23915,IIFL_SCRIPMASTER
NIFTYBETF,NSE,NIFTYBETF.NS,Bfam - Niftybetf,Bfam - Niftybetf|NIFTYBETF,,INF0QA701722,21959,IIFL_SCRIPMASTER
BHAGERIA,NSE,BHAGERIA.NS,Bhageria Industries,BHAGERIA|Bhageria Industries|Bhageria Industries Limited,,INE354C01027,13400,IIFL_SCRIPMASTER
BHAGCHEM,NSE,BHAGCHEM.NS,Bhagiradha Chem & Inds L,BHAGCHEM|Bhagiradha Chem & Inds L,,INE414D01027,6164,IIFL_SCRIPMASTER
BEPL,NSE,BEPL.NS,Bhansali Eng. Polymers Lt,BEPL|Bhansali Eng. Polymers Lt,,INE922A01025,419,IIFL_SCRIPMASTER
BBL,NSE,BBL.NS,Bharat Bijlee,BBL|Bharat Bijlee|Bharat Bijlee Limited,,INE464A01036,13761,IIFL_SCRIPMASTER
BHARATCOAL,NSE,BHARATCOAL.NS,Bharat Coking Coal,BHARATCOAL|Bharat Coking Coal|Bharat Coking Coal Limited,,INE05XR01022,760726,IIFL_SCRIPMASTER
BDL,NSE,BDL.NS,Bharat Dynamics,BDL|Bharat Dynamics|Bharat Dynamics Limited,,INE171Z01026,2144,IIFL_SCRIPMASTER
BEL,NSE,BEL.NS,Bharat Electronics,BEL|Bharat Electronics|Bharat Electronics Limited,,INE263A01024,383,IIFL_SCRIPMASTER
BHARATFORG,NSE,BHARATFORG.NS,Bharat Forge,BHARATFORG|Bharat Forge|Bharat Forge Limited,,INE465A01025,422,IIFL_SCRIPMASTER
BHARATGEAR,NSE,BHARATGEAR.NS,Bharat Gears,BHARATGEAR|Bharat Gears|Bharat Gears Limited,,INE561C01019,426,IIFL_SCRIPMASTER
BPCL,NSE,BPCL.NS,Bharat Petroleum Corp Lt,BPCL|Bharat Petroleum Corp Lt,,INE029A01011,526,IIFL_SCRIPMASTER
BHARATRAS,NSE,BHARATRAS.NS,Bharat Rasayan,BHARATRAS|Bharat Rasayan|Bharat Rasayan Limited,,INE838B01021,3834,IIFL_SCRIPMASTER
BRNL,NSE,BRNL.NS,Bharat Road Network,BRNL|Bharat Road Network|Bharat Road Network Limited,,INE727S01012,21683,IIFL_SCRIPMASTER
BHARATSE,NSE,BHARATSE.NS,Bharat Seats,BHARATSE|Bharat Seats|Bharat Seats Limited,,INE415D01024,30244,IIFL_SCRIPMASTER
BHARATWIRE,NSE,BHARATWIRE.NS,Bharat Wire Ropes,BHARATWIRE|Bharat Wire Ropes|Bharat Wire Ropes Limited,,INE316L01019,16123,IIFL_SCRIPMASTER
BHARTIARTL,NSE,BHARTIARTL.NS,Bharti Airtel,BHARTIARTL|Bharti Airtel|Bharti Airtel Limited,,INE397D01024,10604,IIFL_SCRIPMASTER
BHARTIHEXA,NSE,BHARTIHEXA.NS,Bharti Hexacom,BHARTIHEXA|Bharti Hexacom|Bharti Hexacom Limited,,INE343G01021,23489,IIFL_SCRIPMASTER
BIL,NSE,BIL.NS,Bhartiya International,BIL|Bhartiya International,,INE828A01016,7848,IIFL_SCRIPMASTER
BHEL,NSE,BHEL.NS,Bhel,BHEL|Bhel,,INE257A01026,438,IIFL_SCRIPMASTER
BTTL,NSE,BTTL.NS,Bhilwara Technical Text L,BTTL|Bhilwara Technical Text L,,INE274K01012,762618,IIFL_SCRIPMASTER
BIGBLOC,NSE,BIGBLOC.NS,Bigbloc Construction,BIGBLOC|Bigbloc Construction|Bigbloc Construction Limited,,INE412U01025,18431,IIFL_SCRIPMASTER
BIKAJI,NSE,BIKAJI.NS,Bikaji Foods Intern,BIKAJI|Bikaji Foods Intern|Bikaji Foods Intern Limited,,INE00E101023,11966,IIFL_SCRIPMASTER
BI,NSE,BI.NS,Bilcare,BI|Bilcare|Bilcare Limited,,INE986A01012,762583,IIFL_SCRIPMASTER
GROWW,NSE,GROWW.NS,Billionbrains Garage Vn L,Billionbrains Garage Vn L|GROWW,,INE0HOQ01053,759806,IIFL_SCRIPMASTER
BIMETAL,NSE,BIMETAL.NS,Bimetal Bearings,BIMETAL|Bimetal Bearings|Bimetal Bearings Limited,,INE469A01019,762588,IIFL_SCRIPMASTER
BIOCON,NSE,BIOCON.NS,Biocon,BIOCON|Biocon|Biocon Limited.,,INE376G01013,11373,IIFL_SCRIPMASTER
BIOFILCHEM,NSE,BIOFILCHEM.NS,Biofil Chem & Pharma,BIOFILCHEM|Biofil Chem & Pharma|Biofil Chem & Pharma Limited,,INE829A01014,4136,IIFL_SCRIPMASTER
BIRLACORPN,NSE,BIRLACORPN.NS,Birla,BIRLACORPN|Birla|Birla Corporation Limited,,INE340A01012,480,IIFL_SCRIPMASTER
BIRLAPREC,NSE,BIRLAPREC.NS,Birla Precision Tech L,BIRLAPREC|Birla Precision Tech L,,INE372E01025,762593,IIFL_SCRIPMASTER
BIRLANU,NSE,BIRLANU.NS,Birlanu,BIRLANU|Birlanu|Birlanu Limited,,INE557A01011,1455,IIFL_SCRIPMASTER
ABGSEC,NSE,ABGSEC.NS,Birlaslamc - Abgsec,ABGSEC|Birlaslamc - Abgsec,,INF209KC1134,24404,IIFL_SCRIPMASTER
ABSL10BANK,NSE,ABSL10BANK.NS,Birlaslamc - Absl10Bank,ABSL10BANK|Birlaslamc - Absl10Bank,,INF209KC1670,760247,IIFL_SCRIPMASTER
ABSLBANETF,NSE,ABSLBANETF.NS,Birlaslamc - Abslbanetf,ABSLBANETF|Birlaslamc - Abslbanetf,,INF209KB17D5,13987,IIFL_SCRIPMASTER
ABSLLIQUID,NSE,ABSLLIQUID.NS,Birlaslamc - Abslliquid,ABSLLIQUID|Birlaslamc - Abslliquid,,INF209KB18T9,14518,IIFL_SCRIPMASTER
ABSLMSCIN,NSE,ABSLMSCIN.NS,Birlaslamc - Abslmscin,ABSLMSCIN|Birlaslamc - Abslmscin,,INF209KC1662,761066,IIFL_SCRIPMASTER
ABSLNN50ET,NSE,ABSLNN50ET.NS,Birlaslamc - Abslnn50Et,ABSLNN50ET|Birlaslamc - Abslnn50Et,,INF209KB16D7,7339,IIFL_SCRIPMASTER
BSLSENETFG,NSE,BSLSENETFG.NS,Birlaslamc - Bslsenetfg,BSLSENETFG|Birlaslamc - Bslsenetfg,,INF209KB10E8,5957,IIFL_SCRIPMASTER
GSEC10ABSL,NSE,GSEC10ABSL.NS,Birlaslamc - Gsec10Absl,Birlaslamc - Gsec10Absl|GSEC10ABSL,,INF209KC1142,24847,IIFL_SCRIPMASTER
HEALTHY,NSE,HEALTHY.NS,Birlaslamc - Healthy,Birlaslamc - Healthy|HEALTHY,,INF209KB10C2,6297,IIFL_SCRIPMASTER
MOMENTUM,NSE,MOMENTUM.NS,Birlaslamc - Momentum,Birlaslamc - Momentum|MOMENTUM,,INF209KB14K7,10693,IIFL_SCRIPMASTER
NIFTYQLITY,NSE,NIFTYQLITY.NS,Birlaslamc - Niftyqlity,Birlaslamc - Niftyqlity|NIFTYQLITY,,INF209KB15K4,10690,IIFL_SCRIPMASTER
SILVER,NSE,SILVER.NS,Birlaslamc - Silver,Birlaslamc - Silver|SILVER,,INF209KB19F6,8003,IIFL_SCRIPMASTER
TECH,NSE,TECH.NS,Birlaslamc - Tech,Birlaslamc - Tech|TECH,,INF209KB11D8,6462,IIFL_SCRIPMASTER
ABSLPSE,NSE,ABSLPSE.NS,Birlaslamc-Abslpse,ABSLPSE|Birlaslamc-Abslpse,,INF209KB19Z4,23806,IIFL_SCRIPMASTER
BSOFT,NSE,BSOFT.NS,Birlasoft,BSOFT|Birlasoft|Birlasoft Limited,,INE836A01035,6994,IIFL_SCRIPMASTER
BBOX,NSE,BBOX.NS,Black Box,BBOX|Black Box|Black Box Limited,,INE676A01027,3435,IIFL_SCRIPMASTER
BLACKROSE,NSE,BLACKROSE.NS,Black Rose Inds.,BLACKROSE|Black Rose Inds.|Black Rose Inds. Limited,,INE761G01016,762598,IIFL_SCRIPMASTER
BLACKBUCK,NSE,BLACKBUCK.NS,Blackbuck,BLACKBUCK|Blackbuck|Blackbuck Limited,,INE0UIZ01018,27144,IIFL_SCRIPMASTER
BLISSGVS,NSE,BLISSGVS.NS,Bliss Gvs Pharma,BLISSGVS|Bliss Gvs Pharma|Bliss Gvs Pharma Limited,,INE416D01022,19265,IIFL_SCRIPMASTER
BLSE,NSE,BLSE.NS,Bls E-Services,BLSE|Bls E-Services|Bls E-Services Limited,,INE0NLT01010,22566,IIFL_SCRIPMASTER
BLS,NSE,BLS.NS,Bls Intl Servs,BLS|Bls Intl Servs|Bls Intl Servs Limited,,INE153T01027,17279,IIFL_SCRIPMASTER
BLUECHIP,NSE,BLUECHIP.NS,Blue Chip India,BLUECHIP|Blue Chip India|Blue Chip India Limited,,INE657B01025,4681,IIFL_SCRIPMASTER
BLUEDART,NSE,BLUEDART.NS,Blue Dart Express,BLUEDART|Blue Dart Express|Blue Dart Express Limited,,INE233B01017,495,IIFL_SCRIPMASTER
BLUEJET,NSE,BLUEJET.NS,Blue Jet Healthcare,BLUEJET|Blue Jet Healthcare|Blue Jet Healthcare Limited,,INE0KBH01020,19686,IIFL_SCRIPMASTER
BLUESTARCO,NSE,BLUESTARCO.NS,Blue Star,BLUESTARCO|Blue Star|Blue Star Limited,,INE472A01039,8311,IIFL_SCRIPMASTER
BLUESTONE,NSE,BLUESTONE.NS,Bluestone Jewel Lfstl,BLUESTONE|Bluestone Jewel Lfstl|Bluestone Jewel Lfstl Limited,,INE304W01038,759291,IIFL_SCRIPMASTER
BLUSPRING,NSE,BLUSPRING.NS,Bluspring Enterprises,BLUSPRING|Bluspring Enterprises|Bluspring Enterprises Limited,,INE0U4101014,757520,IIFL_SCRIPMASTER
BMWVENTLTD,NSE,BMWVENTLTD.NS,Bmw Ventures,BMWVENTLTD|Bmw Ventures|Bmw Ventures Limited,,INE965W01036,759256,IIFL_SCRIPMASTER
BTML,NSE,BTML.NS,Bodhi Tree Multimedia,BTML|Bodhi Tree Multimedia|Bodhi Tree Multimedia Limited,,INE0EEJ01023,14150,IIFL_SCRIPMASTER
BBTC,NSE,BBTC.NS,Bombay Burmah Trading Cor,BBTC|Bombay Burmah Trading Cor,,INE050A01025,380,IIFL_SCRIPMASTER
BOMDYEING,NSE,BOMDYEING.NS,Bombay Dyeing & Mfg. Co L,BOMDYEING|Bombay Dyeing & Mfg. Co L,,INE032A01023,513,IIFL_SCRIPMASTER
BONLON,NSE,BONLON.NS,Bonlon Industries,BONLON|Bonlon Industries|Bonlon Industries Limited,,INE0B9A01018,761056,IIFL_SCRIPMASTER
BORANA,NSE,BORANA.NS,Borana Weaves,BORANA|Borana Weaves|Borana Weaves Limited,,INE16SF01016,757919,IIFL_SCRIPMASTER
BOROLTD,NSE,BOROLTD.NS,Borosil,BOROLTD|Borosil|Borosil Limited,,INE02PY01013,19401,IIFL_SCRIPMASTER
BORORENEW,NSE,BORORENEW.NS,Borosil Renewables,BORORENEW|Borosil Renewables|Borosil Renewables Limited,,INE666D01022,3149,IIFL_SCRIPMASTER
BOROSCI,NSE,BOROSCI.NS,Borosil Scientific,BOROSCI|Borosil Scientific|Borosil Scientific Limited,,INE02L001032,24014,IIFL_SCRIPMASTER
BOSCHLTD,NSE,BOSCHLTD.NS,Bosch,BOSCHLTD|Bosch|Bosch Limited,,INE323A01026,2181,IIFL_SCRIPMASTER
BOSCH-HCIL,NSE,BOSCH-HCIL.NS,Bosch Home Comfrt Ind,BOSCH-HCIL|Bosch Home Comfrt Ind|Bosch Home Comfrt Ind Limited,,INE782A01015,4491,IIFL_SCRIPMASTER
BPL,NSE,BPL.NS,Bpl,BPL|Bpl|Bpl Limited,,INE110A01019,530,IIFL_SCRIPMASTER
FIRSTCRY,NSE,FIRSTCRY.NS,Brainbees Solutions,Brainbees Solutions|Brainbees Solutions Limited|FIRSTCRY,,INE02RE01045,24814,IIFL_SCRIPMASTER
BCONCEPTS,NSE,BCONCEPTS.NS,Brand Concepts,BCONCEPTS|Brand Concepts|Brand Concepts Limited,,INE977Y01011,7780,IIFL_SCRIPMASTER
BRIGADE,NSE,BRIGADE.NS,Brigade Enter.,BRIGADE|Brigade Enter.|Brigade Enter. Limited,,INE791I01019,15184,IIFL_SCRIPMASTER
BRIGHOTEL,NSE,BRIGHOTEL.NS,Brigade Hotel Venture,BRIGHOTEL|Brigade Hotel Venture|Brigade Hotel Venture Limited,,INE03NU01014,757794,IIFL_SCRIPMASTER
BCG,NSE,BCG.NS,Brightcom Group,BCG|Brightcom Group|Brightcom Group Limited,,INE425B01027,8833,IIFL_SCRIPMASTER
BRITANNIA,NSE,BRITANNIA.NS,Britannia Industries,BRITANNIA|Britannia Industries|Britannia Industries Limited,,INE216A01030,547,IIFL_SCRIPMASTER
BSE,NSE,BSE.NS,Bse,BSE|Bse|Bse Limited,,INE118H01025,19585,IIFL_SCRIPMASTER
BSL,NSE,BSL.NS,Bsl,BSL|Bsl|Bsl Limited,,INE594B01012,559,IIFL_SCRIPMASTER
BUTTERFLY,NSE,BUTTERFLY.NS,Btrfly Gandhi Appl,BUTTERFLY|Btrfly Gandhi Appl|Btrfly Gandhi Appl Limited,,INE295F01017,2716,IIFL_SCRIPMASTER
MAPMYINDIA,NSE,MAPMYINDIA.NS,C.E. Info Systems,C.E. Info Systems|C.E. Info Systems Limited|MAPMYINDIA,,INE0BV301023,7227,IIFL_SCRIPMASTER
CTE,NSE,CTE.NS,Cambridge Tech Enter,CTE|Cambridge Tech Enter|Cambridge Tech Enter Limited,,INE627H01017,14218,IIFL_SCRIPMASTER
CAMLINFINE,NSE,CAMLINFINE.NS,Camlin Fine Sciences,CAMLINFINE|Camlin Fine Sciences|Camlin Fine Sciences Limited,,INE052I01032,6216,IIFL_SCRIPMASTER
CAMPUS,NSE,CAMPUS.NS,Campus Activewear,CAMPUS|Campus Activewear|Campus Activewear Limited,,INE278Y01022,9362,IIFL_SCRIPMASTER
CANFINHOME,NSE,CANFINHOME.NS,Can Fin Homes,CANFINHOME|Can Fin Homes|Can Fin Homes Limited,,INE477A01020,583,IIFL_SCRIPMASTER
CANBK,NSE,CANBK.NS,Canara Bank,CANBK|Canara Bank,,INE476A01022,10794,IIFL_SCRIPMASTER
CANHLIFE,NSE,CANHLIFE.NS,Canara Hsbc Life Ins Co L,CANHLIFE|Canara Hsbc Life Ins Co L,,INE01TY01017,759477,IIFL_SCRIPMASTER
CRAMC,NSE,CRAMC.NS,Canara Robeco Amc,CRAMC|Canara Robeco Amc|Canara Robeco Amc Limited,,INE218I01013,759311,IIFL_SCRIPMASTER
CANTABIL,NSE,CANTABIL.NS,Cantabil Retail,CANTABIL|Cantabil Retail|Cantabil Retail Limited,,INE068L01024,20160,IIFL_SCRIPMASTER
CAPACITE,NSE,CAPACITE.NS,Capacite Infraproject,CAPACITE|Capacite Infraproject|Capacite Infraproject Limited,,INE264T01014,21749,IIFL_SCRIPMASTER
CAPILLARY,NSE,CAPILLARY.NS,Capillary Techno India L,CAPILLARY|Capillary Techno India L,,INE0ILV01024,759867,IIFL_SCRIPMASTER
CIFL,NSE,CIFL.NS,Capital India Finance,CIFL|Capital India Finance|Capital India Finance Limited,,INE345H01024,756015,IIFL_SCRIPMASTER
CAPITALSFB,NSE,CAPITALSFB.NS,Capital Small Fin Bank L,CAPITALSFB|Capital Small Fin Bank L,,INE646H01017,22675,IIFL_SCRIPMASTER
CAPLIPOINT,NSE,CAPLIPOINT.NS,Caplin Point Lab,CAPLIPOINT|Caplin Point Lab|Caplin Point Lab Limited,,INE475E01026,3906,IIFL_SCRIPMASTER
CGCL,NSE,CGCL.NS,Capri Global Capital,CGCL|Capri Global Capital|Capri Global Capital Limited,,INE180C01042,20329,IIFL_SCRIPMASTER
CARBORUNIV,NSE,CARBORUNIV.NS,Carborundum Universal,CARBORUNIV|Carborundum Universal|Carborundum Universal Limited,,INE120A01034,595,IIFL_SCRIPMASTER
CARERATING,NSE,CARERATING.NS,Care Ratings,CARERATING|Care Ratings|Care Ratings Limited,,INE752H01013,29113,IIFL_SCRIPMASTER
CPEDU,NSE,CPEDU.NS,Career Point Edutech,CPEDU|Career Point Edutech|Career Point Edutech Limited,,INE0P6P01016,758941,IIFL_SCRIPMASTER
CARRARO,NSE,CARRARO.NS,Carraro India,CARRARO|Carraro India|Carraro India Limited,,INE0V7W01012,28879,IIFL_SCRIPMASTER
CARTRADE,NSE,CARTRADE.NS,Cartrade Tech,CARTRADE|Cartrade Tech|Cartrade Tech Limited,,INE290S01011,5407,IIFL_SCRIPMASTER
CARYSIL,NSE,CARYSIL.NS,Carysil,CARYSIL|Carysil|Carysil Limited,,INE482D01024,1879,IIFL_SCRIPMASTER
CASTROLIND,NSE,CASTROLIND.NS,Castrol India,CASTROLIND|Castrol India|Castrol India Limited,,INE172A01027,1250,IIFL_SCRIPMASTER
CCL,NSE,CCL.NS,Ccl Products (I),CCL|Ccl Products (I)|Ccl Products (I) Limited,,INE421D01022,11452,IIFL_SCRIPMASTER
CEATLTD,NSE,CEATLTD.NS,Ceat,CEATLTD|Ceat|Ceat Limited,,INE482A01020,15254,IIFL_SCRIPMASTER
CEIGALL,NSE,CEIGALL.NS,Ceigall India,CEIGALL|Ceigall India|Ceigall India Limited,,INE0AG901020,24742,IIFL_SCRIPMASTER
CEINSYS,NSE,CEINSYS.NS,Ceinsys Tech,CEINSYS|Ceinsys Tech|Ceinsys Tech Limited,,INE016Q01014,761037,IIFL_SCRIPMASTER
CELEBRITY,NSE,CELEBRITY.NS,Celebrity Fashions,CELEBRITY|Celebrity Fashions|Celebrity Fashions Limited,,INE185H01016,13162,IIFL_SCRIPMASTER
CELLO,NSE,CELLO.NS,Cello World,CELLO|Cello World|Cello World Limited,,INE0LMW01024,19795,IIFL_SCRIPMASTER
CEMPRO,NSE,CEMPRO.NS,Cemindia Projects,CEMPRO|Cemindia Projects|Cemindia Projects Limited,,INE686A01026,5622,IIFL_SCRIPMASTER
CENTRALBK,NSE,CENTRALBK.NS,Central Bank of India,CENTRALBK|Central Bank of India,,INE483A01010,14894,IIFL_SCRIPMASTER
CDSL,NSE,CDSL.NS,Central Depo Ser (I),CDSL|Central Depo Ser (I)|Central Depo Ser (I) Limited,,INE736A01011,21174,IIFL_SCRIPMASTER
CMPDI,NSE,CMPDI.NS,Central Mine P N D Inst L,CMPDI|Central Mine P N D Inst L,,INE05HV01027,761581,IIFL_SCRIPMASTER
CENTRUM,NSE,CENTRUM.NS,Centrum Capital,CENTRUM|Centrum Capital|Centrum Capital Limited,,INE660C01027,2454,IIFL_SCRIPMASTER
CENTUM,NSE,CENTUM.NS,Centum Electronics,CENTUM|Centum Electronics|Centum Electronics Limited,,INE320B01020,14982,IIFL_SCRIPMASTER
CENTENKA,NSE,CENTENKA.NS,Century Enka,CENTENKA|Century Enka|Century Enka Limited,,INE485A01015,619,IIFL_SCRIPMASTER
CENTEXT,NSE,CENTEXT.NS,Century Extrusions,CENTEXT|Century Extrusions|Century Extrusions Limited,,INE281A01026,11511,IIFL_SCRIPMASTER
CENTURYPLY,NSE,CENTURYPLY.NS,Century Plyboards (I),CENTURYPLY|Century Plyboards (I)|Century Plyboards (I) Limited,,INE348B01021,13305,IIFL_SCRIPMASTER
CERA,NSE,CERA.NS,Cera Sanitaryware,CERA|Cera Sanitaryware|Cera Sanitaryware Limited,,INE739E01017,15039,IIFL_SCRIPMASTER
CESC,NSE,CESC.NS,Cesc,CESC|Cesc|Cesc Limited,,INE486A01021,628,IIFL_SCRIPMASTER
CGPOWER,NSE,CGPOWER.NS,Cg Power and Ind Sol,CGPOWER|Cg Power and Ind Sol|Cg Power and Ind Sol Limited,,INE067A01029,760,IIFL_SCRIPMASTER
CHALET,NSE,CHALET.NS,Chalet Hotels,CHALET|Chalet Hotels|Chalet Hotels Limited,,INE427F01016,8546,IIFL_SCRIPMASTER
CLSEL,NSE,CLSEL.NS,Chaman Lal Setia Exp,CLSEL|Chaman Lal Setia Exp|Chaman Lal Setia Exp Limited,,INE419D01026,3482,IIFL_SCRIPMASTER
CHAMBLFERT,NSE,CHAMBLFERT.NS,Chambal Fertilizers,CHAMBLFERT|Chambal Fertilizers|Chambal Fertilizers Limited,,INE085A01013,637,IIFL_SCRIPMASTER
CHEMCON,NSE,CHEMCON.NS,Chemcon Special Chem,CHEMCON|Chemcon Special Chem|Chemcon Special Chem Limited,,INE03YM01018,270,IIFL_SCRIPMASTER
CHEMPLASTS,NSE,CHEMPLASTS.NS,Chemplast Sanmar,CHEMPLASTS|Chemplast Sanmar|Chemplast Sanmar Limited,,INE488A01050,5449,IIFL_SCRIPMASTER
CHENNPETRO,NSE,CHENNPETRO.NS,Chennai Petroleum Corp Lt,CHENNPETRO|Chennai Petroleum Corp Lt,,INE178A01016,2049,IIFL_SCRIPMASTER
CHEVIOT,NSE,CHEVIOT.NS,Cheviot Company,CHEVIOT|Cheviot Company|Cheviot Company Limited,,INE974B01016,9879,IIFL_SCRIPMASTER
CHOICEIN,NSE,CHOICEIN.NS,Choice International,CHOICEIN|Choice International|Choice International Limited,,INE102B01014,8866,IIFL_SCRIPMASTER
CHOICEGOLD,NSE,CHOICEGOLD.NS,Choiceamc - Choicegold,CHOICEGOLD|Choiceamc - Choicegold,,INF2KCX01012,759610,IIFL_SCRIPMASTER
CHOLAHLDNG,NSE,CHOLAHLDNG.NS,Cholamandalam Fin Hol,CHOLAHLDNG|Cholamandalam Fin Hol|Cholamandalam Fin Hol Limited,,INE149A01033,21740,IIFL_SCRIPMASTER
CHOLAFIN,NSE,CHOLAFIN.NS,Cholamandalam In & Fin Co,CHOLAFIN|Cholamandalam In & Fin Co,,INE121A01024,685,IIFL_SCRIPMASTER
CIEINDIA,NSE,CIEINDIA.NS,Cie Automotive India,CIEINDIA|Cie Automotive India|Cie Automotive India Limited,,INE536H01010,14937,IIFL_SCRIPMASTER
CINELINE,NSE,CINELINE.NS,Cineline India,CINELINE|Cineline India|Cineline India Limited,,INE704H01022,27161,IIFL_SCRIPMASTER
CINEVISTA,NSE,CINEVISTA.NS,Cinevista,CINEVISTA|Cinevista|Cinevista Limited,,INE039B01026,8024,IIFL_SCRIPMASTER
CIPLA,NSE,CIPLA.NS,Cipla,CIPLA|Cipla|Cipla Limited,,INE059A01026,694,IIFL_SCRIPMASTER
CUB,NSE,CUB.NS,City Union Bank,CUB|City Union Bank|City Union Bank Limited,,INE491A01021,5701,IIFL_SCRIPMASTER
CLEDUCATE,NSE,CLEDUCATE.NS,Cl Educate,CLEDUCATE|Cl Educate|Cl Educate Limited,,INE201M01029,20223,IIFL_SCRIPMASTER
CLEANMAX,NSE,CLEANMAX.NS,Clean Max Enviro En Sol L,CLEANMAX|Clean Max Enviro En Sol L,,INE647U01026,760183,IIFL_SCRIPMASTER
CLEAN,NSE,CLEAN.NS,Clean Science & Tech,CLEAN|Clean Science & Tech|Clean Science & Tech Limited,,INE227W01023,5049,IIFL_SCRIPMASTER
CMSINFO,NSE,CMSINFO.NS,Cms Info Systems,CMSINFO|Cms Info Systems|Cms Info Systems Limited,,INE925R01014,7603,IIFL_SCRIPMASTER
COALINDIA,NSE,COALINDIA.NS,Coal India,COALINDIA|Coal India|Coal India Limited,,INE522F01014,20374,IIFL_SCRIPMASTER
COASTCORP,NSE,COASTCORP.NS,Coastal,COASTCORP|Coastal|Coastal Corporation Limited,,INE377E01024,6006,IIFL_SCRIPMASTER
COCHINSHIP,NSE,COCHINSHIP.NS,Cochin Shipyard,COCHINSHIP|Cochin Shipyard|Cochin Shipyard Limited,,INE704P01025,21508,IIFL_SCRIPMASTER
COFFEEDAY,NSE,COFFEEDAY.NS,Coffee Day Enterprise,COFFEEDAY|Coffee Day Enterprise|Coffee Day Enterprise Limited,,INE335K01011,11165,IIFL_SCRIPMASTER
COFORGE,NSE,COFORGE.NS,Coforge,COFORGE|Coforge|Coforge Limited,,INE591G01025,11543,IIFL_SCRIPMASTER
COHANCE,NSE,COHANCE.NS,Cohance Lifesciences,COHANCE|Cohance Lifesciences|Cohance Lifesciences Limited,,INE03QK01018,17945,IIFL_SCRIPMASTER
COLPAL,NSE,COLPAL.NS,Colgate Palmolive,COLPAL|Colgate Palmolive|Colgate Palmolive Limited,,INE259A01022,15141,IIFL_SCRIPMASTER
COMFINTE,NSE,COMFINTE.NS,Comfort Intech,COMFINTE|Comfort Intech|Comfort Intech Limited,,INE819A01049,762628,IIFL_SCRIPMASTER
COMSYN,NSE,COMSYN.NS,Commercial Syn Bags,COMSYN|Commercial Syn Bags|Commercial Syn Bags Limited,,INE073V01015,21578,IIFL_SCRIPMASTER
COMPUSOFT,NSE,COMPUSOFT.NS,Compucom Software,COMPUSOFT|Compucom Software|Compucom Software Limited,,INE453B01029,31138,IIFL_SCRIPMASTER
CAMS,NSE,CAMS.NS,Computer Age Mngt Ser,CAMS|Computer Age Mngt Ser|Computer Age Mngt Ser Limited,,INE596I01020,342,IIFL_SCRIPMASTER
CONCORDBIO,NSE,CONCORDBIO.NS,Concord Biotech,CONCORDBIO|Concord Biotech|Concord Biotech Limited,,INE338H01029,18060,IIFL_SCRIPMASTER
CEWATER,NSE,CEWATER.NS,Concord Enviro Systems L,CEWATER|Concord Enviro Systems L,,INE037Z01029,28764,IIFL_SCRIPMASTER
CONFIPET,NSE,CONFIPET.NS,Confidence Petro Ind,CONFIPET|Confidence Petro Ind|Confidence Petro Ind Limited,,INE552D01024,10238,IIFL_SCRIPMASTER
CCCL,NSE,CCCL.NS,Cons. Const. Consort,CCCL|Cons. Const. Consort|Cons. Const. Consort Limited,,INE429I01024,14992,IIFL_SCRIPMASTER
CONSOFINVT,NSE,CONSOFINVT.NS,Conso. Fin. & Hold.,CONSOFINVT|Conso. Fin. & Hold.|Conso. Fin. & Hold. Limited,,INE025A01027,11731,IIFL_SCRIPMASTER
CONCOR,NSE,CONCOR.NS,Container Corp of Ind,CONCOR|Container Corp of Ind|Container Corp of Ind Limited,,INE111A01025,4749,IIFL_SCRIPMASTER
CONTROLPR,NSE,CONTROLPR.NS,Control Print,CONTROLPR|Control Print|Control Print Limited,,INE663B01015,17477,IIFL_SCRIPMASTER
CORALFINAC,NSE,CORALFINAC.NS,Coral India Fin & Hous Lt,CORALFINAC|Coral India Fin & Hous Lt,,INE558D01021,4007,IIFL_SCRIPMASTER
CORDSCABLE,NSE,CORDSCABLE.NS,Cords Cable Indus,CORDSCABLE|Cords Cable Indus|Cords Cable Indus Limited,,INE792I01017,15271,IIFL_SCRIPMASTER
COROMANDEL,NSE,COROMANDEL.NS,Coromandel Interntl.,COROMANDEL|Coromandel Interntl.|Coromandel Interntl. Limited,,INE169A01031,739,IIFL_SCRIPMASTER
CORONA,NSE,CORONA.NS,Corona Remedies,CORONA|Corona Remedies|Corona Remedies Limited,,INE02ZQ01018,760254,IIFL_SCRIPMASTER
COSMOFIRST,NSE,COSMOFIRST.NS,Cosmo First,COSMOFIRST|Cosmo First|Cosmo First Limited,,INE757A01017,742,IIFL_SCRIPMASTER
CCHHL,NSE,CCHHL.NS,Country Club Hosp Hol,CCHHL|Country Club Hosp Hol|Country Club Hosp Hol Limited,,INE652F01027,6385,IIFL_SCRIPMASTER
COUNCODOS,NSE,COUNCODOS.NS,Country Condo S,COUNCODOS|Country Condo S|Country Condo S Limited,,INE695B01025,16986,IIFL_SCRIPMASTER
CRAFTSMAN,NSE,CRAFTSMAN.NS,Craftsman Automation,CRAFTSMAN|Craftsman Automation|Craftsman Automation Limited,,INE00LO01017,2854,IIFL_SCRIPMASTER
CREATIVEYE,NSE,CREATIVEYE.NS,Creative Eye,CREATIVEYE|Creative Eye|Creative Eye Limited,,INE230B01021,9384,IIFL_SCRIPMASTER
CNL,NSE,CNL.NS,Creative Newtech,CNL|Creative Newtech|Creative Newtech Limited,,INE985W01018,11155,IIFL_SCRIPMASTER
CREDITACC,NSE,CREDITACC.NS,Creditaccess Grameen,CREDITACC|Creditaccess Grameen|Creditaccess Grameen Limited,,INE741K01010,4421,IIFL_SCRIPMASTER
MUFTI,NSE,MUFTI.NS,Credo Brands Marketing L,Credo Brands Marketing L|MUFTI,,INE220Q01020,20878,IIFL_SCRIPMASTER
CREST,NSE,CREST.NS,Crest Ventures,CREST|Crest Ventures|Crest Ventures Limited,,INE559D01011,13900,IIFL_SCRIPMASTER
CRISIL,NSE,CRISIL.NS,Crisil,CRISIL|Crisil|Crisil Limited,,INE007A01025,757,IIFL_SCRIPMASTER
CRIZAC,NSE,CRIZAC.NS,Crizac,CRIZAC|Crizac|Crizac Limited,,INE0S4R01014,757850,IIFL_SCRIPMASTER
CROMPTON,NSE,CROMPTON.NS,Crompt Grea Con Elec,CROMPTON|Crompt Grea Con Elec|Crompt Grea Con Elec Limited,,INE299U01018,17094,IIFL_SCRIPMASTER
CROWN,NSE,CROWN.NS,Crown Lifters,CROWN|Crown Lifters|Crown Lifters Limited,,INE491V01019,8083,IIFL_SCRIPMASTER
CSBBANK,NSE,CSBBANK.NS,Csb Bank,CSBBANK|Csb Bank|Csb Bank Limited,,INE679A01013,14966,IIFL_SCRIPMASTER
CSLFINANCE,NSE,CSLFINANCE.NS,Csl Finance,CSLFINANCE|Csl Finance|Csl Finance Limited,,INE718F01018,10350,IIFL_SCRIPMASTER
CUBEXTUB,NSE,CUBEXTUB.NS,Cubex Tubings,CUBEXTUB|Cubex Tubings|Cubex Tubings Limited,,INE144D01012,4064,IIFL_SCRIPMASTER
CUMMINSIND,NSE,CUMMINSIND.NS,Cummins India,CUMMINSIND|Cummins India|Cummins India Limited,,INE298A01020,1901,IIFL_SCRIPMASTER
CUPID,NSE,CUPID.NS,Cupid,CUPID|Cupid|Cupid Limited,,INE509F01029,18520,IIFL_SCRIPMASTER
CYBERTECH,NSE,CYBERTECH.NS,Cybertech Systems & Softw,CYBERTECH|Cybertech Systems & Softw,,INE214A01019,6051,IIFL_SCRIPMASTER
CYIENT,NSE,CYIENT.NS,Cyient,CYIENT|Cyient|Cyient Limited,,INE136B01020,5748,IIFL_SCRIPMASTER
CYIENTDLM,NSE,CYIENTDLM.NS,Cyient Dlm,CYIENTDLM|Cyient Dlm|Cyient Dlm Limited,,INE055S01018,17187,IIFL_SCRIPMASTER
DPWIRES,NSE,DPWIRES.NS,D P Wires,D P Wires|D P Wires Limited|DPWIRES,,INE864X01013,16900,IIFL_SCRIPMASTER
DLINKINDIA,NSE,DLINKINDIA.NS,D-Link India,D-Link India|D-Link India Limited|DLINKINDIA,,INE250K01012,17851,IIFL_SCRIPMASTER
DPABHUSHAN,NSE,DPABHUSHAN.NS,D. P. Abhushan,D. P. Abhushan|D. P. Abhushan Limited|DPABHUSHAN,,INE266Y01019,936,IIFL_SCRIPMASTER
DBCORP,NSE,DBCORP.NS,D.B.Corp,D.B.Corp|D.B.Corp Limited|DBCORP,,INE950I01011,17881,IIFL_SCRIPMASTER
DABUR,NSE,DABUR.NS,Dabur India,DABUR|Dabur India|Dabur India Limited,,INE016A01026,772,IIFL_SCRIPMASTER
DAICHI,NSE,DAICHI.NS,Dai-Ichi Karkaria,DAICHI|Dai-Ichi Karkaria|Dai-Ichi Karkaria Limited,,INE928C01010,762633,IIFL_SCRIPMASTER
DALBHARAT,NSE,DALBHARAT.NS,Dalmia Bharat,DALBHARAT|Dalmia Bharat|Dalmia Bharat Limited,,INE00R701025,8075,IIFL_SCRIPMASTER
DALMIASUG,NSE,DALMIASUG.NS,Dalmia Bharat Sug In,DALMIASUG|Dalmia Bharat Sug In|Dalmia Bharat Sug In Limited,,INE495A01022,781,IIFL_SCRIPMASTER
DAMCAPITAL,NSE,DAMCAPITAL.NS,Dam Capital Advisors,DAMCAPITAL|Dam Capital Advisors|Dam Capital Advisors Limited,,INE284H01025,28662,IIFL_SCRIPMASTER
DAMODARIND,NSE,DAMODARIND.NS,Damodar Industries,DAMODARIND|Damodar Industries|Damodar Industries Limited,,INE497D01022,17541,IIFL_SCRIPMASTER
DANGEE,NSE,DANGEE.NS,Dangee Dums,DANGEE|Dangee Dums|Dangee Dums Limited,,INE688Y01022,1110,IIFL_SCRIPMASTER
DATAPATTNS,NSE,DATAPATTNS.NS,Data Patterns India,DATAPATTNS|Data Patterns India|Data Patterns India Limited,,INE0IX101010,7358,IIFL_SCRIPMASTER
DATAMATICS,NSE,DATAMATICS.NS,Datamatics Global Ser,DATAMATICS|Datamatics Global Ser|Datamatics Global Ser Limited,,INE365B01017,11423,IIFL_SCRIPMASTER
DAVANGERE,NSE,DAVANGERE.NS,Davangere Sugar Company L,DAVANGERE|Davangere Sugar Company L,,INE179G01029,21794,IIFL_SCRIPMASTER
DBSTOCKBRO,NSE,DBSTOCKBRO.NS,Db (Int) Stock Brokers,DBSTOCKBRO|Db (Int) Stock Brokers,,INE921B01025,31107,IIFL_SCRIPMASTER
DCBBANK,NSE,DCBBANK.NS,Dcb Bank,DCBBANK|Dcb Bank|Dcb Bank Limited,,INE503A01015,13725,IIFL_SCRIPMASTER
DCM,NSE,DCM.NS,Dcm,DCM|Dcm|Dcm Limited,,INE498A01018,805,IIFL_SCRIPMASTER
DCMSHRIRAM,NSE,DCMSHRIRAM.NS,Dcm Shriram,DCMSHRIRAM|Dcm Shriram|Dcm Shriram Limited,,INE499A01024,811,IIFL_SCRIPMASTER
DSFCL,NSE,DSFCL.NS,Dcm Shriram Fine Chem,DSFCL|Dcm Shriram Fine Chem|Dcm Shriram Fine Chem Limited,,INE0OFM01015,760891,IIFL_SCRIPMASTER
DCMSRIND,NSE,DCMSRIND.NS,Dcm Shriram Ind,DCMSRIND|Dcm Shriram Ind|Dcm Shriram Ind Limited,,INE843D01027,7325,IIFL_SCRIPMASTER
DCW,NSE,DCW.NS,Dcw,DCW|Dcw|Dcw Limited,,INE500A01029,817,IIFL_SCRIPMASTER
DCXINDIA,NSE,DCXINDIA.NS,Dcx Systems,DCXINDIA|Dcx Systems|Dcx Systems Limited,,INE0KL801015,11895,IIFL_SCRIPMASTER
DDEVPLSTIK,NSE,DDEVPLSTIK.NS,Ddev Plastiks Ind,DDEVPLSTIK|Ddev Plastiks Ind|Ddev Plastiks Ind Limited,,INE0HR601026,29098,IIFL_SCRIPMASTER
DENORA,NSE,DENORA.NS,De Nora India,DENORA|De Nora India|De Nora India Limited,,INE244A01016,4279,IIFL_SCRIPMASTER
DECCANCE,NSE,DECCANCE.NS,Deccan Cements,DECCANCE|Deccan Cements|Deccan Cements Limited,,INE583C01021,14838,IIFL_SCRIPMASTER
DECNGOLD,NSE,DECNGOLD.NS,Deccan Gold Mines,DECNGOLD|Deccan Gold Mines|Deccan Gold Mines Limited,,INE945F01025,762638,IIFL_SCRIPMASTER
DEEPINDS,NSE,DEEPINDS.NS,Deep Industries,DEEPINDS|Deep Industries|Deep Industries Limited,,INE0FHS01024,3292,IIFL_SCRIPMASTER
DBEIL,NSE,DBEIL.NS,Deepak Builders & Eng I L,DBEIL|Deepak Builders & Eng I L,,INE0OPA01019,25892,IIFL_SCRIPMASTER
DEEPAKFERT,NSE,DEEPAKFERT.NS,Deepak Fertilizers & Petr,DEEPAKFERT|Deepak Fertilizers & Petr,,INE501A01019,827,IIFL_SCRIPMASTER
DEEPAKNTR,NSE,DEEPAKNTR.NS,Deepak Nitrite,DEEPAKNTR|Deepak Nitrite|Deepak Nitrite Limited,,INE288B01029,19943,IIFL_SCRIPMASTER
DEFTY,NSE,DEFTY.NS,Defty,DEFTY|Defty,,Defty,999920002,IIFL_SCRIPMASTER
DELHIVERY,NSE,DELHIVERY.NS,Delhivery,DELHIVERY|Delhivery|Delhivery Limited,,INE148O01028,9599,IIFL_SCRIPMASTER
DELPHIFX,NSE,DELPHIFX.NS,Delphi World Money,DELPHIFX|Delphi World Money|Delphi World Money Limited,,INE726L01027,24391,IIFL_SCRIPMASTER
DELTACORP,NSE,DELTACORP.NS,Delta Corp,DELTACORP|Delta Corp|Delta Corp Limited,,INE124G01033,15044,IIFL_SCRIPMASTER
DELTAMAGNT,NSE,DELTAMAGNT.NS,Delta Manufacturing,DELTAMAGNT|Delta Manufacturing|Delta Manufacturing Limited,,INE393A01011,1214,IIFL_SCRIPMASTER
DEN,NSE,DEN.NS,Den Networks,DEN|Den Networks|Den Networks Limited,,INE947J01015,17722,IIFL_SCRIPMASTER
DENTA,NSE,DENTA.NS,Denta Water N Infra Sol L,DENTA|Denta Water N Infra Sol L,,INE0R4L01018,29256,IIFL_SCRIPMASTER
DEVX,NSE,DEVX.NS,Dev Accelerator,DEVX|Dev Accelerator|Dev Accelerator Limited,,INE0VOV01021,759079,IIFL_SCRIPMASTER
DEVIT,NSE,DEVIT.NS,Dev Info Technology,DEVIT|Dev Info Technology|Dev Info Technology Limited,,INE060X01034,8146,IIFL_SCRIPMASTER
DEVYANI,NSE,DEVYANI.NS,Devyani International,DEVYANI|Devyani International|Devyani International Limited,,INE872J01023,5373,IIFL_SCRIPMASTER
DHAMPURSUG,NSE,DHAMPURSUG.NS,Dhampur Sugar Mills,DHAMPURSUG|Dhampur Sugar Mills|Dhampur Sugar Mills Limited,,INE041A01016,857,IIFL_SCRIPMASTER
DHANBANK,NSE,DHANBANK.NS,Dhanlaxmi Bank,DHANBANK|Dhanlaxmi Bank|Dhanlaxmi Bank Limited,,INE680A01011,11359,IIFL_SCRIPMASTER
DHANUKA,NSE,DHANUKA.NS,Dhanuka Agritech,DHANUKA|Dhanuka Agritech|Dhanuka Agritech Limited,,INE435G01025,24409,IIFL_SCRIPMASTER
DHARMAJ,NSE,DHARMAJ.NS,Dharmaj Crop Guard,DHARMAJ|Dharmaj Crop Guard|Dharmaj Crop Guard Limited,,INE00OQ01016,13001,IIFL_SCRIPMASTER
DHUNINV,NSE,DHUNINV.NS,Dhunseri Investments,DHUNINV|Dhunseri Investments|Dhunseri Investments Limited,,INE320L01011,22233,IIFL_SCRIPMASTER
DTIL,NSE,DTIL.NS,Dhunseri Tea & Ind.,DTIL|Dhunseri Tea & Ind.|Dhunseri Tea & Ind. Limited,,INE341R01014,6227,IIFL_SCRIPMASTER
DVL,NSE,DVL.NS,Dhunseri Ventures,DVL|Dhunseri Ventures|Dhunseri Ventures Limited,,INE477B01010,15214,IIFL_SCRIPMASTER
DIAMINESQ,NSE,DIAMINESQ.NS,Diamines & Chemicals,DIAMINESQ|Diamines & Chemicals|Diamines & Chemicals Limited,,INE591D01014,18644,IIFL_SCRIPMASTER
DIACABS,NSE,DIACABS.NS,Diamond Power Infra,DIACABS|Diamond Power Infra|Diamond Power Infra Limited,,INE989C01038,18543,IIFL_SCRIPMASTER
DICIND,NSE,DICIND.NS,Dic India,DICIND|Dic India|Dic India Limited,,INE303A01010,703,IIFL_SCRIPMASTER
DIFFNKG,NSE,DIFFNKG.NS,Diffusion Engineers,DIFFNKG|Diffusion Engineers|Diffusion Engineers Limited,,INE184O01015,25672,IIFL_SCRIPMASTER
DGCONTENT,NSE,DGCONTENT.NS,Digicontent,DGCONTENT|Digicontent|Digicontent Limited,,INE03JI01017,10346,IIFL_SCRIPMASTER
DIGIDRIVE,NSE,DIGIDRIVE.NS,Digidrive Distributors L,DIGIDRIVE|Digidrive Distributors L,,INE0PSC01024,21247,IIFL_SCRIPMASTER
DIGITIDE,NSE,DIGITIDE.NS,Digitide Solutions,DIGITIDE|Digitide Solutions|Digitide Solutions Limited,,INE0U4701011,757515,IIFL_SCRIPMASTER
DIGJAMLMTD,NSE,DIGJAMLMTD.NS,Digjam,DIGJAMLMTD|Digjam|Digjam Limited,,INE731U01028,6127,IIFL_SCRIPMASTER
DNAMEDIA,NSE,DNAMEDIA.NS,Diligent Media Corp,DNAMEDIA|Diligent Media Corp|Diligent Media Corp Limited,,INE016M01021,641,IIFL_SCRIPMASTER
DBL,NSE,DBL.NS,Dilip Buildcon,DBL|Dilip Buildcon|Dilip Buildcon Limited,,INE917M01012,18086,IIFL_SCRIPMASTER
DISAQ,NSE,DISAQ.NS,Disa India,DISAQ|Disa India|Disa India Limited,,INE131C01011,762643,IIFL_SCRIPMASTER
DCAL,NSE,DCAL.NS,Dishman Carbo Amcis,DCAL|Dishman Carbo Amcis|Dishman Carbo Amcis Limited,,INE385W01011,21704,IIFL_SCRIPMASTER
DIVGIITTS,NSE,DIVGIITTS.NS,Divgi Torqtransfer Syst L,DIVGIITTS|Divgi Torqtransfer Syst L,,INE753U01022,14479,IIFL_SCRIPMASTER
DIVISLAB,NSE,DIVISLAB.NS,Divi S Laboratories,DIVISLAB|Divi S Laboratories|Divi S Laboratories Limited,,INE361B01024,10940,IIFL_SCRIPMASTER
DIXON,NSE,DIXON.NS,Dixon Techno (India),DIXON|Dixon Techno (India)|Dixon Techno (India) Limited,,INE935N01020,21690,IIFL_SCRIPMASTER
DJML,NSE,DJML.NS,Dj Mediaprint & Log,DJML|Dj Mediaprint & Log|Dj Mediaprint & Log Limited,,INE0B1K01014,12749,IIFL_SCRIPMASTER
DLF,NSE,DLF.NS,Dlf,DLF|Dlf|Dlf Limited,,INE271C01023,14732,IIFL_SCRIPMASTER
DMCC,NSE,DMCC.NS,Dmcc Speciality Chemicals,DMCC|Dmcc Speciality Chemicals,,INE505A01010,6973,IIFL_SCRIPMASTER
DODLA,NSE,DODLA.NS,Dodla Dairy,DODLA|Dodla Dairy|Dodla Dairy Limited,,INE021O01019,4822,IIFL_SCRIPMASTER
DOLATALGO,NSE,DOLATALGO.NS,Dolat Algotech,DOLATALGO|Dolat Algotech|Dolat Algotech Limited,,INE966A01022,12124,IIFL_SCRIPMASTER
DOLLAR,NSE,DOLLAR.NS,Dollar Industries,DOLLAR|Dollar Industries|Dollar Industries Limited,,INE325C01035,20560,IIFL_SCRIPMASTER
DOLPHIN,NSE,DOLPHIN.NS,Dolphin Off Ent (Ind) L,DOLPHIN|Dolphin Off Ent (Ind) L,,INE920A01037,18139,IIFL_SCRIPMASTER
DOMS,NSE,DOMS.NS,Doms Industries,DOMS|Doms Industries|Doms Industries Limited,,INE321T01012,20551,IIFL_SCRIPMASTER
DONEAR,NSE,DONEAR.NS,Donear Ind.,DONEAR|Donear Ind.|Donear Ind. Limited,,INE668D01028,13839,IIFL_SCRIPMASTER
AGARWALEYE,NSE,AGARWALEYE.NS,Dr Agarwals Health Care L,AGARWALEYE|Dr Agarwals Health Care L,,INE943P01029,29452,IIFL_SCRIPMASTER
DRAGARWQ,NSE,DRAGARWQ.NS,Dr. Agarwals Eye Hosp L,DRAGARWQ|Dr. Agarwals Eye Hosp L,,INE934C01018,762648,IIFL_SCRIPMASTER
LALPATHLAB,NSE,LALPATHLAB.NS,Dr. Lal Path Labs,Dr. Lal Path Labs|Dr. Lal Path Labs Limited|LALPATHLAB,,INE600L01024,11654,IIFL_SCRIPMASTER
DRREDDY,NSE,DRREDDY.NS,Dr. Reddy S Laboratories,DRREDDY|Dr. Reddy S Laboratories,,INE089A01031,881,IIFL_SCRIPMASTER
DRCSYSTEMS,NSE,DRCSYSTEMS.NS,Drc Systems India,DRCSYSTEMS|Drc Systems India|Drc Systems India Limited,,INE03RS01027,2645,IIFL_SCRIPMASTER
DREAMFOLKS,NSE,DREAMFOLKS.NS,Dreamfolks Services,DREAMFOLKS|Dreamfolks Services|Dreamfolks Services Limited,,INE0JS101016,10859,IIFL_SCRIPMASTER
DREDGECORP,NSE,DREDGECORP.NS,Dredging Corp of India,DREDGECORP|Dredging Corp of India,,INE506A01018,11271,IIFL_SCRIPMASTER
KEEPLEARN,NSE,KEEPLEARN.NS,Dsj Keep Learning,Dsj Keep Learning|Dsj Keep Learning Limited|KEEPLEARN,,INE055C01020,778,IIFL_SCRIPMASTER
BANK10ADD,NSE,BANK10ADD.NS,Dspamc - Bank10Add,BANK10ADD|Dspamc - Bank10Add,,INF740KA1YH2,761364,IIFL_SCRIPMASTER
BANKADD,NSE,BANKADD.NS,Dspamc - Dspbank,BANKADD|Dspamc - Dspbank,,INF740KA1RX3,13644,IIFL_SCRIPMASTER
GOLDADD,NSE,GOLDADD.NS,Dspamc - Dspgold,Dspamc - Dspgold|GOLDADD,,INF740KA1SW3,15356,IIFL_SCRIPMASTER
ITADD,NSE,ITADD.NS,Dspamc - Dspit,Dspamc - Dspit|ITADD,,INF740KA1SX1,17207,IIFL_SCRIPMASTER
EQUAL50ADD,NSE,EQUAL50ADD.NS,Dspamc - Dspnewetf,Dspamc - Dspnewetf|EQUAL50ADD,,INF740KA1QK2,6606,IIFL_SCRIPMASTER
NIFTYADD,NSE,NIFTYADD.NS,Dspamc - Dspnifty,Dspamc - Dspnifty|NIFTYADD,,INF740KA1CL0,7451,IIFL_SCRIPMASTER
PSUBANKADD,NSE,PSUBANKADD.NS,Dspamc - Dsppsbketf,Dspamc - Dsppsbketf|PSUBANKADD,,INF740KA1SY9,17616,IIFL_SCRIPMASTER
PVTBANKADD,NSE,PVTBANKADD.NS,Dspamc - Dsppvbketf,Dspamc - Dsppvbketf|PVTBANKADD,,INF740KA1TA7,17576,IIFL_SCRIPMASTER
MIDQ50ADD,NSE,MIDQ50ADD.NS,Dspamc - Dspq50Etf,Dspamc - Dspq50Etf|MIDQ50ADD,,INF740KA1QL0,7456,IIFL_SCRIPMASTER
SENSEXADD,NSE,SENSEXADD.NS,Dspamc - Dspsenxetf,Dspamc - Dspsenxetf|SENSEXADD,,INF740KA1SZ6,17613,IIFL_SCRIPMASTER
SILVERADD,NSE,SILVERADD.NS,Dspamc - Dspsilvetf,Dspamc - Dspsilvetf|SILVERADD,,INF740KA1RE3,10761,IIFL_SCRIPMASTER
FLEXIADD,NSE,FLEXIADD.NS,Dspamc - Flexiadd,Dspamc - Flexiadd|FLEXIADD,,INF740KA1WU9,759368,IIFL_SCRIPMASTER
FMCGADD,NSE,FMCGADD.NS,Dspamc - Fmcgadd,Dspamc - Fmcgadd|FMCGADD,,INF740KA1ZA4,763530,IIFL_SCRIPMASTER
HEALTHADD,NSE,HEALTHADD.NS,Dspamc - Healthadd,Dspamc - Healthadd|HEALTHADD,,INF740KA1UF4,22592,IIFL_SCRIPMASTER
LIQUIDADD,NSE,LIQUIDADD.NS,Dspamc - Liquidadd,Dspamc - Liquidadd|LIQUIDADD,,INF740KA1UM0,23407,IIFL_SCRIPMASTER
MIDCAPADD,NSE,MIDCAPADD.NS,Dspamc - Midcapadd,Dspamc - Midcapadd|MIDCAPADD,,INF740KA1WW5,760356,IIFL_SCRIPMASTER
MSCIADD,NSE,MSCIADD.NS,Dspamc - Msciadd,Dspamc - Msciadd|MSCIADD,,INF740KA1WV7,759978,IIFL_SCRIPMASTER
NEXT30ADD,NSE,NEXT30ADD.NS,Dspamc - Next30Add,Dspamc - Next30Add|NEXT30ADD,,INF740KA1VE5,29464,IIFL_SCRIPMASTER
NEXT50ADD,NSE,NEXT50ADD.NS,Dspamc - Next50Add,Dspamc - Next50Add|NEXT50ADD,,INF740KA1XU7,760599,IIFL_SCRIPMASTER
SMALLADD,NSE,SMALLADD.NS,Dspamc - Smalladd,Dspamc - Smalladd|SMALLADD,,INF740KA1WX3,760359,IIFL_SCRIPMASTER
TOP10ADD,NSE,TOP10ADD.NS,Dspamc - Top10Add,Dspamc - Top10Add|TOP10ADD,,INF740KA1UR9,25171,IIFL_SCRIPMASTER
DWARKESH,NSE,DWARKESH.NS,Dwarikesh Sugar Ind,DWARKESH|Dwarikesh Sugar Ind|Dwarikesh Sugar Ind Limited,,INE366A01041,11667,IIFL_SCRIPMASTER
DSSL,NSE,DSSL.NS,Dynacons Sys & Soln,DSSL|Dynacons Sys & Soln|Dynacons Sys & Soln Limited,,INE417B01040,25690,IIFL_SCRIPMASTER
DYNAMATECH,NSE,DYNAMATECH.NS,Dynamatic Technologies,DYNAMATECH|Dynamatic Technologies,,INE221B01012,4525,IIFL_SCRIPMASTER
DYCL,NSE,DYCL.NS,Dynamic Cables,DYCL|Dynamic Cables|Dynamic Cables Limited,,INE600Y01019,10417,IIFL_SCRIPMASTER
DYNPRO,NSE,DYNPRO.NS,Dynemic Products,DYNPRO|Dynemic Products|Dynemic Products Limited,,INE256H01015,21314,IIFL_SCRIPMASTER
E2E,NSE,E2E.NS,E2E Networks,E2E|E2E Networks|E2E Networks Limited,,INE255Z01019,8937,IIFL_SCRIPMASTER
EASEMYTRIP,NSE,EASEMYTRIP.NS,Easy Trip Planners,EASEMYTRIP|Easy Trip Planners|Easy Trip Planners Limited,,INE07O001026,2792,IIFL_SCRIPMASTER
ECLERX,NSE,ECLERX.NS,Eclerx Services,ECLERX|Eclerx Services|Eclerx Services Limited,,INE738I01010,15179,IIFL_SCRIPMASTER
ECOSMOBLTY,NSE,ECOSMOBLTY.NS,Ecos (India) Mob & Hosp L,ECOSMOBLTY|Ecos (India) Mob & Hosp L,,INE06HJ01020,25060,IIFL_SCRIPMASTER
BBETF0432,NSE,BBETF0432.NS,Edelamc - Bbetf0432,BBETF0432|Edelamc - Bbetf0432,,INF754K01OB1,7196,IIFL_SCRIPMASTER
EBANKNIFTY,NSE,EBANKNIFTY.NS,Edelamc - Ebanknifty,EBANKNIFTY|Edelamc - Ebanknifty,,INF754K01TE4,25258,IIFL_SCRIPMASTER
EBBETF0430,NSE,EBBETF0430.NS,Edelamc - Ebbetf0430,EBBETF0430|Edelamc - Ebbetf0430,,INF754K01KO2,16253,IIFL_SCRIPMASTER
EBBETF0431,NSE,EBBETF0431.NS,Edelamc - Ebbetf0431,EBBETF0431|Edelamc - Ebbetf0431,,INF754K01LE1,22239,IIFL_SCRIPMASTER
EBBETF0433,NSE,EBBETF0433.NS,Edelamc - Ebbetf0433,EBBETF0433|Edelamc - Ebbetf0433,,INF754K01QX0,13139,IIFL_SCRIPMASTER
ECAPINSURE,NSE,ECAPINSURE.NS,Edelamc - Ecapinsure,ECAPINSURE|Edelamc - Ecapinsure,,INF754K01TX4,29019,IIFL_SCRIPMASTER
EGOLD,NSE,EGOLD.NS,Edelamc - Egold,EGOLD|Edelamc - Egold,,INF754K01SE6,19933,IIFL_SCRIPMASTER
ELIQUID,NSE,ELIQUID.NS,Edelamc - Eliquid,ELIQUID|Edelamc - Eliquid,,INF754K01VW2,759466,IIFL_SCRIPMASTER
ELM250,NSE,ELM250.NS,Edelamc - Elm250,ELM250|Edelamc - Elm250,,INF754K01VV4,758952,IIFL_SCRIPMASTER
EMULTIMQ,NSE,EMULTIMQ.NS,Edelamc - Emultimq,EMULTIMQ|Edelamc - Emultimq,,INF754K01TF1,25996,IIFL_SCRIPMASTER
ENEXT50,NSE,ENEXT50.NS,Edelamc - Enext50,ENEXT50|Edelamc - Enext50,,INF754K01XF3,763540,IIFL_SCRIPMASTER
ENIFTY,NSE,ENIFTY.NS,Edelamc - Enifty,ENIFTY|Edelamc - Enifty,,INF754K01VX0,759998,IIFL_SCRIPMASTER
ESENSEX,NSE,ESENSEX.NS,Edelamc - Esensex,ESENSEX|Edelamc - Esensex,,INF754K01VY8,759995,IIFL_SCRIPMASTER
ESILVER,NSE,ESILVER.NS,Edelamc - Esilver,ESILVER|Edelamc - Esilver,,INF754K01SF3,20257,IIFL_SCRIPMASTER
EDELWEISS,NSE,EDELWEISS.NS,Edelweiss Fin Serv,EDELWEISS|Edelweiss Fin Serv|Edelweiss Fin Serv Limited,,INE532F01054,15119,IIFL_SCRIPMASTER
EFCIL,NSE,EFCIL.NS,Efc (I),EFCIL|Efc (I)|Efc (I) Limited,,INE886D01026,758675,IIFL_SCRIPMASTER
EICHERMOT,NSE,EICHERMOT.NS,Eicher Motors,EICHERMOT|Eicher Motors|Eicher Motors Limited,,INE066A01021,910,IIFL_SCRIPMASTER
EIDPARRY,NSE,EIDPARRY.NS,Eid Parry India,EIDPARRY|Eid Parry India|Eid Parry India Limited,,INE126A01031,916,IIFL_SCRIPMASTER
EIHOTEL,NSE,EIHOTEL.NS,Eih,EIHOTEL|Eih|Eih Limited,,INE230A01023,919,IIFL_SCRIPMASTER
EIHAHOTELS,NSE,EIHAHOTELS.NS,Eih Associated Hotels,EIHAHOTELS|Eih Associated Hotels|Eih Associated Hotels Limited,,INE276C01014,15399,IIFL_SCRIPMASTER
EIMCOELECO,NSE,EIMCOELECO.NS,Eimco Elecon (India),EIMCOELECO|Eimco Elecon (India)|Eimco Elecon (India) Limited,,INE158B01016,4040,IIFL_SCRIPMASTER
ELANTAS,NSE,ELANTAS.NS,Elantas Beck India,ELANTAS|Elantas Beck India|Elantas Beck India Limited,,INE280B01018,762653,IIFL_SCRIPMASTER
ELCIDIN,NSE,ELCIDIN.NS,Elcid Investments,ELCIDIN|Elcid Investments|Elcid Investments Limited,,INE927X01018,762658,IIFL_SCRIPMASTER
ELDEHSG,NSE,ELDEHSG.NS,Eldeco Hsg & Ind,ELDEHSG|Eldeco Hsg & Ind|Eldeco Hsg & Ind Limited,,INE668G01021,8953,IIFL_SCRIPMASTER
ELECON,NSE,ELECON.NS,Elecon Eng. Co.,ELECON|Elecon Eng. Co.|Elecon Eng. Co. Limited,,INE205B01031,13643,IIFL_SCRIPMASTER
EMIL,NSE,EMIL.NS,Electronics Mart Ind,EMIL|Electronics Mart Ind|Electronics Mart Ind Limited,,INE02YR01019,11530,IIFL_SCRIPMASTER
ELECTCAST,NSE,ELECTCAST.NS,Electrosteel Castings,ELECTCAST|Electrosteel Castings|Electrosteel Castings Limited,,INE086A01029,928,IIFL_SCRIPMASTER
ELECTHERM,NSE,ELECTHERM.NS,Electrotherm (I),ELECTHERM|Electrotherm (I)|Electrotherm (I) Limited,,INE822G01016,4469,IIFL_SCRIPMASTER
ELGIEQUIP,NSE,ELGIEQUIP.NS,Elgi Equipments,ELGIEQUIP|Elgi Equipments|Elgi Equipments Limited,,INE285A01027,937,IIFL_SCRIPMASTER
ELGIRUBCO,NSE,ELGIRUBCO.NS,Elgi Rubber Co.,ELGIRUBCO|Elgi Rubber Co.|Elgi Rubber Co. Limited,,INE819L01012,24924,IIFL_SCRIPMASTER
ELIN,NSE,ELIN.NS,Elin Electronics,ELIN|Elin Electronics|Elin Electronics Limited,,INE050401020,13423,IIFL_SCRIPMASTER
ELITECON,NSE,ELITECON.NS,Elitecon International L,ELITECON|Elitecon International L,,INE669R01026,762663,IIFL_SCRIPMASTER
ELLEN,NSE,ELLEN.NS,Ellenbarrie Indus Gases L,ELLEN|Ellenbarrie Indus Gases L,,INE236E01022,758563,IIFL_SCRIPMASTER
ELPROINTL,NSE,ELPROINTL.NS,Elpro International,ELPROINTL|Elpro International|Elpro International Limited,,INE579B01039,4471,IIFL_SCRIPMASTER
EMAMILTD,NSE,EMAMILTD.NS,Emami,EMAMILTD|Emami|Emami Limited,,INE548C01032,13517,IIFL_SCRIPMASTER
EMAMIPAP,NSE,EMAMIPAP.NS,Emami Paper Mills,EMAMIPAP|Emami Paper Mills|Emami Paper Mills Limited,,INE830C01026,10074,IIFL_SCRIPMASTER
EMBDL,NSE,EMBDL.NS,Embassy Developments,EMBDL|Embassy Developments|Embassy Developments Limited,,INE069I01010,14450,IIFL_SCRIPMASTER
EMCURE,NSE,EMCURE.NS,Emcure Pharmaceuticals L,EMCURE|Emcure Pharmaceuticals L,,INE168P01015,24398,IIFL_SCRIPMASTER
EMKAY,NSE,EMKAY.NS,Emkay Global Fin Serv,EMKAY|Emkay Global Fin Serv|Emkay Global Fin Serv Limited,,INE296H01011,13421,IIFL_SCRIPMASTER
EMMBI,NSE,EMMBI.NS,Emmbi Industries,EMMBI|Emmbi Industries|Emmbi Industries Limited,,INE753K01015,18142,IIFL_SCRIPMASTER
EMMVEE,NSE,EMMVEE.NS,Emmvee Photovoltaic Pwr L,EMMVEE|Emmvee Photovoltaic Pwr L,,INE1C6T01020,759728,IIFL_SCRIPMASTER
EMSLIMITED,NSE,EMSLIMITED.NS,Ems,EMSLIMITED|Ems|Ems Limited,,INE0OV601013,18593,IIFL_SCRIPMASTER
EMUDHRA,NSE,EMUDHRA.NS,Emudhra,EMUDHRA|Emudhra|Emudhra Limited,,INE01QM01018,9756,IIFL_SCRIPMASTER
ENDURANCE,NSE,ENDURANCE.NS,Endurance Techno.,ENDURANCE|Endurance Techno.|Endurance Techno. Limited,,INE913H01037,18822,IIFL_SCRIPMASTER
ENERGYDEV,NSE,ENERGYDEV.NS,Energy Deve. Co.,ENERGYDEV|Energy Deve. Co.|Energy Deve. Co.Limited,,INE306C01019,15049,IIFL_SCRIPMASTER
ENGINERSIN,NSE,ENGINERSIN.NS,Engineers India,ENGINERSIN|Engineers India|Engineers India Limited,,INE510A01028,4907,IIFL_SCRIPMASTER
ENTERO,NSE,ENTERO.NS,Entero Healthcare Solu L,ENTERO|Entero Healthcare Solu L,,INE010601016,22717,IIFL_SCRIPMASTER
ENIL,NSE,ENIL.NS,Entertain Net. Ind.,ENIL|Entertain Net. Ind.|Entertain Net. Ind. Limited,,INE265F01028,13192,IIFL_SCRIPMASTER
EIEL,NSE,EIEL.NS,Enviro Infra Engineers L,EIEL|Enviro Infra Engineers L,,INE0LLY01014,27213,IIFL_SCRIPMASTER
EPACK,NSE,EPACK.NS,Epack Durable,EPACK|Epack Durable|Epack Durable Limited,,INE0G5901015,22463,IIFL_SCRIPMASTER
EPACKPEB,NSE,EPACKPEB.NS,Epack Prefab Techn,EPACKPEB|Epack Prefab Techn|Epack Prefab Techn Limited,,INE0MLS01022,759251,IIFL_SCRIPMASTER
EPIGRAL,NSE,EPIGRAL.NS,Epigral,EPIGRAL|Epigral|Epigral Limited,,INE071N01016,5382,IIFL_SCRIPMASTER
EPL,NSE,EPL.NS,Epl,EPL|Epl|Epl Limited,,INE255A01020,981,IIFL_SCRIPMASTER
EQUITASBNK,NSE,EQUITASBNK.NS,Equitas Small Fin Bnk,EQUITASBNK|Equitas Small Fin Bnk|Equitas Small Fin Bnk Limited,,INE063P01018,913,IIFL_SCRIPMASTER
ERIS,NSE,ERIS.NS,Eris Lifesciences,ERIS|Eris Lifesciences|Eris Lifesciences Limited,,INE406M01024,21154,IIFL_SCRIPMASTER
ESABINDIA,NSE,ESABINDIA.NS,Esab India,ESABINDIA|Esab India|Esab India Limited,,INE284A01012,955,IIFL_SCRIPMASTER
ESAFSFB,NSE,ESAFSFB.NS,Esaf Small Finance Bank L,ESAFSFB|Esaf Small Finance Bank L,,INE818W01011,19878,IIFL_SCRIPMASTER
ESCORTS,NSE,ESCORTS.NS,Escorts Kubota,ESCORTS|Escorts Kubota|Escorts Kubota Limited,,INE042A01014,958,IIFL_SCRIPMASTER
ESSARSHPNG,NSE,ESSARSHPNG.NS,Essar Shipping,ESSARSHPNG|Essar Shipping|Essar Shipping Limited,,INE122M01019,25634,IIFL_SCRIPMASTER
ESTER,NSE,ESTER.NS,Ester Industries,ESTER|Ester Industries|Ester Industries Limited,,INE778B01029,24265,IIFL_SCRIPMASTER
ETERNAL,NSE,ETERNAL.NS,Eternal,ETERNAL|Eternal|Eternal Limited,,INE758T01015,5097,IIFL_SCRIPMASTER
ETHOSLTD,NSE,ETHOSLTD.NS,Ethos,ETHOSLTD|Ethos|Ethos Limited,,INE04TZ01018,9750,IIFL_SCRIPMASTER
EUREKAFORB,NSE,EUREKAFORB.NS,Eureka Forbes,EUREKAFORB|Eureka Forbes|Eureka Forbes Limited,,INE0KCE01017,25162,IIFL_SCRIPMASTER
EIFFL,NSE,EIFFL.NS,Euro (I) Fresh Foods,EIFFL|Euro (I) Fresh Foods|Euro (I) Fresh Foods Limited,,INE546V01010,6040,IIFL_SCRIPMASTER
EUROBOND,NSE,EUROBOND.NS,Euro Panel Products,EUROBOND|Euro Panel Products|Euro Panel Products Limited,,INE505V01016,757953,IIFL_SCRIPMASTER
EUROPRATIK,NSE,EUROPRATIK.NS,Euro Pratik Sales,EUROPRATIK|Euro Pratik Sales|Euro Pratik Sales Limited,,INE198501012,759797,IIFL_SCRIPMASTER
EUROTEXIND,NSE,EUROTEXIND.NS,Eurotex Industries,EUROTEXIND|Eurotex Industries|Eurotex Industries Limited,,INE022C01012,999,IIFL_SCRIPMASTER
EVEREADY,NSE,EVEREADY.NS,Eveready Inds. Ind.,EVEREADY|Eveready Inds. Ind.|Eveready Inds. Ind. Limited,,INE128A01029,11782,IIFL_SCRIPMASTER
EVERESTIND,NSE,EVERESTIND.NS,Everest Industries,EVERESTIND|Everest Industries|Everest Industries Limited,,INE295A01018,993,IIFL_SCRIPMASTER
EKC,NSE,EKC.NS,Everest Kanto Cylinderltd,EKC|Everest Kanto Cylinderltd,,INE184H01027,13091,IIFL_SCRIPMASTER
EXCELINDUS,NSE,EXCELINDUS.NS,Excel Industries,EXCELINDUS|Excel Industries|Excel Industries Limited,,INE369A01029,11471,IIFL_SCRIPMASTER
EXCELSOFT,NSE,EXCELSOFT.NS,Excelsoft Technologies L,EXCELSOFT|Excelsoft Technologies L,,INE606N01019,760007,IIFL_SCRIPMASTER
EXICOM,NSE,EXICOM.NS,Exicom Tele Systems,EXICOM|Exicom Tele Systems|Exicom Tele Systems Limited,,INE777F01014,22947,IIFL_SCRIPMASTER
EXIDEIND,NSE,EXIDEIND.NS,Exide Industries,EXIDEIND|Exide Industries|Exide Industries Limited,,INE302A01020,676,IIFL_SCRIPMASTER
EXPLEOSOL,NSE,EXPLEOSOL.NS,Expleo Solutions,EXPLEOSOL|Expleo Solutions|Expleo Solutions Limited,,INE201K01015,17486,IIFL_SCRIPMASTER
EXXARO,NSE,EXXARO.NS,Exxaro Tiles,EXXARO|Exxaro Tiles|Exxaro Tiles Limited,,INE0GFE01026,5352,IIFL_SCRIPMASTER
FABTECH,NSE,FABTECH.NS,Fabtech Technologies,FABTECH|Fabtech Technologies|Fabtech Technologies Limited,,INE0HF201011,760125,IIFL_SCRIPMASTER
FACT,NSE,FACT.NS,Fact,FACT|Fact|Fact Limited,,INE188A01015,1008,IIFL_SCRIPMASTER
FAIRCHEMOR,NSE,FAIRCHEMOR.NS,Fairchem Organics,FAIRCHEMOR|Fairchem Organics|Fairchem Organics Limited,,INE0DNW01011,1614,IIFL_SCRIPMASTER
FAZE3Q,NSE,FAZE3Q.NS,Faze Three,FAZE3Q|Faze Three|Faze Three Limited,,INE963C01033,12000,IIFL_SCRIPMASTER
FDC,NSE,FDC.NS,Fdc,FDC|Fdc|Fdc Limited,,INE258B01022,4898,IIFL_SCRIPMASTER
FEDFINA,NSE,FEDFINA.NS,Fedbank Financial Ser L,FEDFINA|Fedbank Financial Ser L,,INE007N01010,20322,IIFL_SCRIPMASTER
FEDDERSHOL,NSE,FEDDERSHOL.NS,Fedders Holding,FEDDERSHOL|Fedders Holding|Fedders Holding Limited,,INE417D01020,762675,IIFL_SCRIPMASTER
FEDERALBNK,NSE,FEDERALBNK.NS,Federal Bank,FEDERALBNK|Federal Bank|Federal Bank Limited,,INE171A01029,1023,IIFL_SCRIPMASTER
FMGOETZE,NSE,FMGOETZE.NS,Federal-Mogul Goetze (Ind,FMGOETZE|Federal-Mogul Goetze (Ind,,INE529A01010,1190,IIFL_SCRIPMASTER
FERMENTA,NSE,FERMENTA.NS,Fermenta Biotech,FERMENTA|Fermenta Biotech|Fermenta Biotech Limited,,INE225B01021,762680,IIFL_SCRIPMASTER
FIBERWEB,NSE,FIBERWEB.NS,Fiberweb India,FIBERWEB|Fiberweb India|Fiberweb India Limited,,INE296C01020,8159,IIFL_SCRIPMASTER
FIEMIND,NSE,FIEMIND.NS,Fiem Industries,FIEMIND|Fiem Industries|Fiem Industries Limited,,INE737H01014,13710,IIFL_SCRIPMASTER
FILATEX,NSE,FILATEX.NS,Filatex India,FILATEX|Filatex India|Filatex India Limited,,INE816B01035,24532,IIFL_SCRIPMASTER
FINEORG,NSE,FINEORG.NS,Fine Organic Ind.,FINEORG|Fine Organic Ind.|Fine Organic Ind. Limited,,INE686Y01026,3744,IIFL_SCRIPMASTER
FCL,NSE,FCL.NS,Fineotex Chemical,FCL|Fineotex Chemical|Fineotex Chemical Limited,,INE045J01034,6198,IIFL_SCRIPMASTER
FINKURVE,NSE,FINKURVE.NS,Finkurve Financial Serv L,FINKURVE|Finkurve Financial Serv L,,INE734I01027,759239,IIFL_SCRIPMASTER
FINOPB,NSE,FINOPB.NS,Fino Payments Bank,FINOPB|Fino Payments Bank|Fino Payments Bank Limited,,INE02NC01014,6579,IIFL_SCRIPMASTER
FINCABLES,NSE,FINCABLES.NS,Finolex Cables,FINCABLES|Finolex Cables|Finolex Cables Limited,,INE235A01022,1038,IIFL_SCRIPMASTER
FINPIPE,NSE,FINPIPE.NS,Finolex Industries,FINPIPE|Finolex Industries|Finolex Industries Limited,,INE183A01024,1041,IIFL_SCRIPMASTER
FSL,NSE,FSL.NS,Firstsource Solu.,FSL|Firstsource Solu.|Firstsource Solu. Limited,,INE684F01012,14304,IIFL_SCRIPMASTER
FISCHER,NSE,FISCHER.NS,Fischer Medical Venture L,FISCHER|Fischer Medical Venture L,,INE771F01041,757658,IIFL_SCRIPMASTER
FIVESTAR,NSE,FIVESTAR.NS,Five-Star Bus Fin,FIVESTAR|Five-Star Bus Fin|Five-Star Bus Fin Limited,,INE128S01021,12032,IIFL_SCRIPMASTER
FLAIR,NSE,FLAIR.NS,Flair Writing Indust,FLAIR|Flair Writing Indust|Flair Writing Indust Limited,,INE00Y201027,20372,IIFL_SCRIPMASTER
FLEXITUFF,NSE,FLEXITUFF.NS,Flexituff Ventures Int L,FLEXITUFF|Flexituff Ventures Int L,,INE060J01017,25512,IIFL_SCRIPMASTER
FOCUS,NSE,FOCUS.NS,Focus Lightg & Fixtrs,FOCUS|Focus Lightg & Fixtrs|Focus Lightg & Fixtrs Limited,,INE593W01028,6836,IIFL_SCRIPMASTER
FOODSIN,NSE,FOODSIN.NS,Foods & Inns,FOODSIN|Foods & Inns|Foods & Inns Limited,,INE976E01023,6673,IIFL_SCRIPMASTER
FORCEMOT,NSE,FORCEMOT.NS,Force Motors,FORCEMOT|Force Motors|Force Motors Limited,,INE451A01017,11573,IIFL_SCRIPMASTER
FORTIS,NSE,FORTIS.NS,Fortis Healthcare,FORTIS|Fortis Healthcare|Fortis Healthcare Limited,,INE061F01013,14592,IIFL_SCRIPMASTER
FOSECOIND,NSE,FOSECOIND.NS,Foseco India,FOSECOIND|Foseco India|Foseco India Limited,,INE519A01011,1073,IIFL_SCRIPMASTER
FRACTAL,NSE,FRACTAL.NS,Fractal Analytics,FRACTAL|Fractal Analytics|Fractal Analytics Limited,,INE212S01015,760961,IIFL_SCRIPMASTER
FRONTSP,NSE,FRONTSP.NS,Frontier Springs,FRONTSP|Frontier Springs|Frontier Springs Limited,,INE572D01014,762685,IIFL_SCRIPMASTER
NYKAA,NSE,NYKAA.NS,Fsn E Commerce Ventures,Fsn E Commerce Ventures|NYKAA,,INE388Y01029,6545,IIFL_SCRIPMASTER
UTLSOLAR,NSE,UTLSOLAR.NS,Fujiyama Power Systems L,Fujiyama Power Systems L|UTLSOLAR,,INE12UR01024,759876,IIFL_SCRIPMASTER
FUSION,NSE,FUSION.NS,Fusion Finance,FUSION|Fusion Finance|Fusion Finance Limited,,INE139R01012,11932,IIFL_SCRIPMASTER
GMBREW,NSE,GMBREW.NS,G M Breweries,G M Breweries|G M Breweries Limited|GMBREW,,INE075D01018,1168,IIFL_SCRIPMASTER
GRINFRA,NSE,GRINFRA.NS,G R Infraprojects,G R Infraprojects|G R Infraprojects Limited|GRINFRA,,INE201P01022,5054,IIFL_SCRIPMASTER
GTECJAINX,NSE,GTECJAINX.NS,G-Tec Jainx Education,G-Tec Jainx Education|G-Tec Jainx Education Limited|GTECJAINX,,INE586X01012,1129,IIFL_SCRIPMASTER
GABRIEL,NSE,GABRIEL.NS,Gabriel India,GABRIEL|Gabriel India|Gabriel India Limited,,INE524A01029,1085,IIFL_SCRIPMASTER
GATECH,NSE,GATECH.NS,Gacm Technologies,GATECH|Gacm Technologies|Gacm Technologies Limited,,INE224E01028,17888,IIFL_SCRIPMASTER
GATECHDVR,NSE,GATECHDVR.NS,Gacm Technologies,GATECHDVR|Gacm Technologies|Gacm Technologies Limited,,INE224E01036,17,IIFL_SCRIPMASTER
GAIL,NSE,GAIL.NS,Gail (India),GAIL|Gail (India)|Gail (India) Limited,,INE129A01019,4717,IIFL_SCRIPMASTER
GALAPREC,NSE,GALAPREC.NS,Gala Precision Eng,GALAPREC|Gala Precision Eng|Gala Precision Eng Limited,,INE0RE001014,25134,IIFL_SCRIPMASTER
GALAXYSURF,NSE,GALAXYSURF.NS,Galaxy Surfactants,GALAXYSURF|Galaxy Surfactants|Galaxy Surfactants Limited,,INE600K01018,1315,IIFL_SCRIPMASTER
GALLANTT,NSE,GALLANTT.NS,Gallantt Ispat,GALLANTT|Gallantt Ispat|Gallantt Ispat Limited,,INE297H01019,13337,IIFL_SCRIPMASTER
GANDHAR,NSE,GANDHAR.NS,Gandhar Oil Refine Ind L,GANDHAR|Gandhar Oil Refine Ind L,,INE717W01049,20303,IIFL_SCRIPMASTER
GANDHITUBE,NSE,GANDHITUBE.NS,Gandhi Spl. Tubes,GANDHITUBE|Gandhi Spl. Tubes|Gandhi Spl. Tubes Limited,,INE524B01027,14116,IIFL_SCRIPMASTER
GANESHBE,NSE,GANESHBE.NS,Ganesh Benzoplast,GANESHBE|Ganesh Benzoplast|Ganesh Benzoplast Limited,,INE388A01029,5614,IIFL_SCRIPMASTER
GANESHCP,NSE,GANESHCP.NS,Ganesh Consumer Product L,GANESHCP|Ganesh Consumer Product L,,INE652V01016,759012,IIFL_SCRIPMASTER
GANESHHOU,NSE,GANESHHOU.NS,Ganesh Housing,GANESHHOU|Ganesh Housing|Ganesh Housing Limited,,INE460C01014,14339,IIFL_SCRIPMASTER
GANECOS,NSE,GANECOS.NS,Ganesha Ecosphere,GANECOS|Ganesha Ecosphere|Ganesha Ecosphere Limited,,INE845D01014,6944,IIFL_SCRIPMASTER
GANGAFORGE,NSE,GANGAFORGE.NS,Ganga Forging,GANGAFORGE|Ganga Forging|Ganga Forging Limited,,INE691Z01023,4957,IIFL_SCRIPMASTER
GANGESSECU,NSE,GANGESSECU.NS,Ganges Securities,GANGESSECU|Ganges Securities|Ganges Securities Limited,,INE335W01016,21399,IIFL_SCRIPMASTER
GRSE,NSE,GRSE.NS,Garden Reach Ship&Eng,GRSE|Garden Reach Ship&Eng|Garden Reach Ship&Eng Limited,,INE382Z01011,5475,IIFL_SCRIPMASTER
GARUDA,NSE,GARUDA.NS,Garuda Construct N Eng L,GARUDA|Garuda Construct N Eng L,,INE0JVO01026,25800,IIFL_SCRIPMASTER
GRWRHITECH,NSE,GRWRHITECH.NS,Garware Hi-Tech Films,GRWRHITECH|Garware Hi-Tech Films|Garware Hi-Tech Films Limited,,INE291A01017,7982,IIFL_SCRIPMASTER
GARFIBRES,NSE,GARFIBRES.NS,Garware Tech Fibres,GARFIBRES|Garware Tech Fibres|Garware Tech Fibres Limited,,INE276A01018,1100,IIFL_SCRIPMASTER
GATEWAY,NSE,GATEWAY.NS,Gateway Distriparks,GATEWAY|Gateway Distriparks|Gateway Distriparks Limited,,INE079J01017,8510,IIFL_SCRIPMASTER
GAYAHWS,NSE,GAYAHWS.NS,Gayatri Highways,GAYAHWS|Gayatri Highways|Gayatri Highways Limited,,INE287Z01012,3693,IIFL_SCRIPMASTER
GVPIL,NSE,GVPIL.NS,Ge Power India,GVPIL|Ge Power India|Ge Power India Limited,,INE878A01011,7862,IIFL_SCRIPMASTER
GVT&D,NSE,GVT&D.NS,Ge Vernova T&D India,GVT&D|Ge Vernova T&D India|Ge Vernova T&D India Limited,,INE200A01026,16783,IIFL_SCRIPMASTER
GEECEE,NSE,GEECEE.NS,Geecee Ventures,GEECEE|Geecee Ventures|Geecee Ventures Limited,,INE916G01016,13658,IIFL_SCRIPMASTER
GEEKAYWIRE,NSE,GEEKAYWIRE.NS,Geekay Wires,GEEKAYWIRE|Geekay Wires|Geekay Wires Limited,,INE669X01032,17922,IIFL_SCRIPMASTER
GICRE,NSE,GICRE.NS,General Ins Corp of India,GICRE|General Ins Corp of India,,INE481Y01014,277,IIFL_SCRIPMASTER
GENCON,NSE,GENCON.NS,Generic Eng Cons Proj,GENCON|Generic Eng Cons Proj|Generic Eng Cons Proj Limited,,INE854S01022,2188,IIFL_SCRIPMASTER
GENESYS,NSE,GENESYS.NS,Genesys Intl Corpn,GENESYS|Genesys Intl Corpn|Genesys Intl Corpn Limited,,INE727B01026,10905,IIFL_SCRIPMASTER
GENUSPAPER,NSE,GENUSPAPER.NS,Genus P&B,GENUSPAPER|Genus P&B|Genus P&B Limited,,INE949P01018,6600,IIFL_SCRIPMASTER
GENUSPOWER,NSE,GENUSPOWER.NS,Genus Power Infrastru,GENUSPOWER|Genus Power Infrastru|Genus Power Infrastru Limited,,INE955D01029,11905,IIFL_SCRIPMASTER
GEOJITFSL,NSE,GEOJITFSL.NS,Geojit Financial Ser L,GEOJITFSL|Geojit Financial Ser L,,INE007B01023,11896,IIFL_SCRIPMASTER
GFLLIMITED,NSE,GFLLIMITED.NS,Gfl,GFLLIMITED|Gfl|Gfl Limited,,INE538A01037,1289,IIFL_SCRIPMASTER
GHCL,NSE,GHCL.NS,Ghcl,GHCL|Ghcl|Ghcl Limited,,INE539A01019,1127,IIFL_SCRIPMASTER
GHCLTEXTIL,NSE,GHCLTEXTIL.NS,Ghcl Textiles,GHCLTEXTIL|Ghcl Textiles|Ghcl Textiles Limited,,INE0PA801013,16696,IIFL_SCRIPMASTER
GICHSGFIN,NSE,GICHSGFIN.NS,Gic Housing Finance,GICHSGFIN|Gic Housing Finance|Gic Housing Finance Limited,,INE289B01019,1139,IIFL_SCRIPMASTER
GILLANDERS,NSE,GILLANDERS.NS,Gillanders Arbuthnot,GILLANDERS|Gillanders Arbuthnot|Gillanders Arbuthnot Limited,,INE047B01011,17839,IIFL_SCRIPMASTER
GILLETTE,NSE,GILLETTE.NS,Gillette India,GILLETTE|Gillette India|Gillette India Limited,,INE322A01010,1576,IIFL_SCRIPMASTER
GINNIFILA,NSE,GINNIFILA.NS,Ginni Filaments,GINNIFILA|Ginni Filaments|Ginni Filaments Limited,,INE424C01010,1142,IIFL_SCRIPMASTER
GKENERGY,NSE,GKENERGY.NS,Gk Energy,GKENERGY|Gk Energy|Gk Energy Limited,,INE1AG301022,759048,IIFL_SCRIPMASTER
GKWLIMITED,NSE,GKWLIMITED.NS,Gkw,GKWLIMITED|Gkw|Gkw Limited,,INE528A01020,17357,IIFL_SCRIPMASTER
GLAND,NSE,GLAND.NS,Gland Pharma,GLAND|Gland Pharma|Gland Pharma Limited,,INE068V01023,1186,IIFL_SCRIPMASTER
GLAXO,NSE,GLAXO.NS,Glaxosmithkline Pharma Lt,GLAXO|Glaxosmithkline Pharma Lt,,INE159A01016,1153,IIFL_SCRIPMASTER
GLENMARK,NSE,GLENMARK.NS,Glenmark Pharmaceuticals,GLENMARK|Glenmark Pharmaceuticals,,INE935A01035,7406,IIFL_SCRIPMASTER
GLOBAL,NSE,GLOBAL.NS,Global Education,GLOBAL|Global Education|Global Education Limited,,INE291W01037,1415,IIFL_SCRIPMASTER
MEDANTA,NSE,MEDANTA.NS,Global Health,Global Health|Global Health Limited|MEDANTA,,INE474Q01031,11956,IIFL_SCRIPMASTER
GSLSU,NSE,GSLSU.NS,Global Surfaces,GSLSU|Global Surfaces|Global Surfaces Limited,,INE0JSX01015,14599,IIFL_SCRIPMASTER
GLOBALVECT,NSE,GLOBALVECT.NS,Global Vec Helicorp,GLOBALVECT|Global Vec Helicorp|Global Vec Helicorp Limited,,INE792H01019,13735,IIFL_SCRIPMASTER
GLOBE,NSE,GLOBE.NS,Globe Enterprise (I),GLOBE|Globe Enterprise (I)|Globe Enterprise (I) Limited,,INE581X01021,393,IIFL_SCRIPMASTER
GICL,NSE,GICL.NS,Globe Intl Carriers,GICL|Globe Intl Carriers|Globe Intl Carriers Limited,,INE947T01022,761025,IIFL_SCRIPMASTER
GLOBUSSPR,NSE,GLOBUSSPR.NS,Globus Spirits,GLOBUSSPR|Globus Spirits|Globus Spirits Limited,,INE615I01010,17424,IIFL_SCRIPMASTER
GLOSTERLTD,NSE,GLOSTERLTD.NS,Gloster,GLOSTERLTD|Gloster|Gloster Limited,,INE350Z01018,23590,IIFL_SCRIPMASTER
GMMPFAUDLR,NSE,GMMPFAUDLR.NS,Gmm Pfaudler,GMMPFAUDLR|Gmm Pfaudler|Gmm Pfaudler Limited,,INE541A01023,1570,IIFL_SCRIPMASTER
GMRAIRPORT,NSE,GMRAIRPORT.NS,Gmr Airports,GMRAIRPORT|Gmr Airports|Gmr Airports Limited,,INE776C01039,13528,IIFL_SCRIPMASTER
GMRP&UI,NSE,GMRP&UI.NS,Gmr Pow and Urban Infra L,GMRP&UI|Gmr Pow and Urban Infra L,,INE0CU601026,8529,IIFL_SCRIPMASTER
GNA,NSE,GNA.NS,Gna Axles,GNA|Gna Axles|Gna Axles Limited,,INE934S01014,18571,IIFL_SCRIPMASTER
EBGNG,NSE,EBGNG.NS,Gng Electronics,EBGNG|Gng Electronics|Gng Electronics Limited,,INE18JU01028,757862,IIFL_SCRIPMASTER
GODIGIT,NSE,GODIGIT.NS,Go Digit General Ins,GODIGIT|Go Digit General Ins|Go Digit General Ins Limited,,INE03JT01014,23799,IIFL_SCRIPMASTER
GOCOLORS,NSE,GOCOLORS.NS,Go Fashion India,GOCOLORS|Go Fashion India|Go Fashion India Limited,,INE0BJS01011,6964,IIFL_SCRIPMASTER
GOACARBON,NSE,GOACARBON.NS,Goa Carbon,GOACARBON|Goa Carbon|Goa Carbon Limited,,INE426D01013,14687,IIFL_SCRIPMASTER
GOCLCORP,NSE,GOCLCORP.NS,Gocl,GOCLCORP|Gocl|Gocl Corporation Limited,,INE077F01035,3963,IIFL_SCRIPMASTER
GODAVARIB,NSE,GODAVARIB.NS,Godavari Biorefineries L,GODAVARIB|Godavari Biorefineries L,,INE497S01012,25941,IIFL_SCRIPMASTER
GPIL,NSE,GPIL.NS,Godawari Pow & Isp,GPIL|Godawari Pow & Isp|Godawari Pow & Isp Limited,,INE177H01039,13409,IIFL_SCRIPMASTER
GODFRYPHLP,NSE,GODFRYPHLP.NS,Godfrey Phillips India Lt,GODFRYPHLP|Godfrey Phillips India Lt,,INE260B01028,1181,IIFL_SCRIPMASTER
GODREJAGRO,NSE,GODREJAGRO.NS,Godrej Agrovet,GODREJAGRO|Godrej Agrovet|Godrej Agrovet Limited,,INE850D01014,144,IIFL_SCRIPMASTER
GODREJCP,NSE,GODREJCP.NS,Godrej Consumer Products,GODREJCP|Godrej Consumer Products,,INE102D01028,10099,IIFL_SCRIPMASTER
GODREJIND,NSE,GODREJIND.NS,Godrej Industries,GODREJIND|Godrej Industries|Godrej Industries Limited,,INE233A01035,10925,IIFL_SCRIPMASTER
GODREJPROP,NSE,GODREJPROP.NS,Godrej Properties,GODREJPROP|Godrej Properties|Godrej Properties Limited,,INE484J01027,17875,IIFL_SCRIPMASTER
GOKEX,NSE,GOKEX.NS,Gokaldas Exports,GOKEX|Gokaldas Exports|Gokaldas Exports Limited,,INE887G01027,11778,IIFL_SCRIPMASTER
GOKULAGRO,NSE,GOKULAGRO.NS,Gokul Agro Resources,GOKULAGRO|Gokul Agro Resources|Gokul Agro Resources Limited,,INE314T01033,14480,IIFL_SCRIPMASTER
GOKUL,NSE,GOKUL.NS,Gokul Refoils & Solv,GOKUL|Gokul Refoils & Solv|Gokul Refoils & Solv Limited,,INE020J01029,16705,IIFL_SCRIPMASTER
GOLDIAM,NSE,GOLDIAM.NS,Goldiam International,GOLDIAM|Goldiam International|Goldiam International Limited,,INE025B01025,11971,IIFL_SCRIPMASTER
GOODLUCK,NSE,GOODLUCK.NS,Goodluck India,GOODLUCK|Goodluck India|Goodluck India Limited,,INE127I01024,6125,IIFL_SCRIPMASTER
GOODYEAR,NSE,GOODYEAR.NS,Goodyear India,GOODYEAR|Goodyear India|Goodyear India Limited,,INE533A01012,1205,IIFL_SCRIPMASTER
GOPAL,NSE,GOPAL.NS,Gopal Snacks,GOPAL|Gopal Snacks|Gopal Snacks Limited,,INE0L9R01028,23066,IIFL_SCRIPMASTER
GOYALALUM,NSE,GOYALALUM.NS,Goyal Aluminiums,GOYALALUM|Goyal Aluminiums|Goyal Aluminiums Limited,,INE705X01026,11787,IIFL_SCRIPMASTER
GULFPETRO,NSE,GULFPETRO.NS,Gp Petroleums,GULFPETRO|Gp Petroleums|Gp Petroleums Limited,,INE586G01017,11581,IIFL_SCRIPMASTER
GPTHEALTH,NSE,GPTHEALTH.NS,Gpt Healthcare,GPTHEALTH|Gpt Healthcare|Gpt Healthcare Limited,,INE486R01017,22846,IIFL_SCRIPMASTER
GPTINFRA,NSE,GPTINFRA.NS,Gpt Infraprojects,GPTINFRA|Gpt Infraprojects|Gpt Infraprojects Limited,,INE390G01014,17685,IIFL_SCRIPMASTER
GRADIENTE,NSE,GRADIENTE.NS,Gradiente Infotainment L,GRADIENTE|Gradiente Infotainment L,,INE361K01017,763299,IIFL_SCRIPMASTER
GRANDOAK,NSE,GRANDOAK.NS,Grand Oak Canyons Dist L,GRANDOAK|Grand Oak Canyons Dist L,,INE926B01016,762695,IIFL_SCRIPMASTER
GRANULES,NSE,GRANULES.NS,Granules India,GRANULES|Granules India|Granules India Limited,,INE101D01020,11872,IIFL_SCRIPMASTER
GRAPHITE,NSE,GRAPHITE.NS,Graphite India,GRAPHITE|Graphite India|Graphite India Limited,,INE371A01025,592,IIFL_SCRIPMASTER
GRASIM,NSE,GRASIM.NS,Grasim Industries,GRASIM|Grasim Industries|Grasim Industries Limited,,INE047A01021,1232,IIFL_SCRIPMASTER
GRAUWEIL,NSE,GRAUWEIL.NS,Grauer & Weil Ind,GRAUWEIL|Grauer & Weil Ind|Grauer & Weil Ind Limited,,INE266D01021,5200,IIFL_SCRIPMASTER
GRAVISSHO,NSE,GRAVISSHO.NS,Graviss Hospitality,GRAVISSHO|Graviss Hospitality|Graviss Hospitality Limited,,INE214F01026,762700,IIFL_SCRIPMASTER
GRAVITA,NSE,GRAVITA.NS,Gravita India,GRAVITA|Gravita India|Gravita India Limited,,INE024L01027,20534,IIFL_SCRIPMASTER
GREAVESCOT,NSE,GREAVESCOT.NS,Greaves Cotton,GREAVESCOT|Greaves Cotton|Greaves Cotton Limited,,INE224A01026,1235,IIFL_SCRIPMASTER
GREENLAM,NSE,GREENLAM.NS,Greenlam Industries,GREENLAM|Greenlam Industries|Greenlam Industries Limited,,INE544R01021,6848,IIFL_SCRIPMASTER
GREENPANEL,NSE,GREENPANEL.NS,Greenpanel Industries,GREENPANEL|Greenpanel Industries|Greenpanel Industries Limited,,INE08ZM01014,13810,IIFL_SCRIPMASTER
GREENPLY,NSE,GREENPLY.NS,Greenply Industries,GREENPLY|Greenply Industries|Greenply Industries Limited,,INE461C01038,3987,IIFL_SCRIPMASTER
GCSL,NSE,GCSL.NS,Gretex Corporate Services,GCSL|Gretex Corporate Services,,INE199P01028,758986,IIFL_SCRIPMASTER
GRINDWELL,NSE,GRINDWELL.NS,Grindwell Norton,GRINDWELL|Grindwell Norton|Grindwell Norton Limited,,INE536A01023,13560,IIFL_SCRIPMASTER
GRMOVER,NSE,GRMOVER.NS,Grm Overseas,GRMOVER|Grm Overseas|Grm Overseas Limited,,INE192H01020,10871,IIFL_SCRIPMASTER
GROWWCAPM,NSE,GROWWCAPM.NS,Growwamc - Growwcapm,GROWWCAPM|Growwamc - Growwcapm,,INF666M01MM4,760051,IIFL_SCRIPMASTER
GROWWCHEM,NSE,GROWWCHEM.NS,Growwamc - Growwchem,GROWWCHEM|Growwamc - Growwchem,,INF666M01NP5,760673,IIFL_SCRIPMASTER
GROWWDEFNC,NSE,GROWWDEFNC.NS,Growwamc - Growwdefnc,GROWWDEFNC|Growwamc - Growwdefnc,,INF666M01IO8,25758,IIFL_SCRIPMASTER
GROWWEV,NSE,GROWWEV.NS,Growwamc - Growwev,GROWWEV|Growwamc - Growwev,,INF666M01IH2,24798,IIFL_SCRIPMASTER
GROWWGOLD,NSE,GROWWGOLD.NS,Growwamc - Growwgold,GROWWGOLD|Growwamc - Growwgold,,INF666M01OE7,25872,IIFL_SCRIPMASTER
GROWWHOSPI,NSE,GROWWHOSPI.NS,Growwamc - Growwhospi,GROWWHOSPI|Growwamc - Growwhospi,,INF666M01OD9,760874,IIFL_SCRIPMASTER
GROWWLIQID,NSE,GROWWLIQID.NS,Growwamc - Growwliqid,GROWWLIQID|Growwamc - Growwliqid,,INF666M01IP5,25447,IIFL_SCRIPMASTER
GROWWLOVOL,NSE,GROWWLOVOL.NS,Growwamc - Growwlovol,GROWWLOVOL|Growwamc - Growwlovol,,INF666M01LB9,758300,IIFL_SCRIPMASTER
GROWWMC150,NSE,GROWWMC150.NS,Growwamc - Growwmc150,GROWWMC150|Growwamc - Growwmc150,,INF666M01MV5,759719,IIFL_SCRIPMASTER
GROWWMETAL,NSE,GROWWMETAL.NS,Growwamc - Growwmetal,GROWWMETAL|Growwamc - Growwmetal,,INF666M01NI0,760438,IIFL_SCRIPMASTER
GROWWMOM50,NSE,GROWWMOM50.NS,Growwamc - Growwmom50,GROWWMOM50|Growwamc - Growwmom50,,INF666M01KJ4,756086,IIFL_SCRIPMASTER
GROWWN200,NSE,GROWWN200.NS,Growwamc - Growwn200,GROWWN200|Growwamc - Growwn200,,INF666M01JV1,29872,IIFL_SCRIPMASTER
GROWWNET,NSE,GROWWNET.NS,Growwamc - Growwnet,GROWWNET|Growwamc - Growwnet,,INF666M01LI4,757814,IIFL_SCRIPMASTER
GROWWNIFTY,NSE,GROWWNIFTY.NS,Growwamc - Growwnifty,GROWWNIFTY|Growwamc - Growwnifty,,INF666M01LL8,758697,IIFL_SCRIPMASTER
GROWWNXT50,NSE,GROWWNXT50.NS,Growwamc - Growwnxt50,GROWWNXT50|Growwamc - Growwnxt50,,INF666M01LZ8,759458,IIFL_SCRIPMASTER
GROWWPOWER,NSE,GROWWPOWER.NS,Growwamc - Growwpower,GROWWPOWER|Growwamc - Growwpower,,INF666M01LM6,758165,IIFL_SCRIPMASTER
GROWWPSE,NSE,GROWWPSE.NS,Growwamc - Growwpse,GROWWPSE|Growwamc - Growwpse,,INF666M01NQ3,760976,IIFL_SCRIPMASTER
GROWWPSUBK,NSE,GROWWPSUBK.NS,Growwamc - Growwpsubk,GROWWPSUBK|Growwamc - Growwpsubk,,INF666M01OG2,761514,IIFL_SCRIPMASTER
GROWWRAIL,NSE,GROWWRAIL.NS,Growwamc - Growwrail,GROWWRAIL|Growwamc - Growwrail,,INF666M01JJ6,29527,IIFL_SCRIPMASTER
GROWWRLTY,NSE,GROWWRLTY.NS,Growwamc - Growwrlty,GROWWRLTY|Growwamc - Growwrlty,,INF666M01MN2,759428,IIFL_SCRIPMASTER
GROWWSC250,NSE,GROWWSC250.NS,Growwamc - Growwsc250,GROWWSC250|Growwamc - Growwsc250,,INF666M01MO0,759522,IIFL_SCRIPMASTER
GROWWSLVR,NSE,GROWWSLVR.NS,Growwamc - Growwslvr,GROWWSLVR|Growwamc - Growwslvr,,INF666M01OF4,756827,IIFL_SCRIPMASTER
PVTBKGROWW,NSE,PVTBKGROWW.NS,Growwamc - Pvtbkgroww,Growwamc - Pvtbkgroww|PVTBKGROWW,,INF666M01OT5,763572,IIFL_SCRIPMASTER
GRPLTD,NSE,GRPLTD.NS,Grp,GRPLTD|Grp|Grp Limited,,INE137I01015,6543,IIFL_SCRIPMASTER
GSPCROP,NSE,GSPCROP.NS,Gsp Crop Science,GSPCROP|Gsp Crop Science|Gsp Crop Science Limited,,INE713R01022,762239,IIFL_SCRIPMASTER
GTL,NSE,GTL.NS,Gtl,GTL|Gtl|Gtl Limited,,INE043A01012,1162,IIFL_SCRIPMASTER
GTLINFRA,NSE,GTLINFRA.NS,Gtl Infra.,GTLINFRA|Gtl Infra.|Gtl Infra.Limited,,INE221H01019,13745,IIFL_SCRIPMASTER
GTPL,NSE,GTPL.NS,Gtpl Hathway,GTPL|Gtpl Hathway|Gtpl Hathway Limited,,INE869I01013,21195,IIFL_SCRIPMASTER
GUFICBIO,NSE,GUFICBIO.NS,Gufic Biosciences,GUFICBIO|Gufic Biosciences|Gufic Biosciences Limited,,INE742B01025,11606,IIFL_SCRIPMASTER
GIPCL,NSE,GIPCL.NS,Guj Ind Pow Co.,GIPCL|Guj Ind Pow Co.|Guj Ind Pow Co. Limited,,INE162A01010,1145,IIFL_SCRIPMASTER
GNFC,NSE,GNFC.NS,Guj Nar Val Fer & Chem L,GNFC|Guj Nar Val Fer & Chem L,,INE113A01013,1174,IIFL_SCRIPMASTER
GSFC,NSE,GSFC.NS,Guj State Fert & Chem,GSFC|Guj State Fert & Chem|Guj State Fert & Chem Limited,,INE026A01025,1247,IIFL_SCRIPMASTER
GUJAPOLLO,NSE,GUJAPOLLO.NS,Guj. Apollo Ind.,GUJAPOLLO|Guj. Apollo Ind.|Guj. Apollo Ind. Limited,,INE826C01016,14677,IIFL_SCRIPMASTER
GUJALKALI,NSE,GUJALKALI.NS,Gujarat Alkalies & Chem,GUJALKALI|Gujarat Alkalies & Chem,,INE186A01019,1267,IIFL_SCRIPMASTER
GAEL,NSE,GAEL.NS,Gujarat Ambuja Exports Lt,GAEL|Gujarat Ambuja Exports Lt,,INE036B01030,8828,IIFL_SCRIPMASTER
FLUOROCHEM,NSE,FLUOROCHEM.NS,Gujarat Fluorochem,FLUOROCHEM|Gujarat Fluorochem|Gujarat Fluorochem Limited,,INE09N301011,13750,IIFL_SCRIPMASTER
GUJGASLTD,NSE,GUJGASLTD.NS,Gujarat Gas,GUJGASLTD|Gujarat Gas|Gujarat Gas Limited,,INE844O01030,10599,IIFL_SCRIPMASTER
GKSL,NSE,GKSL.NS,Gujarat Kidney N Sup Sp L,GKSL|Gujarat Kidney N Sup Sp L,,INE0V0W01025,761197,IIFL_SCRIPMASTER
GMDCLTD,NSE,GMDCLTD.NS,Gujarat Mineral Dev Corp,GMDCLTD|Gujarat Mineral Dev Corp,,INE131A01031,5204,IIFL_SCRIPMASTER
GNRL,NSE,GNRL.NS,Gujarat Natural Res L,GNRL|Gujarat Natural Res L,,INE207H01018,762690,IIFL_SCRIPMASTER
GPPL,NSE,GPPL.NS,Gujarat Pipavav Port,GPPL|Gujarat Pipavav Port|Gujarat Pipavav Port Limited,,INE517F01014,19731,IIFL_SCRIPMASTER
GUJRAFFIA,NSE,GUJRAFFIA.NS,Gujarat Raffia Indust,GUJRAFFIA|Gujarat Raffia Indust|Gujarat Raffia Indust Limited,,INE610B01024,4548,IIFL_SCRIPMASTER
GUJTHEM,NSE,GUJTHEM.NS,Gujarat Themis Biosyn,GUJTHEM|Gujarat Themis Biosyn|Gujarat Themis Biosyn Limited,,INE942C01045,29731,IIFL_SCRIPMASTER
GULFOILLUB,NSE,GULFOILLUB.NS,Gulf Oil Lub. Ind.,GULFOILLUB|Gulf Oil Lub. Ind.|Gulf Oil Lub. Ind. Limited,,INE635Q01029,4391,IIFL_SCRIPMASTER
GULPOLY,NSE,GULPOLY.NS,Gulshan Polyols,GULPOLY|Gulshan Polyols|Gulshan Polyols Limited,,INE255D01024,6286,IIFL_SCRIPMASTER
GVPTECH,NSE,GVPTECH.NS,Gvp Infotech,GVPTECH|Gvp Infotech|Gvp Infotech Limited,,INE382T01030,10865,IIFL_SCRIPMASTER
HBESD,NSE,HBESD.NS,H B Estate Developers L,H B Estate Developers L|HBESD,,INE640B01021,762712,IIFL_SCRIPMASTER
HGINFRA,NSE,HGINFRA.NS,H.G.Infra Engineering,H.G.Infra Engineering|H.G.Infra Engineering Limited|HGINFRA,,INE926X01010,1672,IIFL_SCRIPMASTER
HDFCAMC,NSE,HDFCAMC.NS,HDFC Amc,HDFC Amc|HDFC Amc Limited|HDFCAMC,,INE127D01025,4244,IIFL_SCRIPMASTER
HDFCBANK,NSE,HDFCBANK.NS,HDFC Bank,HDFC|HDFC Bank|HDFC Bank Limited|HDFCBANK,,INE040A01034,1333,IIFL_SCRIPMASTER
HDFCLIFE,NSE,HDFCLIFE.NS,HDFC Life Ins Co,HDFC Life Ins Co|HDFC Life Ins Co Limited|HDFCLIFE,,INE795G01014,467,IIFL_SCRIPMASTER
HDFCBSE500,NSE,HDFCBSE500.NS,HDFCamc - HDFCbse500,HDFCBSE500|HDFCamc - HDFCbse500,,INF179KC1EZ4,14230,IIFL_SCRIPMASTER
HDFCGROWTH,NSE,HDFCGROWTH.NS,HDFCamc - HDFCgrowth,HDFCGROWTH|HDFCamc - HDFCgrowth,,INF179KC1DJ0,11241,IIFL_SCRIPMASTER
HDFCLIQUID,NSE,HDFCLIQUID.NS,HDFCamc - HDFCliquid,HDFCLIQUID|HDFCamc - HDFCliquid,,INF179KC1JG3,18279,IIFL_SCRIPMASTER
HDFCLOWVOL,NSE,HDFCLOWVOL.NS,HDFCamc - HDFClowvol,HDFCLOWVOL|HDFCamc - HDFClowvol,,INF179KC1HU8,11547,IIFL_SCRIPMASTER
HDFCMID150,NSE,HDFCMID150.NS,HDFCamc - HDFCmid150,HDFCMID150|HDFCamc - HDFCmid150,,INF179KC1HT0,14236,IIFL_SCRIPMASTER
HDFCMOMENT,NSE,HDFCMOMENT.NS,HDFCamc - HDFCmoment,HDFCMOMENT|HDFCamc - HDFCmoment,,INF179KC1HV6,11538,IIFL_SCRIPMASTER
HDFCNEXT50,NSE,HDFCNEXT50.NS,HDFCamc - HDFCnext50,HDFCNEXT50|HDFCamc - HDFCnext50,,INF179KC1HS2,10619,IIFL_SCRIPMASTER
HDFCNIF100,NSE,HDFCNIF100.NS,HDFCamc - HDFCnif100,HDFCNIF100|HDFCamc - HDFCnif100,,INF179KC1HR4,10633,IIFL_SCRIPMASTER
HDFCNIFBAN,NSE,HDFCNIFBAN.NS,HDFCamc - HDFCnifban,HDFCNIFBAN|HDFCamc - HDFCnifban,,INF179KC1HY0,22433,IIFL_SCRIPMASTER
HDFCNIFIT,NSE,HDFCNIFIT.NS,HDFCamc - HDFCnifit,HDFCNIFIT|HDFCamc - HDFCnifit,,INF179KC1IA8,12101,IIFL_SCRIPMASTER
HDFCNIFTY,NSE,HDFCNIFTY.NS,HDFCamc - HDFCnifty,HDFCNIFTY|HDFCamc - HDFCnifty,,INF179KC1965,11591,IIFL_SCRIPMASTER
HDFCPVTBAN,NSE,HDFCPVTBAN.NS,HDFCamc - HDFCpvtban,HDFCPVTBAN|HDFCamc - HDFCpvtban,,INF179KC1HZ7,12108,IIFL_SCRIPMASTER
HDFCQUAL,NSE,HDFCQUAL.NS,HDFCamc - HDFCqual,HDFCQUAL|HDFCamc - HDFCqual,,INF179KC1DL6,11255,IIFL_SCRIPMASTER
HDFCSENSEX,NSE,HDFCSENSEX.NS,HDFCamc - HDFCsensex,HDFCSENSEX|HDFCamc - HDFCsensex,,INF179KC1HX2,11593,IIFL_SCRIPMASTER
HDFCSILVER,NSE,HDFCSILVER.NS,HDFCamc - HDFCsilver,HDFCSILVER|HDFCamc - HDFCsilver,,INF179KC1DI2,10876,IIFL_SCRIPMASTER
HDFCSML250,NSE,HDFCSML250.NS,HDFCamc - HDFCsml250,HDFCSML250|HDFCamc - HDFCsml250,,INF179KC1FB2,14233,IIFL_SCRIPMASTER
HDFCVALUE,NSE,HDFCVALUE.NS,HDFCamc - HDFCvalue,HDFCVALUE|HDFCamc - HDFCvalue,,INF179KC1DK8,11260,IIFL_SCRIPMASTER
HDFCPSUBK,NSE,HDFCPSUBK.NS,HDFCamc HDFCpsubk,HDFCPSUBK|HDFCamc HDFCpsubk,,INF179KC1HW4,22595,IIFL_SCRIPMASTER
HALDER,NSE,HALDER.NS,Halder Venture,HALDER|Halder Venture|Halder Venture Limited,,INE115S01010,760715,IIFL_SCRIPMASTER
HALDYNGL,NSE,HALDYNGL.NS,Haldyn Glass,HALDYNGL|Haldyn Glass|Haldyn Glass Limited,,INE506D01020,762705,IIFL_SCRIPMASTER
HALEOSLABS,NSE,HALEOSLABS.NS,Haleos Labs,HALEOSLABS|Haleos Labs|Haleos Labs Limited,,INE320X01016,21551,IIFL_SCRIPMASTER
HGM,NSE,HGM.NS,Handson Gbl Mngmnt,HGM|Handson Gbl Mngmnt|Handson Gbl Mngmnt Limited,,INE596H01014,13592,IIFL_SCRIPMASTER
HANGSENG,NSE,HANGSENG.NS,Hangseng,HANGSENG|Hangseng,,HangSeng,999920022,IIFL_SCRIPMASTER
HANGSENGBEES-NAV,NSE,HANGSENGBEES-NAV.NS,Hangseng Bees-Nav,HANGSENGBEES-NAV|Hangseng Bees-Nav,,HangSeng BeES-NAV,999920020,IIFL_SCRIPMASTER
HAPPSTMNDS,NSE,HAPPSTMNDS.NS,Happiest Minds Techno,HAPPSTMNDS|Happiest Minds Techno|Happiest Minds Techno Limited,,INE419U01012,48,IIFL_SCRIPMASTER
HAPPYFORGE,NSE,HAPPYFORGE.NS,Happy Forgings,HAPPYFORGE|Happy Forgings|Happy Forgings Limited,,INE330T01021,20854,IIFL_SCRIPMASTER
HARDWYN,NSE,HARDWYN.NS,Hardwyn India,HARDWYN|Hardwyn India|Hardwyn India Limited,,INE626Z01029,8962,IIFL_SCRIPMASTER
HARIOMPIPE,NSE,HARIOMPIPE.NS,Hariom Pipe Industries L,HARIOMPIPE|Hariom Pipe Industries L,,INE00EV01017,8968,IIFL_SCRIPMASTER
HARRMALAYA,NSE,HARRMALAYA.NS,Harrison Malayalam,HARRMALAYA|Harrison Malayalam|Harrison Malayalam Limited,,INE544A01019,1313,IIFL_SCRIPMASTER
HARSHA,NSE,HARSHA.NS,Harsha Engineers Int,HARSHA|Harsha Engineers Int|Harsha Engineers Int Limited,,INE0JUS01029,11162,IIFL_SCRIPMASTER
HATHWAY,NSE,HATHWAY.NS,Hathway Cable & Datacom,HATHWAY|Hathway Cable & Datacom,,INE982F01036,18154,IIFL_SCRIPMASTER
HATSUN,NSE,HATSUN.NS,Hatsun Agro Product,HATSUN|Hatsun Agro Product|Hatsun Agro Product Limited,,INE473B01035,3892,IIFL_SCRIPMASTER
HAVELLS,NSE,HAVELLS.NS,Havells India,HAVELLS|Havells India|Havells India Limited,,INE176B01034,9819,IIFL_SCRIPMASTER
HAWKINCOOK,NSE,HAWKINCOOK.NS,Hawkins Cookers,HAWKINCOOK|Hawkins Cookers|Hawkins Cookers Limited,,INE979B01015,4444,IIFL_SCRIPMASTER
HBLENGINE,NSE,HBLENGINE.NS,Hbl Engineering,HBLENGINE|Hbl Engineering|Hbl Engineering Limited,,INE292B01021,13966,IIFL_SCRIPMASTER
HCL-INSYS,NSE,HCL-INSYS.NS,Hcl Infosystems,HCL-INSYS|Hcl Infosystems|Hcl Infosystems Limited,,INE236A01020,1327,IIFL_SCRIPMASTER
HCLTECH,NSE,HCLTECH.NS,Hcl Technologies,HCLTECH|Hcl Technologies|Hcl Technologies Limited,,INE860A01027,7229,IIFL_SCRIPMASTER
HDBFS,NSE,HDBFS.NS,Hdb Financial Services L,HDBFS|Hdb Financial Services L,,INE756I01012,757772,IIFL_SCRIPMASTER
HEADSUP,NSE,HEADSUP.NS,Heads Up Ventures,HEADSUP|Heads Up Ventures|Heads Up Ventures Limited,,INE759V01019,19205,IIFL_SCRIPMASTER
HEALTHX,NSE,HEALTHX.NS,Health X Platform,HEALTHX|Health X Platform|Health X Platform Limited,,INE019J01013,20063,IIFL_SCRIPMASTER
HCG,NSE,HCG.NS,Healthcare Glob. Ent.,HCG|Healthcare Glob. Ent.|Healthcare Glob. Ent. Limited,,INE075I01017,15555,IIFL_SCRIPMASTER
HECPROJECT,NSE,HECPROJECT.NS,Hec Infra Projects,HECPROJECT|Hec Infra Projects|Hec Infra Projects Limited,,INE558R01013,7425,IIFL_SCRIPMASTER
HEG,NSE,HEG.NS,Heg,HEG|Heg|Heg Limited,,INE545A01024,1336,IIFL_SCRIPMASTER
HEIDELBERG,NSE,HEIDELBERG.NS,Heidelbergcement (I),HEIDELBERG|Heidelbergcement (I)|Heidelbergcement (I) Limited,,INE578A01017,2316,IIFL_SCRIPMASTER
HEMIPROP,NSE,HEMIPROP.NS,Hemisphere Prop Ind,HEMIPROP|Hemisphere Prop Ind|Hemisphere Prop Ind Limited,,INE0AJG01018,701,IIFL_SCRIPMASTER
HERANBA,NSE,HERANBA.NS,Heranba Industries,HERANBA|Heranba Industries|Heranba Industries Limited,,INE694N01015,2614,IIFL_SCRIPMASTER
HERITGFOOD,NSE,HERITGFOOD.NS,Heritage Foods,HERITGFOOD|Heritage Foods|Heritage Foods Limited,,INE978A01027,4598,IIFL_SCRIPMASTER
HEROMOTOCO,NSE,HEROMOTOCO.NS,Hero Motocorp,HEROMOTOCO|Hero Motocorp|Hero Motocorp Limited,,INE158A01026,1348,IIFL_SCRIPMASTER
HESTERBIO,NSE,HESTERBIO.NS,Hester Biosciences,HESTERBIO|Hester Biosciences|Hester Biosciences Limited,,INE782E01017,7048,IIFL_SCRIPMASTER
HEXATRADEX,NSE,HEXATRADEX.NS,Hexa Tradex,HEXATRADEX|Hexa Tradex|Hexa Tradex Limited,,INE750M01017,27008,IIFL_SCRIPMASTER
HEXT,NSE,HEXT.NS,Hexaware Technologies,HEXT|Hexaware Technologies|Hexaware Technologies Limited,,INE093A01041,29666,IIFL_SCRIPMASTER
HFCL,NSE,HFCL.NS,Hfcl,HFCL|Hfcl|Hfcl Limited,,INE548A01028,21951,IIFL_SCRIPMASTER
HITECH,NSE,HITECH.NS,Hi-Tech Pipes,HITECH|Hi-Tech Pipes|Hi-Tech Pipes Limited,,INE106T01025,2868,IIFL_SCRIPMASTER
HIKAL,NSE,HIKAL.NS,Hikal,HIKAL|Hikal|Hikal Limited,,INE475B01022,9668,IIFL_SCRIPMASTER
HSCL,NSE,HSCL.NS,Himadri Speciality Chem L,HSCL|Himadri Speciality Chem L,,INE019C01026,14334,IIFL_SCRIPMASTER
HIMATSEIDE,NSE,HIMATSEIDE.NS,Himatsingka Seide,HIMATSEIDE|Himatsingka Seide|Himatsingka Seide Limited,,INE049A01027,1360,IIFL_SCRIPMASTER
HIRECT,NSE,HIRECT.NS,Hind Rectifier,HIRECT|Hind Rectifier|Hind Rectifier Limited,,INE835D01023,13890,IIFL_SCRIPMASTER
HINDALCO,NSE,HINDALCO.NS,Hindalco Industries,HINDALCO|Hindalco Industries|Hindalco Industries Limited,,INE038A01020,1363,IIFL_SCRIPMASTER
HPIL,NSE,HPIL.NS,Hindprakash Industry,HPIL|Hindprakash Industry|Hindprakash Industry Limited,,INE05X901010,11796,IIFL_SCRIPMASTER
HGS,NSE,HGS.NS,Hinduja Global Sols.,HGS|Hinduja Global Sols.|Hinduja Global Sols. Limited,,INE170I01016,14712,IIFL_SCRIPMASTER
HAL,NSE,HAL.NS,Hindustan Aeronautics,HAL|Hindustan Aeronautics|Hindustan Aeronautics Limited,,INE066F01020,2303,IIFL_SCRIPMASTER
HINDCOMPOS,NSE,HINDCOMPOS.NS,Hindustan Composites,HINDCOMPOS|Hindustan Composites|Hindustan Composites Limited,,INE310C01029,1372,IIFL_SCRIPMASTER
HCC,NSE,HCC.NS,Hindustan Construction Co,HCC|Hindustan Construction Co,,INE549A01026,1375,IIFL_SCRIPMASTER
HINDCOPPER,NSE,HINDCOPPER.NS,Hindustan Copper,HINDCOPPER|Hindustan Copper|Hindustan Copper Limited,,INE531E01026,17939,IIFL_SCRIPMASTER
HNDFDS,NSE,HNDFDS.NS,Hindustan Foods,HNDFDS|Hindustan Foods|Hindustan Foods Limited,,INE254N01026,12173,IIFL_SCRIPMASTER
HMVL,NSE,HMVL.NS,Hindustan Media Vent,HMVL|Hindustan Media Vent|Hindustan Media Vent Limited,,INE871K01015,19211,IIFL_SCRIPMASTER
HINDOILEXP,NSE,HINDOILEXP.NS,Hindustan Oil Exploration,HINDOILEXP|Hindustan Oil Exploration,,INE345A01011,1403,IIFL_SCRIPMASTER
HINDPETRO,NSE,HINDPETRO.NS,Hindustan Petroleum Corp,HINDPETRO|Hindustan Petroleum Corp,,INE094A01015,1406,IIFL_SCRIPMASTER
HINDUNILVR,NSE,HINDUNILVR.NS,Hindustan Unilever,HINDUNILVR|Hindustan Unilever|Hindustan Unilever Limited,,INE030A01027,1394,IIFL_SCRIPMASTER
HINDZINC,NSE,HINDZINC.NS,Hindustan Zinc,HINDZINC|Hindustan Zinc|Hindustan Zinc Limited,,INE267A01025,1424,IIFL_SCRIPMASTER
HINDWAREAP,NSE,HINDWAREAP.NS,Hindware Hme Inovaton,HINDWAREAP|Hindware Hme Inovaton|Hindware Hme Inovaton Limited,,INE05AN01011,15883,IIFL_SCRIPMASTER
HISARMETAL,NSE,HISARMETAL.NS,Hisar Metal Ind.,HISARMETAL|Hisar Metal Ind.|Hisar Metal Ind. Limited,,INE598C01011,19322,IIFL_SCRIPMASTER
POWERINDIA,NSE,POWERINDIA.NS,Hitachi Energy India,Hitachi Energy India|Hitachi Energy India Limited|POWERINDIA,,INE07Y701011,18457,IIFL_SCRIPMASTER
HITECHCORP,NSE,HITECHCORP.NS,Hitech,HITECHCORP|Hitech|Hitech Corporation Limited,,INE120D01012,15161,IIFL_SCRIPMASTER
HLEGLAS,NSE,HLEGLAS.NS,Hle Glascoat,HLEGLAS|Hle Glascoat|Hle Glascoat Limited,,INE461D01028,2289,IIFL_SCRIPMASTER
HLVLTD,NSE,HLVLTD.NS,Hlv,HLVLTD|Hlv|Hlv Limited,,INE102A01024,1448,IIFL_SCRIPMASTER
HMAAGRO,NSE,HMAAGRO.NS,Hma Agro Industries,HMAAGRO|Hma Agro Industries|Hma Agro Industries Limited,,INE0ECP01024,17053,IIFL_SCRIPMASTER
HOMEFIRST,NSE,HOMEFIRST.NS,Home First Fin Co Ind,HOMEFIRST|Home First Fin Co Ind|Home First Fin Co Ind Limited,,INE481N01025,2056,IIFL_SCRIPMASTER
HONASA,NSE,HONASA.NS,Honasa Consumer,HONASA|Honasa Consumer|Honasa Consumer Limited,,INE0J5401028,19813,IIFL_SCRIPMASTER
HONDAPOWER,NSE,HONDAPOWER.NS,Honda I Power Product,HONDAPOWER|Honda I Power Product|Honda I Power Product Limited,,INE634A01018,3138,IIFL_SCRIPMASTER
HONAUT,NSE,HONAUT.NS,Honeywell Automation Ind,HONAUT|Honeywell Automation Ind,,INE671A01010,3417,IIFL_SCRIPMASTER
HPAL,NSE,HPAL.NS,Hp Adhesives,HPAL|Hp Adhesives|Hp Adhesives Limited,,INE0GSL01024,7376,IIFL_SCRIPMASTER
HPL,NSE,HPL.NS,Hpl Electric & Power,HPL|Hpl Electric & Power|Hpl Electric & Power Limited,,INE495S01016,18679,IIFL_SCRIPMASTER
HSBCGOLD,NSE,HSBCGOLD.NS,Hsbcamc - Hsbcgold,HSBCGOLD|Hsbcamc - Hsbcgold,,INF336L01RX2,761506,IIFL_SCRIPMASTER
HUDCO,NSE,HUDCO.NS,Hsg & Urban Dev Corpn,HUDCO|Hsg & Urban Dev Corpn|Hsg & Urban Dev Corpn Limited,,INE031A01017,20825,IIFL_SCRIPMASTER
HTMEDIA,NSE,HTMEDIA.NS,Ht Media,HTMEDIA|Ht Media|Ht Media Limited,,INE501G01024,11979,IIFL_SCRIPMASTER
HUBTOWN,NSE,HUBTOWN.NS,Hubtown,HUBTOWN|Hubtown|Hubtown Limited,,INE703H01016,14203,IIFL_SCRIPMASTER
HUHTAMAKI,NSE,HUHTAMAKI.NS,Huhtamaki India,HUHTAMAKI|Huhtamaki India|Huhtamaki India Limited,,INE275B01026,2562,IIFL_SCRIPMASTER
HYBRIDFIN,NSE,HYBRIDFIN.NS,Hybrid Financial Service,HYBRIDFIN|Hybrid Financial Service,,INE965B01022,12809,IIFL_SCRIPMASTER
HYUNDAI,NSE,HYUNDAI.NS,Hyundai Motor India,HYUNDAI|Hyundai Motor India|Hyundai Motor India Limited,,INE0V6F01027,25844,IIFL_SCRIPMASTER
IGPL,NSE,IGPL.NS,I G Petrochemicals,I G Petrochemicals|I G Petrochemicals Limited|IGPL,,INE204A01010,14086,IIFL_SCRIPMASTER
ICICIBANK,NSE,ICICIBANK.NS,ICICI Bank,ICICI|ICICI Bank|ICICI Bank Limited|ICICIBANK,,INE090A01021,4963,IIFL_SCRIPMASTER
ICICIGI,NSE,ICICIGI.NS,ICICI Lombard Gic,ICICI Lombard Gic|ICICI Lombard Gic Limited|ICICIGI,,INE765G01017,21770,IIFL_SCRIPMASTER
ICICIPRULI,NSE,ICICIPRULI.NS,ICICI Pru Life Ins Co,ICICI Pru Life Ins Co|ICICI Pru Life Ins Co Limited|ICICIPRULI,,INE726G01019,18652,IIFL_SCRIPMASTER
ICICIAMC,NSE,ICICIAMC.NS,ICICI Prudential Amc,ICICI Prudential Amc|ICICI Prudential Amc Limited|ICICIAMC,,INE346A01027,760407,IIFL_SCRIPMASTER
ICICIB22,NSE,ICICIB22.NS,ICICIpramc - Bharatiwin,ICICIB22|ICICIpramc - Bharatiwin,,INF109KB15Y7,522,IIFL_SCRIPMASTER
CASHIETF,NSE,CASHIETF.NS,ICICIpramc - Cashietf,CASHIETF|ICICIpramc - Cashietf,,INF109K1A021,30139,IIFL_SCRIPMASTER
EVIETF,NSE,EVIETF.NS,ICICIpramc - Evietf,EVIETF|ICICIpramc - Evietf,,INF109K1A153,755881,IIFL_SCRIPMASTER
GSEC10IETF,NSE,GSEC10IETF.NS,ICICIpramc - ICICI10Gs,GSEC10IETF|ICICIpramc - ICICI10Gs,,INF109KC18O0,13143,IIFL_SCRIPMASTER
BSE500IETF,NSE,BSE500IETF.NS,ICICIpramc - ICICI500,BSE500IETF|ICICIpramc - ICICI500,,INF109KC1V59,3001,IIFL_SCRIPMASTER
GSEC5IETF,NSE,GSEC5IETF.NS,ICICIpramc - ICICI5Gsec,GSEC5IETF|ICICIpramc - ICICI5Gsec,,INF109KC14A8,8342,IIFL_SCRIPMASTER
ALPL30IETF,NSE,ALPL30IETF.NS,ICICIpramc - ICICIalplv,ALPL30IETF|ICICIpramc - ICICIalplv,,INF109KC17V7,22344,IIFL_SCRIPMASTER
AUTOIETF,NSE,AUTOIETF.NS,ICICIpramc - ICICIauto,AUTOIETF|ICICIpramc - ICICIauto,,INF109KC10V2,7844,IIFL_SCRIPMASTER
PVTBANIETF,NSE,PVTBANIETF.NS,ICICIpramc - ICICIbankp,ICICIpramc - ICICIbankp|PVTBANIETF,,INF109KC18U7,11386,IIFL_SCRIPMASTER
COMMOIETF,NSE,COMMOIETF.NS,ICICIpramc - ICICIcommo,COMMOIETF|ICICIpramc - ICICIcommo,,INF109KC19O8,13198,IIFL_SCRIPMASTER
CONSUMIETF,NSE,CONSUMIETF.NS,ICICIpramc - ICICIconsu,CONSUMIETF|ICICIpramc - ICICIconsu,,INF109KC1V42,6446,IIFL_SCRIPMASTER
FMCGIETF,NSE,FMCGIETF.NS,ICICIpramc - ICICIfmcg,FMCGIETF|ICICIpramc - ICICIfmcg,,INF109KC19V3,5306,IIFL_SCRIPMASTER
INFRAIETF,NSE,INFRAIETF.NS,ICICIpramc - ICICIinfra,ICICIpramc - ICICIinfra|INFRAIETF,,INF109KC16E5,10723,IIFL_SCRIPMASTER
LIQUIDIETF,NSE,LIQUIDIETF.NS,ICICIpramc - ICICIliq,ICICIpramc - ICICIliq|LIQUIDIETF,,INF109KC1KT9,4838,IIFL_SCRIPMASTER
MIDCAPIETF,NSE,MIDCAPIETF.NS,ICICIpramc - ICICIm150,ICICIpramc - ICICIm150|MIDCAPIETF,,INF109KC11W8,17152,IIFL_SCRIPMASTER
MOM30IETF,NSE,MOM30IETF.NS,ICICIpramc - ICICImom30,ICICIpramc - ICICImom30|MOM30IETF,,INF109KC17C7,10585,IIFL_SCRIPMASTER
NEXT50IETF,NSE,NEXT50IETF.NS,ICICIpramc - ICICInxt50,ICICIpramc - ICICInxt50|NEXT50IETF,,INF109KC1NS5,4529,IIFL_SCRIPMASTER
HEALTHIETF,NSE,HEALTHIETF.NS,ICICIpramc - ICICIpharm,HEALTHIETF|ICICIpramc - ICICIpharm,,INF109KC1Q72,3626,IIFL_SCRIPMASTER
QUAL30IETF,NSE,QUAL30IETF.NS,ICICIpramc - ICICIqty30,ICICIpramc - ICICIqty30|QUAL30IETF,,INF109KC18V5,17808,IIFL_SCRIPMASTER
SILVERIETF,NSE,SILVERIETF.NS,ICICIpramc - ICICIsilve,ICICIpramc - ICICIsilve|SILVERIETF,,INF109KC1Y56,7942,IIFL_SCRIPMASTER
ITIETF,NSE,ITIETF.NS,ICICIpramc - ICICItech,ICICIpramc - ICICItech|ITIETF,,INF109KC16I6,22365,IIFL_SCRIPMASTER
BANKIETF,NSE,BANKIETF.NS,ICICIpramc - Ipru5008,BANKIETF|ICICIpramc - Ipru5008,,INF109KC15I8,11037,IIFL_SCRIPMASTER
METALIETF,NSE,METALIETF.NS,ICICIpramc - Metalietf,ICICIpramc - Metalietf|METALIETF,,INF109KC19W1,24861,IIFL_SCRIPMASTER
OILIETF,NSE,OILIETF.NS,ICICIpramc - Oilietf,ICICIpramc - Oilietf|OILIETF,,INF109KC18W3,24533,IIFL_SCRIPMASTER
PSUBNKIETF,NSE,PSUBNKIETF.NS,ICICIpramc - Psubankici,ICICIpramc - Psubankici|PSUBNKIETF,,INF109KC10S8,14584,IIFL_SCRIPMASTER
TOP15IETF,NSE,TOP15IETF.NS,ICICIpramc - Top15Ietf,ICICIpramc - Top15Ietf|TOP15IETF,,INF109K1A344,757781,IIFL_SCRIPMASTER
VAL30IETF,NSE,VAL30IETF.NS,ICICIpramc - Val30Ietf,ICICIpramc - Val30Ietf|VAL30IETF,,INF109KC16X5,25851,IIFL_SCRIPMASTER
FINIETF,NSE,FINIETF.NS,ICICIpramc-ICICIfin,FINIETF|ICICIpramc-ICICIfin,,INF109KC17L8,12578,IIFL_SCRIPMASTER
IDBI,NSE,IDBI.NS,IDBI Bank,IDBI|IDBI Bank|IDBI Bank Limited,,INE008A01015,1476,IIFL_SCRIPMASTER
IDFCFIRSTB,NSE,IDFCFIRSTB.NS,IDFC First Bank,IDFC First Bank|IDFC First Bank Limited|IDFCFIRSTB,,INE092T01019,11184,IIFL_SCRIPMASTER
IFCI,NSE,IFCI.NS,IFCI,IFCI|IFCI Limited,,INE039A01010,1491,IIFL_SCRIPMASTER
ICDSLTD,NSE,ICDSLTD.NS,Icds,ICDSLTD|Icds|Icds Limited,,INE613B01010,6977,IIFL_SCRIPMASTER
ICEMAKE,NSE,ICEMAKE.NS,Ice Make Refrigerat,ICEMAKE|Ice Make Refrigerat|Ice Make Refrigerat Limited,,INE520Y01019,489,IIFL_SCRIPMASTER
ICRA,NSE,ICRA.NS,Icra,ICRA|Icra|Icra Limited,,INE725G01011,14523,IIFL_SCRIPMASTER
IFBIND,NSE,IFBIND.NS,Ifb Industries,IFBIND|Ifb Industries|Ifb Industries Limited,,INE559A01017,1485,IIFL_SCRIPMASTER
IFGLEXPOR,NSE,IFGLEXPOR.NS,Ifgl Refractories,IFGLEXPOR|Ifgl Refractories|Ifgl Refractories Limited,,INE133Y01011,436,IIFL_SCRIPMASTER
IGARASHI,NSE,IGARASHI.NS,Igarashi Motors India,IGARASHI|Igarashi Motors India|Igarashi Motors India Limited,,INE188B01013,634,IIFL_SCRIPMASTER
IIFLCAPS,NSE,IIFLCAPS.NS,Iifl Capital Services,IIFLCAPS|Iifl Capital Services|Iifl Capital Services Limited,,INE489L01022,13072,IIFL_SCRIPMASTER
IIFL,NSE,IIFL.NS,Iifl Finance,IIFL|Iifl Finance|Iifl Finance Limited,,INE530B01024,11809,IIFL_SCRIPMASTER
IKIO,NSE,IKIO.NS,Ikio Technologies,IKIO|Ikio Technologies|Ikio Technologies Limited,,INE0LOJ01019,16822,IIFL_SCRIPMASTER
IVC,NSE,IVC.NS,Il&Fs Investment Managers,IVC|Il&Fs Investment Managers,,INE050B01023,6711,IIFL_SCRIPMASTER
IMAGICAA,NSE,IMAGICAA.NS,Imagicaaworld Ent,IMAGICAA|Imagicaaworld Ent|Imagicaaworld Ent Limited,,INE172N01012,7672,IIFL_SCRIPMASTER
INCREDIBLE,NSE,INCREDIBLE.NS,Incredible Industries,INCREDIBLE|Incredible Industries|Incredible Industries Limited,,INE452L01012,17507,IIFL_SCRIPMASTER
IMPAL,NSE,IMPAL.NS,Ind Motor Part & Acc,IMPAL|Ind Motor Part & Acc|Ind Motor Part & Acc Limited,,INE547E01014,12009,IIFL_SCRIPMASTER
INDSWFTLAB,NSE,INDSWFTLAB.NS,Ind Swift Laboratories Lt,INDSWFTLAB|Ind Swift Laboratories Lt,,INE915B01019,4870,IIFL_SCRIPMASTER
INDTERRAIN,NSE,INDTERRAIN.NS,Ind Terrain Fashions,INDTERRAIN|Ind Terrain Fashions|Ind Terrain Fashions Limited,,INE611L01021,21957,IIFL_SCRIPMASTER
INDBANK,NSE,INDBANK.NS,Indbank Merch Bank,INDBANK|Indbank Merch Bank,,INE841B01017,16933,IIFL_SCRIPMASTER
BAJAJINDEF,NSE,BAJAJINDEF.NS,Indef Manufacturing,BAJAJINDEF|Indef Manufacturing|Indef Manufacturing Limited,,INE0O9T01021,29678,IIFL_SCRIPMASTER
INDGN,NSE,INDGN.NS,Indegene,INDGN|Indegene|Indegene Limited,,INE065X01017,23693,IIFL_SCRIPMASTER
INDIAGLYCO,NSE,INDIAGLYCO.NS,India Glycols,INDIAGLYCO|India Glycols|India Glycols Limited,,INE560A01023,1521,IIFL_SCRIPMASTER
INDNIPPON,NSE,INDNIPPON.NS,India Nippon Elect,INDNIPPON|India Nippon Elect|India Nippon Elect Limited,,INE092B01025,4747,IIFL_SCRIPMASTER
IPL,NSE,IPL.NS,India Pesticides,IPL|India Pesticides|India Pesticides Limited,,INE0D6701023,4934,IIFL_SCRIPMASTER
INDIASHLTR,NSE,INDIASHLTR.NS,India Shelter Fin Corp L,INDIASHLTR|India Shelter Fin Corp L,,INE922K01024,20556,IIFL_SCRIPMASTER
ITDC,NSE,ITDC.NS,India Tour. Dev. Co.,ITDC|India Tour. Dev. Co.|India Tour. Dev. Co. Limited,,INE353K01014,19299,IIFL_SCRIPMASTER
INDIAMART,NSE,INDIAMART.NS,Indiamart Intermesh,INDIAMART|Indiamart Intermesh|Indiamart Intermesh Limited,,INE933S01016,10726,IIFL_SCRIPMASTER
INDIANB,NSE,INDIANB.NS,Indian Bank,INDIANB|Indian Bank,,INE562A01011,14309,IIFL_SCRIPMASTER
INDIANCARD,NSE,INDIANCARD.NS,Indian Card Clothing Co.,INDIANCARD|Indian Card Clothing Co.,,INE061A01014,4422,IIFL_SCRIPMASTER
IEX,NSE,IEX.NS,Indian Energy Exc,IEX|Indian Energy Exc|Indian Energy Exc Limited,,INE022Q01020,220,IIFL_SCRIPMASTER
INDIANHUME,NSE,INDIANHUME.NS,Indian Hume Pipe Co.,INDIANHUME|Indian Hume Pipe Co.|Indian Hume Pipe Co. Limited,,INE323C01030,1530,IIFL_SCRIPMASTER
IMFA,NSE,IMFA.NS,Indian Metals & Ferro,IMFA|Indian Metals & Ferro,,INE919H01018,19235,IIFL_SCRIPMASTER
IOC,NSE,IOC.NS,Indian Oil Corp,IOC|Indian Oil Corp|Indian Oil Corp Limited,,INE242A01010,1624,IIFL_SCRIPMASTER
IOB,NSE,IOB.NS,Indian Overseas Bank,IOB|Indian Overseas Bank,,INE565A01014,9348,IIFL_SCRIPMASTER
IRCTC,NSE,IRCTC.NS,Indian Rail Tour Corp,IRCTC|Indian Rail Tour Corp|Indian Rail Tour Corp Limited,,INE335Y01020,13611,IIFL_SCRIPMASTER
IRFC,NSE,IRFC.NS,Indian Railway Fin Corp L,IRFC|Indian Railway Fin Corp L,,INE053F01010,2029,IIFL_SCRIPMASTER
IREDA,NSE,IREDA.NS,Indian Renewable Energy,IREDA|Indian Renewable Energy,,INE202E01016,20261,IIFL_SCRIPMASTER
IWP,NSE,IWP.NS,Indian Wood Products Co L,IWP|Indian Wood Products Co L,,INE586E01020,762727,IIFL_SCRIPMASTER
INDIGOPNTS,NSE,INDIGOPNTS.NS,Indigo Paints,INDIGOPNTS|Indigo Paints|Indigo Paints Limited,,INE09VQ01012,2048,IIFL_SCRIPMASTER
INDIQUBE,NSE,INDIQUBE.NS,Indiqube Spaces,INDIQUBE|Indiqube Spaces|Indiqube Spaces Limited,,INE06ST01018,757845,IIFL_SCRIPMASTER
INDOAMIN,NSE,INDOAMIN.NS,Indo Amines,INDOAMIN|Indo Amines|Indo Amines Limited,,INE760F01028,9116,IIFL_SCRIPMASTER
INDOBORAX,NSE,INDOBORAX.NS,Indo Borax & Chemical,INDOBORAX|Indo Borax & Chemical|Indo Borax & Chemical Limited,,INE803D01021,8614,IIFL_SCRIPMASTER
ICIL,NSE,ICIL.NS,Indo Count Industries,ICIL|Indo Count Industries|Indo Count Industries Limited,,INE483B01026,11987,IIFL_SCRIPMASTER
INDOFARM,NSE,INDOFARM.NS,Indo Farm Equipment,INDOFARM|Indo Farm Equipment|Indo Farm Equipment Limited,,INE622H01018,29025,IIFL_SCRIPMASTER
INDORAMA,NSE,INDORAMA.NS,Indo Rama Synthetics,INDORAMA|Indo Rama Synthetics|Indo Rama Synthetics Limited,,INE156A01020,10993,IIFL_SCRIPMASTER
INDOTHAI,NSE,INDOTHAI.NS,Indo Thai Sec,INDOTHAI|Indo Thai Sec|Indo Thai Sec Limited,,INE337M01021,25608,IIFL_SCRIPMASTER
INDOUS,NSE,INDOUS.NS,Indo Us Biotech,INDOUS|Indo Us Biotech|Indo Us Biotech Limited,,INE250Z01010,25503,IIFL_SCRIPMASTER
NIPPOBATRY,NSE,NIPPOBATRY.NS,Indo-National,Indo-National|Indo-National Limited|NIPPOBATRY,,INE567A01028,6782,IIFL_SCRIPMASTER
INDOCO,NSE,INDOCO.NS,Indoco Remedies,INDOCO|Indoco Remedies|Indoco Remedies Limited,,INE873D01024,11677,IIFL_SCRIPMASTER
IGCL,NSE,IGCL.NS,Indogulf Cropsciences,IGCL|Indogulf Cropsciences|Indogulf Cropsciences Limited,,INE05J901018,757801,IIFL_SCRIPMASTER
INDOSTAR,NSE,INDOSTAR.NS,Indostar Capital Fin,INDOSTAR|Indostar Capital Fin|Indostar Capital Fin Limited,,INE896L01010,3088,IIFL_SCRIPMASTER
IGL,NSE,IGL.NS,Indraprastha Gas,IGL|Indraprastha Gas|Indraprastha Gas Limited,,INE203G01027,11262,IIFL_SCRIPMASTER
INDRAMEDCO,NSE,INDRAMEDCO.NS,Indraprastha Medical Corp,INDRAMEDCO|Indraprastha Medical Corp,,INE681B01017,4751,IIFL_SCRIPMASTER
INDUSTOWER,NSE,INDUSTOWER.NS,Indus Towers,INDUSTOWER|Indus Towers|Indus Towers Limited,,INE121J01017,29135,IIFL_SCRIPMASTER
INDUSINDBK,NSE,INDUSINDBK.NS,Indusind Bank,INDUSINDBK|Indusind Bank|Indusind Bank Limited,,INE095A01012,5258,IIFL_SCRIPMASTER
INDPRUD,NSE,INDPRUD.NS,Industrial & Pru Inv Co L,INDPRUD|Industrial & Pru Inv Co L,,INE620D01011,762717,IIFL_SCRIPMASTER
IITL,NSE,IITL.NS,Industrial Inv Trust,IITL|Industrial Inv Trust|Industrial Inv Trust Limited,,INE886A01014,19525,IIFL_SCRIPMASTER
NAUKRI,NSE,NAUKRI.NS,Info Edge (I),Info Edge (I)|Info Edge (I) Limited|NAUKRI,,INE663F01032,13751,IIFL_SCRIPMASTER
INFOBEAN,NSE,INFOBEAN.NS,Infobeans Techno.,INFOBEAN|Infobeans Techno.|Infobeans Techno. Limited,,INE344S01016,11027,IIFL_SCRIPMASTER
INFOMEDIA,NSE,INFOMEDIA.NS,Infomedia Press,INFOMEDIA|Infomedia Press|Infomedia Press Limited,,INE669A01022,13693,IIFL_SCRIPMASTER
INFY,NSE,INFY.NS,Infosys,INFY|Infosys|Infosys Limited|Infy,,INE009A01021,1594,IIFL_SCRIPMASTER
INGERRAND,NSE,INGERRAND.NS,Ingersoll-Rand India,INGERRAND|Ingersoll-Rand India|Ingersoll-Rand India Limited,,INE177A01018,1597,IIFL_SCRIPMASTER
INNOVACAP,NSE,INNOVACAP.NS,Innova Captab,INNOVACAP|Innova Captab|Innova Captab Limited,,INE0DUT01020,21062,IIFL_SCRIPMASTER
INNOVANA,NSE,INNOVANA.NS,Innovana Thinklabs,INNOVANA|Innovana Thinklabs|Innovana Thinklabs Limited,,INE403Y01018,27754,IIFL_SCRIPMASTER
INNOVISION,NSE,INNOVISION.NS,Innovision,INNOVISION|Innovision|Innovision Limited,,INE0ADB01012,761528,IIFL_SCRIPMASTER
INOXGREEN,NSE,INOXGREEN.NS,Inox Green Energy Ser,INOXGREEN|Inox Green Energy Ser|Inox Green Energy Ser Limited,,INE510W01014,12188,IIFL_SCRIPMASTER
INOXINDIA,NSE,INOXINDIA.NS,Inox India,INOXINDIA|Inox India|Inox India Limited,,INE616N01034,20607,IIFL_SCRIPMASTER
INOXWIND,NSE,INOXWIND.NS,Inox Wind,INOXWIND|Inox Wind|Inox Wind Limited,,INE066P01011,7852,IIFL_SCRIPMASTER
INSECTICID,NSE,INSECTICID.NS,Insecticides (I),INSECTICID|Insecticides (I)|Insecticides (I) Limited,,INE070I01018,14657,IIFL_SCRIPMASTER
INA,NSE,INA.NS,Insolation Energy,INA|Insolation Energy|Insolation Energy Limited,,INE0LGX01024,761099,IIFL_SCRIPMASTER
INSPIRISYS,NSE,INSPIRISYS.NS,Inspirisys Solutions,INSPIRISYS|Inspirisys Solutions|Inspirisys Solutions Limited,,INE020G01017,13730,IIFL_SCRIPMASTER
INTELLECT,NSE,INTELLECT.NS,Intellect Design Arena,INTELLECT|Intellect Design Arena,,INE306R01017,5926,IIFL_SCRIPMASTER
INTENTECH,NSE,INTENTECH.NS,Intense Technologies,INTENTECH|Intense Technologies|Intense Technologies Limited,,INE781A01025,20071,IIFL_SCRIPMASTER
INTERARCH,NSE,INTERARCH.NS,Interarch Bldng Soltn,INTERARCH|Interarch Bldng Soltn|Interarch Bldng Soltn Limited,,INE00M901018,24909,IIFL_SCRIPMASTER
INDIGO,NSE,INDIGO.NS,Interglobe Aviation,INDIGO|Interglobe Aviation|Interglobe Aviation Limited,,INE646L01027,11195,IIFL_SCRIPMASTER
INTLCONV,NSE,INTLCONV.NS,Intl Conveyors,INTLCONV|Intl Conveyors|Intl Conveyors Limited,,INE575C01027,5606,IIFL_SCRIPMASTER
IGIL,NSE,IGIL.NS,Intl Gemological Inst,IGIL|Intl Gemological Inst|Intl Gemological Inst Limited,,INE0Q9301021,28378,IIFL_SCRIPMASTER
ISFT,NSE,ISFT.NS,Intrasoft Tech.,ISFT|Intrasoft Tech.|Intrasoft Tech. Limited,,INE566K01011,18479,IIFL_SCRIPMASTER
INVENTURE,NSE,INVENTURE.NS,Inventure Gro & Sec,INVENTURE|Inventure Gro & Sec|Inventure Gro & Sec Limited,,INE878H01024,24870,IIFL_SCRIPMASTER
IKS,NSE,IKS.NS,Inventurus Knowledge So L,IKS|Inventurus Knowledge So L,,INE115Q01022,28125,IIFL_SCRIPMASTER
INVPRECQ,NSE,INVPRECQ.NS,Investment & Prec Cast L,INVPRECQ|Investment & Prec Cast L,,INE155E01016,762722,IIFL_SCRIPMASTER
IOLCP,NSE,IOLCP.NS,Iol Chem and Pharma,IOLCP|Iol Chem and Pharma|Iol Chem and Pharma Limited,,INE485C01029,20413,IIFL_SCRIPMASTER
IONEXCHANG,NSE,IONEXCHANG.NS,Ion Exchange (India),IONEXCHANG|Ion Exchange (India)|Ion Exchange (India) Limited,,INE570A01022,1630,IIFL_SCRIPMASTER
IPCALAB,NSE,IPCALAB.NS,Ipca Laboratories,IPCALAB|Ipca Laboratories|Ipca Laboratories Limited,,INE571A01038,1633,IIFL_SCRIPMASTER
IRB,NSE,IRB.NS,Irb Infra Dev,IRB|Irb Infra Dev|Irb Infra Dev Limited,,INE821I01022,15313,IIFL_SCRIPMASTER
IRCON,NSE,IRCON.NS,Ircon International,IRCON|Ircon International|Ircon International Limited,,INE962Y01021,4986,IIFL_SCRIPMASTER
IRISDOREME,NSE,IRISDOREME.NS,Iris Clothings,IRISDOREME|Iris Clothings|Iris Clothings Limited,,INE01GN01025,2275,IIFL_SCRIPMASTER
IRIS,NSE,IRIS.NS,Iris Regtech Solution,IRIS|Iris Regtech Solution|Iris Regtech Solution Limited,,INE864K01010,6489,IIFL_SCRIPMASTER
IRMENERGY,NSE,IRMENERGY.NS,Irm Energy,IRMENERGY|Irm Energy|Irm Energy Limited,,INE07U701015,19597,IIFL_SCRIPMASTER
ISGEC,NSE,ISGEC.NS,Isgec Heavy Eng,ISGEC|Isgec Heavy Eng|Isgec Heavy Eng Limited,,INE858B01029,3329,IIFL_SCRIPMASTER
ISHANCH,NSE,ISHANCH.NS,Ishan Dyes N Chemicals L,ISHANCH|Ishan Dyes N Chemicals L,,INE561M01018,30249,IIFL_SCRIPMASTER
ITC,NSE,ITC.NS,Itc,ITC|Itc|Itc Limited,,INE154A01025,1660,IIFL_SCRIPMASTER
ITCHOTELS,NSE,ITCHOTELS.NS,Itc Hotels,ITCHOTELS|Itc Hotels|Itc Hotels Limited,,INE379A01028,29251,IIFL_SCRIPMASTER
ITI,NSE,ITI.NS,Iti,ITI|Iti|Iti Limited,,INE248A01017,1675,IIFL_SCRIPMASTER
IVALUE,NSE,IVALUE.NS,Ivalue Infosolutions,IVALUE|Ivalue Infosolutions|Ivalue Infosolutions Limited,,INE056801025,759041,IIFL_SCRIPMASTER
IVP,NSE,IVP.NS,Ivp,IVP|Ivp|Ivp Limited,,INE043C01018,1681,IIFL_SCRIPMASTER
IZMO,NSE,IZMO.NS,Izmo,IZMO|Izmo|Izmo Limited,,INE848A01014,14174,IIFL_SCRIPMASTER
J&KBANK,NSE,J&KBANK.NS,J & K Bank,J & K Bank|J & K Bank Limited|J&KBANK,,INE168A01041,5633,IIFL_SCRIPMASTER
JBCHEPHARM,NSE,JBCHEPHARM.NS,J B Chemicals and Pharma,J B Chemicals and Pharma|JBCHEPHARM,,INE572A01036,1726,IIFL_SCRIPMASTER
JGCHEM,NSE,JGCHEM.NS,J.G.Chemicals,J.G.Chemicals|J.G.Chemicals Limited|JGCHEM,,INE0MB501011,23056,IIFL_SCRIPMASTER
JAGRAN,NSE,JAGRAN.NS,Jagran Prakashan,JAGRAN|Jagran Prakashan|Jagran Prakashan Limited,,INE199G01027,13211,IIFL_SCRIPMASTER
JAGSNPHARM,NSE,JAGSNPHARM.NS,Jagsonpal Pharmaceuticals,JAGSNPHARM|Jagsonpal Pharmaceuticals,,INE048B01035,4410,IIFL_SCRIPMASTER
JAICORPLTD,NSE,JAICORPLTD.NS,Jai Corp,JAICORPLTD|Jai Corp|Jai Corp Limited,,INE070D01027,5143,IIFL_SCRIPMASTER
JISLDVREQS,NSE,JISLDVREQS.NS,Jain Dvr Equity Shares,JISLDVREQS|Jain Dvr Equity Shares,,IN9175A01010,25684,IIFL_SCRIPMASTER
JISLJALEQS,NSE,JISLJALEQS.NS,Jain Irrigation Systems,JISLJALEQS|Jain Irrigation Systems,,INE175A01038,10397,IIFL_SCRIPMASTER
JAINREC,NSE,JAINREC.NS,Jain Resource Recycling L,JAINREC|Jain Resource Recycling L,,INE0YD401026,759244,IIFL_SCRIPMASTER
JPPOWER,NSE,JPPOWER.NS,Jaiprakash Power Ven.,JPPOWER|Jaiprakash Power Ven.|Jaiprakash Power Ven. Limited,,INE351F01018,11763,IIFL_SCRIPMASTER
JAMNAAUTO,NSE,JAMNAAUTO.NS,Jamna Auto Ind,JAMNAAUTO|Jamna Auto Ind|Jamna Auto Ind Limited,,INE039C01032,20778,IIFL_SCRIPMASTER
JSFB,NSE,JSFB.NS,Jana Small Fin Bank,JSFB|Jana Small Fin Bank|Jana Small Fin Bank Limited,,INE953L01027,22663,IIFL_SCRIPMASTER
JARO,NSE,JARO.NS,Jaro Ins of Tec Mg N Re L,JARO|Jaro Ins of Tec Mg N Re L,,INE00YJ01010,759951,IIFL_SCRIPMASTER
JASH,NSE,JASH.NS,Jash Engineering,JASH|Jash Engineering|Jash Engineering Limited,,INE039O01029,13982,IIFL_SCRIPMASTER
JAYBARMARU,NSE,JAYBARMARU.NS,Jay Bharat Maruti,JAYBARMARU|Jay Bharat Maruti|Jay Bharat Maruti Limited,,INE571B01036,1708,IIFL_SCRIPMASTER
JAYAGROGN,NSE,JAYAGROGN.NS,Jayant Agro Organics,JAYAGROGN|Jayant Agro Organics|Jayant Agro Organics Limited,,INE785A01026,4041,IIFL_SCRIPMASTER
JAYNECOIND,NSE,JAYNECOIND.NS,Jayaswal Neco Industr,JAYNECOIND|Jayaswal Neco Industr|Jayaswal Neco Industr Limited,,INE854B01010,2331,IIFL_SCRIPMASTER
JAYKAY,NSE,JAYKAY.NS,Jaykay Enterprises,JAYKAY|Jaykay Enterprises|Jaykay Enterprises Limited,,INE903A01025,760073,IIFL_SCRIPMASTER
JAYSREETEA,NSE,JAYSREETEA.NS,Jayshree Tea & Industries,JAYSREETEA|Jayshree Tea & Industries,,INE364A01020,1720,IIFL_SCRIPMASTER
JBMA,NSE,JBMA.NS,Jbm Auto,JBMA|Jbm Auto|Jbm Auto Limited,,INE927D01051,11655,IIFL_SCRIPMASTER
JSLL,NSE,JSLL.NS,Jeena Sikho Lifecare,JSLL|Jeena Sikho Lifecare|Jeena Sikho Lifecare Limited,,INE0J5801029,758115,IIFL_SCRIPMASTER
JETFREIGHT,NSE,JETFREIGHT.NS,Jet Freight Logistics,JETFREIGHT|Jet Freight Logistics|Jet Freight Logistics Limited,,INE982V01025,7211,IIFL_SCRIPMASTER
JHS,NSE,JHS.NS,Jhs Svend. Lab.,JHS|Jhs Svend. Lab.|Jhs Svend. Lab. Limited,,INE544H01014,13720,IIFL_SCRIPMASTER
RETAIL,NSE,RETAIL.NS,Jhs Svendgaard Retail V L,Jhs Svendgaard Retail V L|RETAIL,,INE03DD01011,24145,IIFL_SCRIPMASTER
JPOLYINVST,NSE,JPOLYINVST.NS,Jind Pol Inv & Fin Co,JPOLYINVST|Jind Pol Inv & Fin Co|Jind Pol Inv & Fin Co Limited,,INE147P01019,31507,IIFL_SCRIPMASTER
JINDRILL,NSE,JINDRILL.NS,Jindal Drilling Ind.,JINDRILL|Jindal Drilling Ind.|Jindal Drilling Ind. Limited,,INE742C01031,13875,IIFL_SCRIPMASTER
JINDALPHOT,NSE,JINDALPHOT.NS,Jindal Photo,JINDALPHOT|Jindal Photo|Jindal Photo Limited,,INE796G01012,11743,IIFL_SCRIPMASTER
JINDALPOLY,NSE,JINDALPOLY.NS,Jindal Poly Films,JINDALPOLY|Jindal Poly Films|Jindal Poly Films Limited,,INE197D01010,1756,IIFL_SCRIPMASTER
JINDALSAW,NSE,JINDALSAW.NS,Jindal Saw,JINDALSAW|Jindal Saw|Jindal Saw Limited,,INE324A01032,3024,IIFL_SCRIPMASTER
JSL,NSE,JSL.NS,Jindal Stainless,JSL|Jindal Stainless|Jindal Stainless Limited,,INE220G01021,11236,IIFL_SCRIPMASTER
JINDALSTEL,NSE,JINDALSTEL.NS,Jindal Steel,JINDALSTEL|Jindal Steel|Jindal Steel Limited,,INE749A01030,6733,IIFL_SCRIPMASTER
JINDWORLD,NSE,JINDWORLD.NS,Jindal Worldwide,JINDWORLD|Jindal Worldwide|Jindal Worldwide Limited,,INE247D01039,20642,IIFL_SCRIPMASTER
JIOFIN,NSE,JIOFIN.NS,Jio Fin Services,JIOFIN|Jio Fin Services|Jio Fin Services Limited,,INE758E01017,18143,IIFL_SCRIPMASTER
JKCEMENT,NSE,JKCEMENT.NS,Jk Cement,JKCEMENT|Jk Cement|Jk Cement Limited,,INE823G01014,13270,IIFL_SCRIPMASTER
JKLAKSHMI,NSE,JKLAKSHMI.NS,Jk Lakshmi Cement,JKLAKSHMI|Jk Lakshmi Cement|Jk Lakshmi Cement Limited,,INE786A01032,13491,IIFL_SCRIPMASTER
JKPAPER,NSE,JKPAPER.NS,Jk Paper,JKPAPER|Jk Paper|Jk Paper Limited,,INE789E01012,11860,IIFL_SCRIPMASTER
JKTYRE,NSE,JKTYRE.NS,Jk Tyre & Industries,JKTYRE|Jk Tyre & Industries|Jk Tyre & Industries Limited,,INE573A01042,14435,IIFL_SCRIPMASTER
JKIL,NSE,JKIL.NS,Jkumar Infr.,JKIL|Jkumar Infr.|Jkumar Infr.Limited,,INE576I01022,15266,IIFL_SCRIPMASTER
JMFINANCIL,NSE,JMFINANCIL.NS,Jm Financial,JMFINANCIL|Jm Financial|Jm Financial Limited,,INE780C01023,13637,IIFL_SCRIPMASTER
JNKINDIA,NSE,JNKINDIA.NS,Jnk India,JNKINDIA|Jnk India|Jnk India Limited,,INE0OAF01028,23621,IIFL_SCRIPMASTER
JOCIL,NSE,JOCIL.NS,Jocil,JOCIL|Jocil|Jocil Limited,,INE839G01010,16927,IIFL_SCRIPMASTER
COCKERILL,NSE,COCKERILL.NS,John Cockerill India,COCKERILL|John Cockerill India|John Cockerill India Limited,,INE515A01019,762623,IIFL_SCRIPMASTER
JSWCEMENT,NSE,JSWCEMENT.NS,Jsw Cement,JSWCEMENT|Jsw Cement|Jsw Cement Limited,,INE718I01012,758460,IIFL_SCRIPMASTER
JSWDULUX,NSE,JSWDULUX.NS,Jsw Dulux,JSWDULUX|Jsw Dulux|Jsw Dulux Limited,,INE133A01011,1467,IIFL_SCRIPMASTER
JSWENERGY,NSE,JSWENERGY.NS,Jsw Energy,JSWENERGY|Jsw Energy|Jsw Energy Limited,,INE121E01018,17869,IIFL_SCRIPMASTER
JSWHL,NSE,JSWHL.NS,Jsw Holdings,JSWHL|Jsw Holdings|Jsw Holdings Limited,,INE824G01012,11880,IIFL_SCRIPMASTER
JSWINFRA,NSE,JSWINFRA.NS,Jsw Infrastructure,JSWINFRA|Jsw Infrastructure|Jsw Infrastructure Limited,,INE880J01026,19020,IIFL_SCRIPMASTER
JSWSTEEL,NSE,JSWSTEEL.NS,Jsw Steel,JSWSTEEL|Jsw Steel|Jsw Steel Limited,,INE019A01038,11723,IIFL_SCRIPMASTER
JTEKTINDIA,NSE,JTEKTINDIA.NS,Jtekt India,JTEKTINDIA|Jtekt India|Jtekt India Limited,,INE643A01035,3237,IIFL_SCRIPMASTER
JTLIND,NSE,JTLIND.NS,Jtl Industries,JTLIND|Jtl Industries|Jtl Industries Limited,,INE391J01032,7287,IIFL_SCRIPMASTER
JUBLCPL,NSE,JUBLCPL.NS,Jubilant Agri N Con Pro L,JUBLCPL|Jubilant Agri N Con Pro L,,INE03CC01015,29590,IIFL_SCRIPMASTER
JUBLFOOD,NSE,JUBLFOOD.NS,Jubilant Foodworks,JUBLFOOD|Jubilant Foodworks|Jubilant Foodworks Limited,,INE797F01020,18096,IIFL_SCRIPMASTER
JUBLINGREA,NSE,JUBLINGREA.NS,Jubilant Ingrevia,JUBLINGREA|Jubilant Ingrevia|Jubilant Ingrevia Limited,,INE0BY001018,2783,IIFL_SCRIPMASTER
JUBLPHARMA,NSE,JUBLPHARMA.NS,Jubilant Pharmova,JUBLPHARMA|Jubilant Pharmova|Jubilant Pharmova Limited,,INE700A01033,3637,IIFL_SCRIPMASTER
JMA,NSE,JMA.NS,Jullundur Mot Agency,JMA|Jullundur Mot Agency|Jullundur Mot Agency Limited,,INE412C01023,7109,IIFL_SCRIPMASTER
JUNIPER,NSE,JUNIPER.NS,Juniper Hotels,JUNIPER|Juniper Hotels|Juniper Hotels Limited,,INE696F01016,22824,IIFL_SCRIPMASTER
JLHL,NSE,JLHL.NS,Jupiter Life Line Hosp L,JLHL|Jupiter Life Line Hosp L,,INE682M01012,18553,IIFL_SCRIPMASTER
JWL,NSE,JWL.NS,Jupiter Wagons,JWL|Jupiter Wagons|Jupiter Wagons Limited,,INE209L01016,20224,IIFL_SCRIPMASTER
JUSTDIAL,NSE,JUSTDIAL.NS,Justdial,JUSTDIAL|Justdial|Justdial Limited,,INE599M01018,29962,IIFL_SCRIPMASTER
JYOTHYLAB,NSE,JYOTHYLAB.NS,Jyothy Labs,JYOTHYLAB|Jyothy Labs|Jyothy Labs Limited,,INE668F01031,15146,IIFL_SCRIPMASTER
JYOTICNC,NSE,JYOTICNC.NS,Jyoti Cnc Automation,JYOTICNC|Jyoti Cnc Automation|Jyoti Cnc Automation Limited,,INE980O01024,21334,IIFL_SCRIPMASTER
JYOTISTRUC,NSE,JYOTISTRUC.NS,Jyoti Structures,JYOTISTRUC|Jyoti Structures|Jyoti Structures Limited,,INE197A01024,1802,IIFL_SCRIPMASTER
KMSUGAR,NSE,KMSUGAR.NS,K M Sugar Mills,K M Sugar Mills|K M Sugar Mills Limited|KMSUGAR,,INE157H01023,14667,IIFL_SCRIPMASTER
KPEL,NSE,KPEL.NS,K.P. Energy,K.P. Energy|K.P. Energy Limited|KPEL,,INE127T01021,27079,IIFL_SCRIPMASTER
KABRAEXTRU,NSE,KABRAEXTRU.NS,Kabra Extrusion Technik L,KABRAEXTRU|Kabra Extrusion Technik L,,INE900B01029,1805,IIFL_SCRIPMASTER
KAJARIACER,NSE,KAJARIACER.NS,Kajaria Ceramics,KAJARIACER|Kajaria Ceramics|Kajaria Ceramics Limited,,INE217B01036,1808,IIFL_SCRIPMASTER
KALPATARU,NSE,KALPATARU.NS,Kalpataru,KALPATARU|Kalpataru|Kalpataru Limited,,INE227J01012,758558,IIFL_SCRIPMASTER
KPIL,NSE,KPIL.NS,Kalpataru Project Int,KPIL|Kalpataru Project Int|Kalpataru Project Int Limited,,INE220B01022,1814,IIFL_SCRIPMASTER
KALYANKJIL,NSE,KALYANKJIL.NS,Kalyan Jewellers Ind,KALYANKJIL|Kalyan Jewellers Ind|Kalyan Jewellers Ind Limited,,INE303R01014,2955,IIFL_SCRIPMASTER
KALYANIFRG,NSE,KALYANIFRG.NS,Kalyani Forge,KALYANIFRG|Kalyani Forge|Kalyani Forge Limited,,INE314G01014,15156,IIFL_SCRIPMASTER
KICL,NSE,KICL.NS,Kalyani Invest Co,KICL|Kalyani Invest Co|Kalyani Invest Co Limited,,INE029L01018,21119,IIFL_SCRIPMASTER
KSL,NSE,KSL.NS,Kalyani Steels,KSL|Kalyani Steels|Kalyani Steels Limited,,INE907A01026,18889,IIFL_SCRIPMASTER
KAMAHOLD,NSE,KAMAHOLD.NS,Kama Holdings,KAMAHOLD|Kama Holdings|Kama Holdings Limited,,INE411F01010,762732,IIFL_SCRIPMASTER
KAMATHOTEL,NSE,KAMATHOTEL.NS,Kamat Hotels (I),KAMATHOTEL|Kamat Hotels (I)|Kamat Hotels (I) Limited,,INE967C01018,1826,IIFL_SCRIPMASTER
KAMDHENU,NSE,KAMDHENU.NS,Kamdhenu,KAMDHENU|Kamdhenu|Kamdhenu Limited,,INE390H01020,13457,IIFL_SCRIPMASTER
KAMOPAINTS,NSE,KAMOPAINTS.NS,Kamdhenu Ventures,KAMOPAINTS|Kamdhenu Ventures|Kamdhenu Ventures Limited,,INE0BTI01037,13814,IIFL_SCRIPMASTER
KANANIIND,NSE,KANANIIND.NS,Kanani Industries,KANANIIND|Kanani Industries|Kanani Industries Limited,,INE879E01037,25786,IIFL_SCRIPMASTER
KANPRPLA,NSE,KANPRPLA.NS,Kanpur Plastipack,KANPRPLA|Kanpur Plastipack|Kanpur Plastipack Limited,,INE694E01014,1782,IIFL_SCRIPMASTER
KANSAINER,NSE,KANSAINER.NS,Kansai Nerolac Paints,KANSAINER|Kansai Nerolac Paints|Kansai Nerolac Paints Limited,,INE531A01024,1196,IIFL_SCRIPMASTER
KAPSTON,NSE,KAPSTON.NS,Kapston Services,KAPSTON|Kapston Services|Kapston Services Limited,,INE542Z01028,18967,IIFL_SCRIPMASTER
KARMAENG,NSE,KARMAENG.NS,Karma Energy,KARMAENG|Karma Energy|Karma Energy Limited,,INE725L01011,24385,IIFL_SCRIPMASTER
KTKBANK,NSE,KTKBANK.NS,Karnataka Bank,KTKBANK|Karnataka Bank|Karnataka Bank Limited,,INE614B01018,8054,IIFL_SCRIPMASTER
KARURVYSYA,NSE,KARURVYSYA.NS,Karur Vysya Bank,KARURVYSYA|Karur Vysya Bank|Karur Vysya Bank Limited,,INE036D01028,1838,IIFL_SCRIPMASTER
KAUSHALYA,NSE,KAUSHALYA.NS,Kaushalya Infra Dev,KAUSHALYA|Kaushalya Infra Dev|Kaushalya Infra Dev Limited,,INE234I01028,15136,IIFL_SCRIPMASTER
KSCL,NSE,KSCL.NS,Kaveri Seed Co.,KSCL|Kaveri Seed Co.|Kaveri Seed Co. Limited,,INE455I01029,14972,IIFL_SCRIPMASTER
KAVDEFENCE,NSE,KAVDEFENCE.NS,Kavveri Dfs & Wir Tec,KAVDEFENCE|Kavveri Dfs & Wir Tec|Kavveri Dfs & Wir Tec Limited,,INE641C01019,15244,IIFL_SCRIPMASTER
KAYA,NSE,KAYA.NS,Kaya,KAYA|Kaya|Kaya Limited,,INE587G01015,10276,IIFL_SCRIPMASTER
KAYNES,NSE,KAYNES.NS,Kaynes Technology Ind,KAYNES|Kaynes Technology Ind|Kaynes Technology Ind Limited,,INE918Z01012,12092,IIFL_SCRIPMASTER
KCP,NSE,KCP.NS,Kcp,KCP|Kcp|Kcp Limited,,INE805C01028,1841,IIFL_SCRIPMASTER
KCPSUGIND,NSE,KCPSUGIND.NS,Kcp Sugar Ind Corp,KCPSUGIND|Kcp Sugar Ind Corp|Kcp Sugar Ind Corp Limited,,INE790B01024,4809,IIFL_SCRIPMASTER
KDDL,NSE,KDDL.NS,Kddl,KDDL|Kddl|Kddl Limited,,INE291D01011,14908,IIFL_SCRIPMASTER
KEC,NSE,KEC.NS,Kec Intl.,KEC|Kec Intl.|Kec Intl. Limited,,INE389H01022,13260,IIFL_SCRIPMASTER
KEI,NSE,KEI.NS,Kei Industries,KEI|Kei Industries|Kei Industries Limited,,INE878B01027,13310,IIFL_SCRIPMASTER
KELLTONTEC,NSE,KELLTONTEC.NS,Kellton Tech Sol,KELLTONTEC|Kellton Tech Sol|Kellton Tech Sol Limited,,INE164B01030,13430,IIFL_SCRIPMASTER
KENNAMET,NSE,KENNAMET.NS,Kennametal India,KENNAMET|Kennametal India|Kennametal India Limited,,INE717A01029,11841,IIFL_SCRIPMASTER
KERNEX,NSE,KERNEX.NS,Kernex Microsys(I),KERNEX|Kernex Microsys(I)|Kernex Microsys(I) Limited,,INE202H01019,13121,IIFL_SCRIPMASTER
KKCL,NSE,KKCL.NS,Kewal Kiran Clothing,KKCL|Kewal Kiran Clothing|Kewal Kiran Clothing Limited,,INE401H01017,13381,IIFL_SCRIPMASTER
KEYFINSERV,NSE,KEYFINSERV.NS,Keynote Fin Serv,KEYFINSERV|Keynote Fin Serv|Keynote Fin Serv Limited,,INE681C01015,4157,IIFL_SCRIPMASTER
RUSTOMJEE,NSE,RUSTOMJEE.NS,Keystone Realtors,Keystone Realtors|Keystone Realtors Limited|RUSTOMJEE,,INE263M01029,12219,IIFL_SCRIPMASTER
KFINTECH,NSE,KFINTECH.NS,Kfin Technologies,KFINTECH|Kfin Technologies|Kfin Technologies Limited,,INE138Y01010,13359,IIFL_SCRIPMASTER
KHADIM,NSE,KHADIM.NS,Khadim India,KHADIM|Khadim India|Khadim India Limited,,INE834I01025,425,IIFL_SCRIPMASTER
KHANDSE,NSE,KHANDSE.NS,Khandwala Securities,KHANDSE|Khandwala Securities|Khandwala Securities Limited,,INE060B01014,9641,IIFL_SCRIPMASTER
KLBRENG-B,NSE,KLBRENG-B.NS,Kilburn Engineering,KLBRENG-B|Kilburn Engineering|Kilburn Engineering Limited,,INE338F01015,762747,IIFL_SCRIPMASTER
KILITCH,NSE,KILITCH.NS,Kilitch Drugs India,KILITCH|Kilitch Drugs India|Kilitch Drugs India Limited,,INE729D01010,19937,IIFL_SCRIPMASTER
KINGFA,NSE,KINGFA.NS,Kingfa Sci & Tec Ind,KINGFA|Kingfa Sci & Tec Ind|Kingfa Sci & Tec Ind Limited,,INE473D01015,18944,IIFL_SCRIPMASTER
KIOCL,NSE,KIOCL.NS,Kiocl,KIOCL|Kiocl|Kiocl Limited,,INE880L01014,19126,IIFL_SCRIPMASTER
KIRANVYPAR,NSE,KIRANVYPAR.NS,Kiran Vyapar,KIRANVYPAR|Kiran Vyapar|Kiran Vyapar Limited,,INE555P01013,762742,IIFL_SCRIPMASTER
KIRIINDUS,NSE,KIRIINDUS.NS,Kiri Industries,KIRIINDUS|Kiri Industries|Kiri Industries Limited,,INE415I01015,16639,IIFL_SCRIPMASTER
KIRLOSBROS,NSE,KIRLOSBROS.NS,Kirloskar Brothers,KIRLOSBROS|Kirloskar Brothers|Kirloskar Brothers Limited,,INE732A01036,18581,IIFL_SCRIPMASTER
KIRLFER,NSE,KIRLFER.NS,Kirloskar Ferrous Ind,KIRLFER|Kirloskar Ferrous Ind|Kirloskar Ferrous Ind Limited,,INE884B01025,14466,IIFL_SCRIPMASTER
KIRLOSIND,NSE,KIRLOSIND.NS,Kirloskar Industries,KIRLOSIND|Kirloskar Industries|Kirloskar Industries Limited,,INE250A01039,19025,IIFL_SCRIPMASTER
KIRLOSENG,NSE,KIRLOSENG.NS,Kirloskar Oil Eng,KIRLOSENG|Kirloskar Oil Eng|Kirloskar Oil Eng Limited,,INE146L01010,20936,IIFL_SCRIPMASTER
KIRLPNU,NSE,KIRLPNU.NS,Kirloskar Pneumatic Com L,KIRLPNU|Kirloskar Pneumatic Com L,,INE811A01020,15180,IIFL_SCRIPMASTER
KITEX,NSE,KITEX.NS,Kitex Garments,KITEX|Kitex Garments|Kitex Garments Limited,,INE602G01020,28899,IIFL_SCRIPMASTER
KNAGRI,NSE,KNAGRI.NS,Kn Agri Resources,KNAGRI|Kn Agri Resources|Kn Agri Resources Limited,,INE0KNW01016,760923,IIFL_SCRIPMASTER
KMEW,NSE,KMEW.NS,Knowledge Marine & En W L,KMEW|Knowledge Marine & En W L,,INE0CJD01029,27084,IIFL_SCRIPMASTER
KNRCON,NSE,KNRCON.NS,Knr Constru,KNRCON|Knr Constru|Knr Constru Limited,,INE634I01029,15283,IIFL_SCRIPMASTER
KOHINOOR,NSE,KOHINOOR.NS,Kohinoor Foods,KOHINOOR|Kohinoor Foods|Kohinoor Foods Limited,,INE080B01012,3009,IIFL_SCRIPMASTER
KOKUYOCMLN,NSE,KOKUYOCMLN.NS,Kokuyo Camlin,KOKUYOCMLN|Kokuyo Camlin|Kokuyo Camlin Limited,,INE760A01029,16827,IIFL_SCRIPMASTER
KOLTEPATIL,NSE,KOLTEPATIL.NS,Kolte Patil Dev.,KOLTEPATIL|Kolte Patil Dev.|Kolte Patil Dev. Limited,,INE094I01018,15124,IIFL_SCRIPMASTER
KOPRAN,NSE,KOPRAN.NS,Kopran,KOPRAN|Kopran|Kopran Limited,,INE082A01010,1919,IIFL_SCRIPMASTER
KOTAKBANK,NSE,KOTAKBANK.NS,Kotak Mahindra Bank,KOTAKBANK|Kotak Mahindra Bank|Kotak Mahindra Bank Limited,,INE237A01036,1922,IIFL_SCRIPMASTER
PSUBANK,NSE,PSUBANK.NS,Kotak Psu Bank,Kotak Psu Bank|PSUBANK,,INF373I01023,15061,IIFL_SCRIPMASTER
CHEMICAL,NSE,CHEMICAL.NS,Kotakmamc - Chemical,CHEMICAL|Kotakmamc - Chemical,,INF174KA1XV0,759885,IIFL_SCRIPMASTER
ALPHA,NSE,ALPHA.NS,Kotakmamc - Kotakalpha,ALPHA|Kotakmamc - Kotakalpha,,INF174KA1IA5,7412,IIFL_SCRIPMASTER
CONS,NSE,CONS.NS,Kotakmamc - Kotakcons,CONS|Kotakmamc - Kotakcons,,INF174KA1ZF8,10512,IIFL_SCRIPMASTER
IT,NSE,IT.NS,Kotakmamc - Kotakit,IT|Kotakmamc - Kotakit,,INF174KA1GC5,2627,IIFL_SCRIPMASTER
LIQUID1,NSE,LIQUID1.NS,Kotakmamc - Kotakliq,Kotakmamc - Kotakliq|LIQUID1,,INF174KA1LV5,13950,IIFL_SCRIPMASTER
LOWVOL1,NSE,LOWVOL1.NS,Kotakmamc - Kotaklovol,Kotakmamc - Kotaklovol|LOWVOL1,,INF174KA1IY5,8632,IIFL_SCRIPMASTER
MIDCAP,NSE,MIDCAP.NS,Kotakmamc - Kotakmid50,Kotakmamc - Kotakmid50|MIDCAP,,INF174KA1ZC5,8077,IIFL_SCRIPMASTER
MNC,NSE,MNC.NS,Kotakmamc - Kotakmnc,Kotakmamc - Kotakmnc|MNC,,INF174KA1JF2,10676,IIFL_SCRIPMASTER
SILVER1,NSE,SILVER1.NS,Kotakmamc - Kotaksilve,Kotakmamc - Kotaksilve|SILVER1,,INF174KA1ZD3,13082,IIFL_SCRIPMASTER
NV20,NSE,NV20.NS,Kotakmamc - Ktknv20Etf,Kotakmamc - Ktknv20Etf|NV20,,INF174KA1ZE1,11457,IIFL_SCRIPMASTER
MID150,NSE,MID150.NS,Kotakmamc - Mid150,Kotakmamc - Mid150|MID150,,INF174KA1VW2,30469,IIFL_SCRIPMASTER
MOMENTUM30,NSE,MOMENTUM30.NS,Kotakmamc - Momentum30,Kotakmamc - Momentum30|MOMENTUM30,,INF174KA1XS6,759488,IIFL_SCRIPMASTER
MSCIINDIA,NSE,MSCIINDIA.NS,Kotakmamc - Msciindia,Kotakmamc - Msciindia|MSCIINDIA,,INF174KA1VD2,29758,IIFL_SCRIPMASTER
NEXT50ETF,NSE,NEXT50ETF.NS,Kotakmamc - Next50Etf,Kotakmamc - Next50Etf|NEXT50ETF,,INF174KA1YO3,760709,IIFL_SCRIPMASTER
NIFTY100EW,NSE,NIFTY100EW.NS,Kotakmamc - Nifty100Ew,Kotakmamc - Nifty100Ew|NIFTY100EW,,INF174KA1UW4,29944,IIFL_SCRIPMASTER
QUALITY30,NSE,QUALITY30.NS,Kotakmamc - Quality30,Kotakmamc - Quality30|QUALITY30,,INF174KA1WT6,757946,IIFL_SCRIPMASTER
BANKNIFTY1,NSE,BANKNIFTY1.NS,Kotakmamc-Kotakbketf,BANKNIFTY1|Kotakmamc-Kotakbketf,,INF174KA1ZB7,5851,IIFL_SCRIPMASTER
KOTIC,NSE,KOTIC.NS,Kothari Industrial Corp L,KOTIC|Kothari Industrial Corp L,,INE972A01020,762752,IIFL_SCRIPMASTER
KOTHARIPET,NSE,KOTHARIPET.NS,Kothari Petrochem,KOTHARIPET|Kothari Petrochem|Kothari Petrochem Limited,,INE720A01015,4594,IIFL_SCRIPMASTER
KOTHARIPRO,NSE,KOTHARIPRO.NS,Kothari Products,KOTHARIPRO|Kothari Products|Kothari Products Limited,,INE823A01017,5528,IIFL_SCRIPMASTER
KOTARISUG,NSE,KOTARISUG.NS,Kothari Sug & Chem,KOTARISUG|Kothari Sug & Chem|Kothari Sug & Chem Limited,,INE419A01022,11647,IIFL_SCRIPMASTER
KOTYARK,NSE,KOTYARK.NS,Kotyark Industries,KOTYARK|Kotyark Industries|Kotyark Industries Limited,,INE0J0B01017,761335,IIFL_SCRIPMASTER
KOVAI,NSE,KOVAI.NS,Kovai Medical Center & Ho,KOVAI|Kovai Medical Center & Ho,,INE177F01017,5192,IIFL_SCRIPMASTER
KPIGREEN,NSE,KPIGREEN.NS,Kpi Green Energy,KPIGREEN|Kpi Green Energy|Kpi Green Energy Limited,,INE542W01025,5108,IIFL_SCRIPMASTER
KPITTECH,NSE,KPITTECH.NS,Kpit Technologies,KPITTECH|Kpit Technologies|Kpit Technologies Limited,,INE04I401011,9683,IIFL_SCRIPMASTER
KPRMILL,NSE,KPRMILL.NS,Kpr Mill,KPRMILL|Kpr Mill|Kpr Mill Limited,,INE930H01031,14912,IIFL_SCRIPMASTER
KRBL,NSE,KRBL.NS,Krbl,KRBL|Krbl|Krbl Limited,,INE001B01026,10577,IIFL_SCRIPMASTER
KREBSBIO,NSE,KREBSBIO.NS,Krebs Biochemicals & Ind,KREBSBIO|Krebs Biochemicals & Ind,,INE268B01013,1937,IIFL_SCRIPMASTER
KRIDHANINF,NSE,KRIDHANINF.NS,Kridhan Infra,KRIDHANINF|Kridhan Infra|Kridhan Infra Limited,,INE524L01026,11480,IIFL_SCRIPMASTER
KRISHANA,NSE,KRISHANA.NS,Krishana Phoschem,KRISHANA|Krishana Phoschem|Krishana Phoschem Limited,,INE506W01012,12847,IIFL_SCRIPMASTER
KRISHIVAL,NSE,KRISHIVAL.NS,Krishival Foods,KRISHIVAL|Krishival Foods|Krishival Foods Limited,,INE0GGO01015,756782,IIFL_SCRIPMASTER
KRISHNADEF,NSE,KRISHNADEF.NS,Krishna Def and Ald Ind L,KRISHNADEF|Krishna Def and Ald Ind L,,INE0J5601015,761192,IIFL_SCRIPMASTER
KIMS,NSE,KIMS.NS,Krishna Inst of Med Sci L,KIMS|Krishna Inst of Med Sci L,,INE967H01025,4847,IIFL_SCRIPMASTER
KRITIKA,NSE,KRITIKA.NS,Kritika Wires,KRITIKA|Kritika Wires|Kritika Wires Limited,,INE00Z501029,9288,IIFL_SCRIPMASTER
KRONOX,NSE,KRONOX.NS,Kronox Lab Sciences,KRONOX|Kronox Lab Sciences|Kronox Lab Sciences Limited,,INE0ATZ01017,24025,IIFL_SCRIPMASTER
KROSS,NSE,KROSS.NS,Kross,KROSS|Kross|Kross Limited,,INE0O6601022,25252,IIFL_SCRIPMASTER
KRSNAA,NSE,KRSNAA.NS,Krsnaa Diagnostics,KRSNAA|Krsnaa Diagnostics|Krsnaa Diagnostics Limited,,INE08LI01020,5359,IIFL_SCRIPMASTER
KRYSTAL,NSE,KRYSTAL.NS,Krystal Integrated Ser L,KRYSTAL|Krystal Integrated Ser L,,INE0QN801017,23175,IIFL_SCRIPMASTER
KSB,NSE,KSB.NS,Ksb,KSB|Ksb|Ksb Limited,,INE999A01023,1949,IIFL_SCRIPMASTER
KSHINTL,NSE,KSHINTL.NS,Ksh International,KSHINTL|Ksh International|Ksh International Limited,,INE987S01020,760433,IIFL_SCRIPMASTER
KSOLVES,NSE,KSOLVES.NS,Ksolves India,KSOLVES|Ksolves India|Ksolves India Limited,,INE0D6I01023,11060,IIFL_SCRIPMASTER
KUANTUM,NSE,KUANTUM.NS,Kuantum Papers,KUANTUM|Kuantum Papers|Kuantum Papers Limited,,INE529I01021,13870,IIFL_SCRIPMASTER
KPL,NSE,KPL.NS,Kwality Pharmaceuticals L,KPL|Kwality Pharmaceuticals L,,INE552U01010,762757,IIFL_SCRIPMASTER
KWIL,NSE,KWIL.NS,Kwality Walls (India) L,KWIL|Kwality Walls (India) L,,INE2KCE01013,760946,IIFL_SCRIPMASTER
LTF,NSE,LTF.NS,L&T Finance,L&T Finance|L&T Finance Limited|LTF,,INE498L01015,24948,IIFL_SCRIPMASTER
LTTS,NSE,LTTS.NS,L&T Technology Ser.,L&T Technology Ser.|L&T Technology Ser. Limited|LTTS,,INE010V01017,18564,IIFL_SCRIPMASTER
LICHSGFIN,NSE,LICHSGFIN.NS,LIC Housing Finance,LIC Housing Finance|LIC Housing Finance Limited|LICHSGFIN,,INE115A01026,1997,IIFL_SCRIPMASTER
LICNETFN50,NSE,LICNETFN50.NS,LICnamc - LICnfengp,LICNETFN50|LICnamc - LICnfengp,,INF767K01OS7,11319,IIFL_SCRIPMASTER
LICNETFSEN,NSE,LICNETFSEN.NS,LICnamc - LICnfesgp,LICNETFSEN|LICnamc - LICnfesgp,,INF767K01OT5,11441,IIFL_SCRIPMASTER
LICNFNHGP,NSE,LICNFNHGP.NS,LICnamc - LICnfnhgp,LICNFNHGP|LICnamc - LICnfnhgp,,INF767K01PC8,15229,IIFL_SCRIPMASTER
LICNETFGSC,NSE,LICNETFGSC.NS,LICnamc - LICnmfet,LICNETFGSC|LICnamc - LICnmfet,,INF767K01MV5,6062,IIFL_SCRIPMASTER
LICNMID100,NSE,LICNMID100.NS,LICnamc - LICnmid100,LICNMID100|LICnamc - LICnmid100,,INF767K01RN1,22722,IIFL_SCRIPMASTER
LAOPALA,NSE,LAOPALA.NS,La Opala Rg,LAOPALA|La Opala Rg|La Opala Rg Limited,,INE059D01020,14423,IIFL_SCRIPMASTER
LAGNAM,NSE,LAGNAM.NS,Lagnam Spintex,LAGNAM|Lagnam Spintex|Lagnam Spintex Limited,,INE548Z01017,5865,IIFL_SCRIPMASTER
LAHOTIOV,NSE,LAHOTIOV.NS,Lahoti Overseas,LAHOTIOV|Lahoti Overseas|Lahoti Overseas Limited,,INE515C01023,762762,IIFL_SCRIPMASTER
LFIC,NSE,LFIC.NS,Lakshmi Fin Ind Corp,LFIC|Lakshmi Fin Ind Corp|Lakshmi Fin Ind Corp Limited,,INE850E01012,7902,IIFL_SCRIPMASTER
LAMBODHARA,NSE,LAMBODHARA.NS,Lambodhara Textiles,LAMBODHARA|Lambodhara Textiles|Lambodhara Textiles Limited,,INE112F01022,6407,IIFL_SCRIPMASTER
LANCORHOL,NSE,LANCORHOL.NS,Lancor Holdings,LANCORHOL|Lancor Holdings|Lancor Holdings Limited,,INE572G01025,23027,IIFL_SCRIPMASTER
LANDMARK,NSE,LANDMARK.NS,Landmark Cars,LANDMARK|Landmark Cars|Landmark Cars Limited,,INE559R01029,13276,IIFL_SCRIPMASTER
LPDC,NSE,LPDC.NS,Landmark Pr.Dev.Co.,LPDC|Landmark Pr.Dev.Co.|Landmark Pr.Dev.Co.Limited,,INE197J01017,16863,IIFL_SCRIPMASTER
LANDSMILL,NSE,LANDSMILL.NS,Landsmill Green,LANDSMILL|Landsmill Green|Landsmill Green Limited,,INE688J01023,17376,IIFL_SCRIPMASTER
LT,NSE,LT.NS,Larsen & Toubro,LT|Larsen & Toubro|Larsen & Toubro Limited,,INE018A01030,11483,IIFL_SCRIPMASTER
LASA,NSE,LASA.NS,Lasa Supergenerics,LASA|Lasa Supergenerics|Lasa Supergenerics Limited,,INE670X01014,21713,IIFL_SCRIPMASTER
LATENTVIEW,NSE,LATENTVIEW.NS,Latent View Analytics,LATENTVIEW|Latent View Analytics|Latent View Analytics Limited,,INE0I7C01011,6818,IIFL_SCRIPMASTER
LAURUSLABS,NSE,LAURUSLABS.NS,Laurus Labs,LAURUSLABS|Laurus Labs|Laurus Labs Limited,,INE947Q01028,19234,IIFL_SCRIPMASTER
LAXMICOT,NSE,LAXMICOT.NS,Laxmi Cotspin,LAXMICOT|Laxmi Cotspin|Laxmi Cotspin Limited,,INE801V01019,6568,IIFL_SCRIPMASTER
LAXMIDENTL,NSE,LAXMIDENTL.NS,Laxmi Dental,LAXMIDENTL|Laxmi Dental|Laxmi Dental Limited,,INE0WO601020,29171,IIFL_SCRIPMASTER
LGHL,NSE,LGHL.NS,Laxmi Goldorna House,LGHL|Laxmi Goldorna House|Laxmi Goldorna House Limited,,INE258Y01016,19876,IIFL_SCRIPMASTER
LXCHEM,NSE,LXCHEM.NS,Laxmi Organic Indus,LXCHEM|Laxmi Organic Indus|Laxmi Organic Indus Limited,,INE576O01020,2841,IIFL_SCRIPMASTER
LEMERITE,NSE,LEMERITE.NS,Le Merite Exports,LEMERITE|Le Merite Exports|Le Merite Exports Limited,,INE0G1L01017,760300,IIFL_SCRIPMASTER
IXIGO,NSE,IXIGO.NS,Le Travenues Technology L,IXIGO|Le Travenues Technology L,,INE0HV901016,24067,IIFL_SCRIPMASTER
THELEELA,NSE,THELEELA.NS,Leela Palaces Hotel,Leela Palaces Hotel|Leela Palaces Hotel Limited|THELEELA,,INE0AQ201015,757014,IIFL_SCRIPMASTER
LEMONTREE,NSE,LEMONTREE.NS,Lemon Tree Hotels,LEMONTREE|Lemon Tree Hotels|Lemon Tree Hotels Limited,,INE970X01018,2606,IIFL_SCRIPMASTER
LENSKART,NSE,LENSKART.NS,Lenskart Solutions,LENSKART|Lenskart Solutions|Lenskart Solutions Limited,,INE956O01016,759605,IIFL_SCRIPMASTER
LEXUS,NSE,LEXUS.NS,Lexus Granito (India),LEXUS|Lexus Granito (India)|Lexus Granito (India) Limited,,INE500X01013,14459,IIFL_SCRIPMASTER
LGBBROSLTD,NSE,LGBBROSLTD.NS,Lg Balakrishnan & Bros,LGBBROSLTD|Lg Balakrishnan & Bros,,INE337A01034,18321,IIFL_SCRIPMASTER
LGEINDIA,NSE,LGEINDIA.NS,Lg Electronics India,LGEINDIA|Lg Electronics India|Lg Electronics India Limited,,INE324D01010,760213,IIFL_SCRIPMASTER
LIBAS,NSE,LIBAS.NS,Libas Consu Products,LIBAS|Libas Consu Products|Libas Consu Products Limited,,INE908V01012,11082,IIFL_SCRIPMASTER
LIBERTSHOE,NSE,LIBERTSHOE.NS,Liberty Shoes,LIBERTSHOE|Liberty Shoes|Liberty Shoes Limited,,INE557B01019,1994,IIFL_SCRIPMASTER
LICI,NSE,LICI.NS,Life Insura Corp of India,LICI|Life Insura Corp of India,,INE0J1Y01017,9480,IIFL_SCRIPMASTER
LINC,NSE,LINC.NS,Linc,LINC|Linc|Linc Limited,,INE802B01027,6951,IIFL_SCRIPMASTER
LINCOLN,NSE,LINCOLN.NS,Lincoln Pharma,LINCOLN|Lincoln Pharma|Lincoln Pharma Limited,,INE405C01035,11596,IIFL_SCRIPMASTER
LINDEINDIA,NSE,LINDEINDIA.NS,Linde India,LINDEINDIA|Linde India|Linde India Limited,,INE473A01011,1627,IIFL_SCRIPMASTER
LLOYDSENGG,NSE,LLOYDSENGG.NS,Lloyds Engg Work,LLOYDSENGG|Lloyds Engg Work|Lloyds Engg Work Limited,,INE093R01011,17801,IIFL_SCRIPMASTER
LLOYDSENT,NSE,LLOYDSENT.NS,Lloyds Enterprises,LLOYDSENT|Lloyds Enterprises|Lloyds Enterprises Limited,,INE080I01025,25807,IIFL_SCRIPMASTER
LLOYDSME,NSE,LLOYDSME.NS,Lloyds Metals N Energy L,LLOYDSME|Lloyds Metals N Energy L,,INE281B01032,17313,IIFL_SCRIPMASTER
LMW,NSE,LMW.NS,Lmw,LMW|Lmw|Lmw Limited,,INE269B01029,1979,IIFL_SCRIPMASTER
LODHA,NSE,LODHA.NS,Lodha Developers,LODHA|Lodha Developers|Lodha Developers Limited,,INE670K01029,3220,IIFL_SCRIPMASTER
LORDSCHLO,NSE,LORDSCHLO.NS,Lords Chloro Alkali,LORDSCHLO|Lords Chloro Alkali|Lords Chloro Alkali Limited,,INE846D01012,18232,IIFL_SCRIPMASTER
LAL,NSE,LAL.NS,Lorenzini Apparels,LAL|Lorenzini Apparels|Lorenzini Apparels Limited,,INE740X01023,14924,IIFL_SCRIPMASTER
LOTUSEYE,NSE,LOTUSEYE.NS,Lotus Eye Hosp & Inst L,LOTUSEYE|Lotus Eye Hosp & Inst L,,INE947I01017,16807,IIFL_SCRIPMASTER
LOVABLE,NSE,LOVABLE.NS,Lovable Lingerie,LOVABLE|Lovable Lingerie|Lovable Lingerie Limited,,INE597L01014,22415,IIFL_SCRIPMASTER
LTFOODS,NSE,LTFOODS.NS,Lt Foods,LTFOODS|Lt Foods|Lt Foods Limited,,INE818H01020,13816,IIFL_SCRIPMASTER
LTM,NSE,LTM.NS,Ltm,LTM|Ltm|Ltm Limited,,INE214T01019,17818,IIFL_SCRIPMASTER
LUMAXTECH,NSE,LUMAXTECH.NS,Lumax Auto Tech,LUMAXTECH|Lumax Auto Tech|Lumax Auto Tech Limited,,INE872H01027,14014,IIFL_SCRIPMASTER
LUMAXIND,NSE,LUMAXIND.NS,Lumax Industries,LUMAXIND|Lumax Industries|Lumax Industries Limited,,INE162B01018,2018,IIFL_SCRIPMASTER
LUPIN,NSE,LUPIN.NS,Lupin,LUPIN|Lupin|Lupin Limited,,INE326A01037,10440,IIFL_SCRIPMASTER
LUXIND,NSE,LUXIND.NS,Lux Industries,LUXIND|Lux Industries|Lux Industries Limited,,INE150G01020,11301,IIFL_SCRIPMASTER
LYKALABS,NSE,LYKALABS.NS,Lyka Labs,LYKALABS|Lyka Labs|Lyka Labs Limited,,INE933A01014,2028,IIFL_SCRIPMASTER
LYPSAGEMS,NSE,LYPSAGEMS.NS,Lypsa Gems & Jewel,LYPSAGEMS|Lypsa Gems & Jewel|Lypsa Gems & Jewel Limited,,INE142K01011,31468,IIFL_SCRIPMASTER
MKPL,NSE,MKPL.NS,M K Proteins,M K Proteins|M K Proteins Limited|MKPL,,INE964W01021,16736,IIFL_SCRIPMASTER
MBEL,NSE,MBEL.NS,M and B Engineering,M and B Engineering|M and B Engineering Limited|MBEL,,INE08N601015,758150,IIFL_SCRIPMASTER
M&MFIN,NSE,M&MFIN.NS,M&M Fin. Services,M&M Fin. Services|M&M Fin. Services Limited|M&MFIN,,INE774D01024,13285,IIFL_SCRIPMASTER
MAANALU,NSE,MAANALU.NS,Maan Aluminium,MAANALU|Maan Aluminium|Maan Aluminium Limited,,INE215I01027,15017,IIFL_SCRIPMASTER
MCCHRLS-B,NSE,MCCHRLS-B.NS,Mac Charles (India),MCCHRLS-B|Mac Charles (India)|Mac Charles (India) Limited,,INE435D01014,762782,IIFL_SCRIPMASTER
MACPOWER,NSE,MACPOWER.NS,Macpower Cnc Machines,MACPOWER|Macpower Cnc Machines|Macpower Cnc Machines Limited,,INE155Z01011,22347,IIFL_SCRIPMASTER
MADHAVIPL,NSE,MADHAVIPL.NS,Madhav Infra Projects L,MADHAVIPL|Madhav Infra Projects L,,INE631R01026,762767,IIFL_SCRIPMASTER
MADHAV,NSE,MADHAV.NS,Madhav Marble & Granite,MADHAV|Madhav Marble & Granite,,INE925C01016,15151,IIFL_SCRIPMASTER
MADHUCON,NSE,MADHUCON.NS,Madhucon Projects,MADHUCON|Madhucon Projects|Madhucon Projects Limited,,INE378D01032,13671,IIFL_SCRIPMASTER
MBAPL,NSE,MBAPL.NS,Madhya Bharat Agro P.,MBAPL|Madhya Bharat Agro P.|Madhya Bharat Agro P. Limited,,INE900L01010,12686,IIFL_SCRIPMASTER
MADRASFERT,NSE,MADRASFERT.NS,Madras Fertilisers,MADRASFERT|Madras Fertilisers|Madras Fertilisers Limited,,INE414A01015,4911,IIFL_SCRIPMASTER
MAFATIND,NSE,MAFATIND.NS,Mafatlal Industries,MAFATIND|Mafatlal Industries|Mafatlal Industries Limited,,INE270B01035,762772,IIFL_SCRIPMASTER
MAGADSUGAR,NSE,MAGADSUGAR.NS,Magadh Sugar & Energy,MAGADSUGAR|Magadh Sugar & Energy|Magadh Sugar & Energy Limited,,INE347W01011,21392,IIFL_SCRIPMASTER
MCLOUD,NSE,MCLOUD.NS,Magellanic Cloud,MCLOUD|Magellanic Cloud|Magellanic Cloud Limited,,INE613C01026,29482,IIFL_SCRIPMASTER
MAGNUM,NSE,MAGNUM.NS,Magnum Ventures,MAGNUM|Magnum Ventures|Magnum Ventures Limited,,INE387I01016,14957,IIFL_SCRIPMASTER
MAHAPEXLTD,NSE,MAHAPEXLTD.NS,Maha Rashtra Apex Copr. L,MAHAPEXLTD|Maha Rashtra Apex Copr. L,,INE843B01013,5239,IIFL_SCRIPMASTER
MFML,NSE,MFML.NS,Mahalaxmi Fabric Mills Lt,MFML|Mahalaxmi Fabric Mills Lt,,INE0US801024,24937,IIFL_SCRIPMASTER
MHLXMIRU,NSE,MHLXMIRU.NS,Mahalaxmi Rubtech,MHLXMIRU|Mahalaxmi Rubtech|Mahalaxmi Rubtech Limited,,INE112D01035,7886,IIFL_SCRIPMASTER
MGL,NSE,MGL.NS,Mahanagar Gas,MGL|Mahanagar Gas|Mahanagar Gas Limited,,INE002S01010,17534,IIFL_SCRIPMASTER
MTNL,NSE,MTNL.NS,Mahanagar Telephone Nigam,MTNL|Mahanagar Telephone Nigam,,INE153A01019,2294,IIFL_SCRIPMASTER
MAHSCOOTER,NSE,MAHSCOOTER.NS,Maharashtra Scooters,MAHSCOOTER|Maharashtra Scooters|Maharashtra Scooters Limited,,INE288A01013,2085,IIFL_SCRIPMASTER
MAHSEAMLES,NSE,MAHSEAMLES.NS,Maharashtra Seamless,MAHSEAMLES|Maharashtra Seamless|Maharashtra Seamless Limited,,INE271B01025,2088,IIFL_SCRIPMASTER
MAHESHWARI,NSE,MAHESHWARI.NS,Maheshwari Logistics,MAHESHWARI|Maheshwari Logistics|Maheshwari Logistics Limited,,INE263W01010,9576,IIFL_SCRIPMASTER
M&M,NSE,M&M.NS,Mahindra & Mahindra,M&M|Mahindra & Mahindra|Mahindra & Mahindra Limited,,INE101A01026,2031,IIFL_SCRIPMASTER
MAHEPC,NSE,MAHEPC.NS,Mahindra Epc Irrig,MAHEPC|Mahindra Epc Irrig|Mahindra Epc Irrig Limited,,INE215D01010,17603,IIFL_SCRIPMASTER
MHRIL,NSE,MHRIL.NS,Mahindra Holidays,MHRIL|Mahindra Holidays|Mahindra Holidays Limited,,INE998I01010,17333,IIFL_SCRIPMASTER
MAHLIFE,NSE,MAHLIFE.NS,Mahindra Lifespace Devltd,MAHLIFE|Mahindra Lifespace Devltd,,INE813A01018,8050,IIFL_SCRIPMASTER
MAHLOG,NSE,MAHLOG.NS,Mahindra Logistic,MAHLOG|Mahindra Logistic|Mahindra Logistic Limited,,INE766P01016,385,IIFL_SCRIPMASTER
MAITHANALL,NSE,MAITHANALL.NS,Maithan Alloys,MAITHANALL|Maithan Alloys|Maithan Alloys Limited,,INE683C01011,24538,IIFL_SCRIPMASTER
MAJESAUT,NSE,MAJESAUT.NS,Majestic Auto,MAJESAUT|Majestic Auto|Majestic Auto Limited,,INE201B01022,762777,IIFL_SCRIPMASTER
MALLCOM,NSE,MALLCOM.NS,Mallcom (India),MALLCOM|Mallcom (India)|Mallcom (India) Limited,,INE389C01015,7965,IIFL_SCRIPMASTER
MALUPAPER,NSE,MALUPAPER.NS,Malu Paper Mills,MALUPAPER|Malu Paper Mills|Malu Paper Mills Limited,,INE383H01017,13352,IIFL_SCRIPMASTER
MAMATA,NSE,MAMATA.NS,Mamata Machinery,MAMATA|Mamata Machinery|Mamata Machinery Limited,,INE0TO701015,28687,IIFL_SCRIPMASTER
MANAKCOAT,NSE,MANAKCOAT.NS,Man Coat Metal & Ind,MANAKCOAT|Man Coat Metal & Ind|Man Coat Metal & Ind Limited,,INE830Q01018,7413,IIFL_SCRIPMASTER
MANINDS,NSE,MANINDS.NS,Man Industries (I),MANINDS|Man Industries (I)|Man Industries (I) Limited,,INE993A01026,11884,IIFL_SCRIPMASTER
MANINFRA,NSE,MANINFRA.NS,Man Infra,MANINFRA|Man Infra|Man Infra Limited,,INE949H01023,18226,IIFL_SCRIPMASTER
MANAKALUCO,NSE,MANAKALUCO.NS,Manak Aluminium Co.,MANAKALUCO|Manak Aluminium Co.|Manak Aluminium Co. Limited,,INE859Q01017,7420,IIFL_SCRIPMASTER
MANAKSIA,NSE,MANAKSIA.NS,Manaksia,MANAKSIA|Manaksia|Manaksia Limited,,INE015D01022,15199,IIFL_SCRIPMASTER
MANALIPETC,NSE,MANALIPETC.NS,Manali Petrochemicals Lt,MANALIPETC|Manali Petrochemicals Lt,,INE201A01024,13796,IIFL_SCRIPMASTER
MANAPPURAM,NSE,MANAPPURAM.NS,Manappuram Finance,MANAPPURAM|Manappuram Finance|Manappuram Finance Limited,,INE522D01027,19061,IIFL_SCRIPMASTER
MANBA,NSE,MANBA.NS,Manba Finance,MANBA|Manba Finance|Manba Finance Limited,,INE939X01013,25597,IIFL_SCRIPMASTER
MANCREDIT,NSE,MANCREDIT.NS,Mangal Credit N Fincorp L,MANCREDIT|Mangal Credit N Fincorp L,,INE545L01039,24823,IIFL_SCRIPMASTER
MANGLMCEM,NSE,MANGLMCEM.NS,Mangalam Cement,MANGLMCEM|Mangalam Cement|Mangalam Cement Limited,,INE347A01017,2106,IIFL_SCRIPMASTER
MGEL,NSE,MGEL.NS,Mangalam Global Ent,MGEL|Mangalam Global Ent|Mangalam Global Ent Limited,,INE0APB01032,1593,IIFL_SCRIPMASTER
MWL,NSE,MWL.NS,Mangalam Worldwide,MWL|Mangalam Worldwide|Mangalam Worldwide Limited,,INE0JYY01011,759169,IIFL_SCRIPMASTER
MANKIND,NSE,MANKIND.NS,Mankind Pharma,MANKIND|Mankind Pharma|Mankind Pharma Limited,,INE634S01028,15380,IIFL_SCRIPMASTER
MVGJL,NSE,MVGJL.NS,Manoj Vaibhav Gem N Jew L,MVGJL|Manoj Vaibhav Gem N Jew L,,INE0KNT01012,19015,IIFL_SCRIPMASTER
MANOMAY,NSE,MANOMAY.NS,Manomay Tex India,MANOMAY|Manomay Tex India|Manomay Tex India Limited,,INE784W01015,13753,IIFL_SCRIPMASTER
MANORAMA,NSE,MANORAMA.NS,Manorama Industries,MANORAMA|Manorama Industries|Manorama Industries Limited,,INE00VM01036,10227,IIFL_SCRIPMASTER
MANUGRAPH,NSE,MANUGRAPH.NS,Manugraph India,MANUGRAPH|Manugraph India|Manugraph India Limited,,INE867A01022,13572,IIFL_SCRIPMASTER
MARATHON,NSE,MARATHON.NS,Marathon Nxtgen Realt,MARATHON|Marathon Nxtgen Realt|Marathon Nxtgen Realt Limited,,INE182D01020,18659,IIFL_SCRIPMASTER
MARICO,NSE,MARICO.NS,Marico,MARICO|Marico|Marico Limited,,INE196A01026,4067,IIFL_SCRIPMASTER
MARINE,NSE,MARINE.NS,Marine Electrical (I),MARINE|Marine Electrical (I)|Marine Electrical (I) Limited,,INE01JE01028,1328,IIFL_SCRIPMASTER
MARKOLINES,NSE,MARKOLINES.NS,Markolines Pavement Tec L,MARKOLINES|Markolines Pavement Tec L,,INE0FW001016,760204,IIFL_SCRIPMASTER
MARKSANS,NSE,MARKSANS.NS,Marksans Pharma,MARKSANS|Marksans Pharma|Marksans Pharma Limited,,INE750C01026,10579,IIFL_SCRIPMASTER
MARSONS,NSE,MARSONS.NS,Marsons,MARSONS|Marsons|Marsons Limited,,INE415B01044,761386,IIFL_SCRIPMASTER
MARUTI,NSE,MARUTI.NS,Maruti Suzuki India,MARUTI|Maruti Suzuki India|Maruti Suzuki India Limited,,INE585B01010,10999,IIFL_SCRIPMASTER
MASFIN,NSE,MASFIN.NS,Mas Financial Serv,MASFIN|Mas Financial Serv|Mas Financial Serv Limited,,INE348L01012,199,IIFL_SCRIPMASTER
MASTEK,NSE,MASTEK.NS,Mastek,MASTEK|Mastek|Mastek Limited,,INE759A01021,2124,IIFL_SCRIPMASTER
MASTERTR,NSE,MASTERTR.NS,Master Trust,MASTERTR|Master Trust|Master Trust Limited,,INE677D01037,27047,IIFL_SCRIPMASTER
MATRIMONY,NSE,MATRIMONY.NS,Matrimony.Com,MATRIMONY|Matrimony.Com|Matrimony.Com Limited,,INE866R01028,21726,IIFL_SCRIPMASTER
MAXESTATES,NSE,MAXESTATES.NS,Max Estates,MAXESTATES|Max Estates|Max Estates Limited,,INE03EI01018,19646,IIFL_SCRIPMASTER
MFSL,NSE,MFSL.NS,Max Financial Serv,MFSL|Max Financial Serv|Max Financial Serv Limited,,INE180A01020,2142,IIFL_SCRIPMASTER
MAXHEALTH,NSE,MAXHEALTH.NS,Max Healthcare Ins,MAXHEALTH|Max Healthcare Ins|Max Healthcare Ins Limited,,INE027H01010,22377,IIFL_SCRIPMASTER
MAXIND,NSE,MAXIND.NS,Max India,MAXIND|Max India|Max India Limited,,INE0CG601016,22428,IIFL_SCRIPMASTER
MAYURUNIQ,NSE,MAYURUNIQ.NS,Mayur Uniquoters,MAYURUNIQ|Mayur Uniquoters|Mayur Uniquoters Limited,,INE040D01038,28906,IIFL_SCRIPMASTER
MAZDOCK,NSE,MAZDOCK.NS,Mazagon Dock Shipbuil,MAZDOCK|Mazagon Dock Shipbuil|Mazagon Dock Shipbuil Limited,,INE249Z01020,509,IIFL_SCRIPMASTER
MAZDA,NSE,MAZDA.NS,Mazda,MAZDA|Mazda|Mazda Limited,,INE885E01042,18866,IIFL_SCRIPMASTER
MBLINFRA,NSE,MBLINFRA.NS,Mbl Infrastructure,MBLINFRA|Mbl Infrastructure|Mbl Infrastructure Limited,,INE912H01013,18029,IIFL_SCRIPMASTER
MEDIASSIST,NSE,MEDIASSIST.NS,Medi Assist Health Ser L,MEDIASSIST|Medi Assist Health Ser L,,INE456Z01021,21705,IIFL_SCRIPMASTER
MEDICAMEQ,NSE,MEDICAMEQ.NS,Medicamen Biotech,MEDICAMEQ|Medicamen Biotech|Medicamen Biotech Limited,,INE646B01010,6278,IIFL_SCRIPMASTER
MEDICO,NSE,MEDICO.NS,Medico Remedies,MEDICO|Medico Remedies|Medico Remedies Limited,,INE630Y01024,9667,IIFL_SCRIPMASTER
MEDPLUS,NSE,MEDPLUS.NS,Medplus Health Serv,MEDPLUS|Medplus Health Serv|Medplus Health Serv Limited,,INE804L01022,7254,IIFL_SCRIPMASTER
MEESHO,NSE,MEESHO.NS,Meesho,MEESHO|Meesho|Meesho Limited,,INE0VDM01015,760229,IIFL_SCRIPMASTER
MEGASTAR,NSE,MEGASTAR.NS,Megastar Foods,MEGASTAR|Megastar Foods|Megastar Foods Limited,,INE00EM01016,8153,IIFL_SCRIPMASTER
MOL,NSE,MOL.NS,Meghmani Organics,MOL|Meghmani Organics|Meghmani Organics Limited,,INE0CT101020,5394,IIFL_SCRIPMASTER
MENONBE,NSE,MENONBE.NS,Menon Bearings,MENONBE|Menon Bearings|Menon Bearings Limited,,INE071D01033,6961,IIFL_SCRIPMASTER
MENNPIS,NSE,MENNPIS.NS,Menon Pistons,MENNPIS|Menon Pistons|Menon Pistons Limited,,INE650G01029,762787,IIFL_SCRIPMASTER
MERCANTILE,NSE,MERCANTILE.NS,Mercantile Ventures,MERCANTILE|Mercantile Ventures|Mercantile Ventures Limited,,INE689O01013,762792,IIFL_SCRIPMASTER
METROBRAND,NSE,METROBRAND.NS,Metro Brands,METROBRAND|Metro Brands|Metro Brands Limited,,INE317I01021,7242,IIFL_SCRIPMASTER
METROGLOBL,NSE,METROGLOBL.NS,Metroglobal,METROGLOBL|Metroglobal|Metroglobal Limited,,INE085D01033,762797,IIFL_SCRIPMASTER
METROPOLIS,NSE,METROPOLIS.NS,Metropolis Healthcare,METROPOLIS|Metropolis Healthcare|Metropolis Healthcare Limited,,INE112L01020,9581,IIFL_SCRIPMASTER
MICEL,NSE,MICEL.NS,Mic Electronics,MICEL|Mic Electronics|Mic Electronics Limited,,INE287C01037,7169,IIFL_SCRIPMASTER
MIDWESTLTD,NSE,MIDWESTLTD.NS,Midwest,MIDWESTLTD|Midwest|Midwest Limited,,INE0XAD01024,759517,IIFL_SCRIPMASTER
MINDACORP,NSE,MINDACORP.NS,Minda,MINDACORP|Minda|Minda Corporation Limited,,INE842C01021,25897,IIFL_SCRIPMASTER
MINDTECK,NSE,MINDTECK.NS,Mindteck (India),MINDTECK|Mindteck (India)|Mindteck (India) Limited,,INE110B01017,18049,IIFL_SCRIPMASTER
ALPHAETF,NSE,ALPHAETF.NS,Miraeamc - Alphaetf,ALPHAETF|Miraeamc - Alphaetf,,INF769K01KU7,19640,IIFL_SCRIPMASTER
BANKETF,NSE,BANKETF.NS,Miraeamc - Banketf,BANKETF|Miraeamc - Banketf,,INF769K01KR3,17419,IIFL_SCRIPMASTER
BANKPSU,NSE,BANKPSU.NS,Miraeamc - Bankpsu,BANKPSU|Miraeamc - Bankpsu,,INF769K01LZ4,25725,IIFL_SCRIPMASTER
CONSUMER,NSE,CONSUMER.NS,Miraeamc - Consumer,CONSUMER|Miraeamc - Consumer,,INF769K01NS5,28969,IIFL_SCRIPMASTER
DEFENCE,NSE,DEFENCE.NS,Miraeamc - Defence,DEFENCE|Miraeamc - Defence,,INF769K01QC2,761046,IIFL_SCRIPMASTER
DIVIDEND,NSE,DIVIDEND.NS,Miraeamc - Dividend,DIVIDEND|Miraeamc - Dividend,,INF769K01PY8,760412,IIFL_SCRIPMASTER
ENERGY,NSE,ENERGY.NS,Miraeamc - Energy,ENERGY|Miraeamc - Energy,,INF769K01PR2,759780,IIFL_SCRIPMASTER
EQUAL200,NSE,EQUAL200.NS,Miraeamc - Equal200,EQUAL200|Miraeamc - Equal200,,INF769K01OA1,30121,IIFL_SCRIPMASTER
EQUAL50,NSE,EQUAL50.NS,Miraeamc - Equal50,EQUAL50|Miraeamc - Equal50,,INF769K01OO2,757142,IIFL_SCRIPMASTER
EVINDIA,NSE,EVINDIA.NS,Miraeamc - Evindia,EVINDIA|Miraeamc - Evindia,,INF769K01LQ3,24461,IIFL_SCRIPMASTER
HEALTHCARE,NSE,HEALTHCARE.NS,Miraeamc - Healthcare,HEALTHCARE|Miraeamc - Healthcare,,INF769K01QA6,760986,IIFL_SCRIPMASTER
INFRA,NSE,INFRA.NS,Miraeamc - Infra,INFRA|Miraeamc - Infra,,INF769K01QB4,761030,IIFL_SCRIPMASTER
INTERNET,NSE,INTERNET.NS,Miraeamc - Internet,INTERNET|Miraeamc - Internet,,INF769K01PB6,758595,IIFL_SCRIPMASTER
ITETF,NSE,ITETF.NS,Miraeamc - Itetf,ITETF|Miraeamc - Itetf,,INF769K01KV5,19633,IIFL_SCRIPMASTER
LIQUID,NSE,LIQUID.NS,Miraeamc - Liquid,LIQUID|Miraeamc - Liquid,,INF769K01KS1,17572,IIFL_SCRIPMASTER
LIQUIDPLUS,NSE,LIQUIDPLUS.NS,Miraeamc - Liquidplus,LIQUIDPLUS|Miraeamc - Liquidplus,,INF769K01MY5,27075,IIFL_SCRIPMASTER
ESG,NSE,ESG.NS,Miraeamc - Maesgetf,ESG|Miraeamc - Maesgetf,,INF769K01GS9,1200,IIFL_SCRIPMASTER
MAFANG,NSE,MAFANG.NS,Miraeamc - Mafang,MAFANG|Miraeamc - Mafang,,INF769K01HF4,3507,IIFL_SCRIPMASTER
BFSI,NSE,BFSI.NS,Miraeamc - Mafsetf,BFSI|Miraeamc - Mafsetf,,INF769K01HI8,5220,IIFL_SCRIPMASTER
GOLDETF,NSE,GOLDETF.NS,Miraeamc - Magoldetf,GOLDETF|Miraeamc - Magoldetf,,INF769K01JP9,14286,IIFL_SCRIPMASTER
GSEC10YEAR,NSE,GSEC10YEAR.NS,Miraeamc - Mags813Etf,GSEC10YEAR|Miraeamc - Mags813Etf,,INF769K01KF8,14938,IIFL_SCRIPMASTER
MAHKTECH,NSE,MAHKTECH.NS,Miraeamc - Mahktech,MAHKTECH|Miraeamc - Mahktech,,INF769K01HS7,7074,IIFL_SCRIPMASTER
MIDCAPETF,NSE,MIDCAPETF.NS,Miraeamc - Mam150Etf,MIDCAPETF|Miraeamc - Mam150Etf,,INF769K01IC9,8413,IIFL_SCRIPMASTER
MAKEINDIA,NSE,MAKEINDIA.NS,Miraeamc - Mamfgetf,MAKEINDIA|Miraeamc - Mamfgetf,,INF769K01IB1,7979,IIFL_SCRIPMASTER
NIFTYETF,NSE,NIFTYETF.NS,Miraeamc - Man50Etf,Miraeamc - Man50Etf|NIFTYETF,,INF769K01EG9,6353,IIFL_SCRIPMASTER
LOWVOL,NSE,LOWVOL.NS,Miraeamc - Manv30F,LOWVOL|Miraeamc - Manv30F,,INF769K01JU9,14786,IIFL_SCRIPMASTER
NEXT50,NSE,NEXT50.NS,Miraeamc - Manxt50,Miraeamc - Manxt50|NEXT50,,INF769K01FN2,17181,IIFL_SCRIPMASTER
SILVERAG,NSE,SILVERAG.NS,Miraeamc - Masilver,Miraeamc - Masilver|SILVERAG,,INF769K01KG6,16777,IIFL_SCRIPMASTER
MASPTOP50,NSE,MASPTOP50.NS,Miraeamc - Masptop50,MASPTOP50|Miraeamc - Masptop50,,INF769K01HP3,5782,IIFL_SCRIPMASTER
METAL,NSE,METAL.NS,Miraeamc - Metal,METAL|Miraeamc - Metal,,INF769K01LY7,25744,IIFL_SCRIPMASTER
MIDSMALL,NSE,MIDSMALL.NS,Miraeamc - Midsmall,MIDSMALL|Miraeamc - Midsmall,,INF769K01LJ8,23855,IIFL_SCRIPMASTER
MULTICAP,NSE,MULTICAP.NS,Miraeamc - Multicap,MULTICAP|Miraeamc - Multicap,,INF769K01LX9,25080,IIFL_SCRIPMASTER
SELECTIPO,NSE,SELECTIPO.NS,Miraeamc - Selectipo,Miraeamc - Selectipo|SELECTIPO,,INF769K01ON4,30109,IIFL_SCRIPMASTER
SENSEXETF,NSE,SENSEXETF.NS,Miraeamc - Sensexetf,Miraeamc - Sensexetf|SENSEXETF,,INF769K01KT9,19224,IIFL_SCRIPMASTER
SMALL250,NSE,SMALL250.NS,Miraeamc - Small250,Miraeamc - Small250|SMALL250,,INF769K01PQ4,759814,IIFL_SCRIPMASTER
SMALLCAP,NSE,SMALLCAP.NS,Miraeamc - Smallcap,Miraeamc - Smallcap|SMALLCAP,,INF769K01LC3,22832,IIFL_SCRIPMASTER
TOP20,NSE,TOP20.NS,Miraeamc - Top20,Miraeamc - Top20|TOP20,,INF769K01PZ5,760415,IIFL_SCRIPMASTER
VALUE,NSE,VALUE.NS,Miraeamc - Value,Miraeamc - Value|VALUE,,INF769K01QV2,761511,IIFL_SCRIPMASTER
MIRZAINT,NSE,MIRZAINT.NS,Mirza International Limit,MIRZAINT|Mirza International Limit,,INE771A01026,4394,IIFL_SCRIPMASTER
MIDHANI,NSE,MIDHANI.NS,Mishra Dhatu Nigam,MIDHANI|Mishra Dhatu Nigam|Mishra Dhatu Nigam Limited,,INE099Z01011,2463,IIFL_SCRIPMASTER
MITCON,NSE,MITCON.NS,Mitcon Con & Eng Ser,MITCON|Mitcon Con & Eng Ser|Mitcon Con & Eng Ser Limited,,INE828O01033,8469,IIFL_SCRIPMASTER
MITTAL,NSE,MITTAL.NS,Mittal Life Style,MITTAL|Mittal Life Style|Mittal Life Style Limited,,INE997Y01027,18562,IIFL_SCRIPMASTER
MMFL,NSE,MMFL.NS,Mm Forgings,MMFL|Mm Forgings|Mm Forgings Limited,,INE227C01017,13844,IIFL_SCRIPMASTER
MMP,NSE,MMP.NS,Mmp Industries,MMP|Mmp Industries|Mmp Industries Limited,,INE511Y01018,16395,IIFL_SCRIPMASTER
MMTC,NSE,MMTC.NS,Mmtc,MMTC|Mmtc|Mmtc Limited,,INE123F01029,17957,IIFL_SCRIPMASTER
MODTHREAD,NSE,MODTHREAD.NS,Modern Threads India,MODTHREAD|Modern Threads India|Modern Threads India Limited,,INE794W01014,2241,IIFL_SCRIPMASTER
MODIRUBBER,NSE,MODIRUBBER.NS,Modi Rubber,MODIRUBBER|Modi Rubber|Modi Rubber Limited,,INE832A01018,2229,IIFL_SCRIPMASTER
MODIS,NSE,MODIS.NS,Modis Navnirman,MODIS|Modis Navnirman|Modis Navnirman Limited,,INE0L0L01012,759752,IIFL_SCRIPMASTER
MODISONLTD,NSE,MODISONLTD.NS,Modison,MODISONLTD|Modison|Modison Limited,,INE737D01021,3316,IIFL_SCRIPMASTER
MOHITIND,NSE,MOHITIND.NS,Mohit Industries,MOHITIND|Mohit Industries|Mohit Industries Limited,,INE954E01012,29423,IIFL_SCRIPMASTER
MOIL,NSE,MOIL.NS,Moil,MOIL|Moil|Moil Limited,,INE490G01020,20830,IIFL_SCRIPMASTER
MOKSH,NSE,MOKSH.NS,Moksh Ornaments,MOKSH|Moksh Ornaments|Moksh Ornaments Limited,,INE514Y01020,3586,IIFL_SCRIPMASTER
MOLDTKPAC,NSE,MOLDTKPAC.NS,Mold-Tek Packaging,MOLDTKPAC|Mold-Tek Packaging|Mold-Tek Packaging Limited,,INE893J01029,6713,IIFL_SCRIPMASTER
MOLDTECH,NSE,MOLDTECH.NS,Mold-Tek Technologies,MOLDTECH|Mold-Tek Technologies|Mold-Tek Technologies Limited,,INE835B01035,17625,IIFL_SCRIPMASTER
MONARCH,NSE,MONARCH.NS,Monarch Networth Cap,MONARCH|Monarch Networth Cap|Monarch Networth Cap Limited,,INE903D01011,7679,IIFL_SCRIPMASTER
MONEYBOXX,NSE,MONEYBOXX.NS,Moneyboxx Finance,MONEYBOXX|Moneyboxx Finance|Moneyboxx Finance Limited,,INE296Q01012,759381,IIFL_SCRIPMASTER
MONTECARLO,NSE,MONTECARLO.NS,Monte Carlo Fashions,MONTECARLO|Monte Carlo Fashions|Monte Carlo Fashions Limited,,INE950M01013,5938,IIFL_SCRIPMASTER
MOREPENLAB,NSE,MOREPENLAB.NS,Morepen Lab.,MOREPENLAB|Morepen Lab.|Morepen Lab. Limited,,INE083A01026,2259,IIFL_SCRIPMASTER
MOSCHIP,NSE,MOSCHIP.NS,Moschip Technologies,MOSCHIP|Moschip Technologies|Moschip Technologies Limited,,INE935B01025,29459,IIFL_SCRIPMASTER
MSUMI,NSE,MSUMI.NS,Motherson Sumi Wrng Ind L,MSUMI|Motherson Sumi Wrng Ind L,,INE0FS801015,8596,IIFL_SCRIPMASTER
MOTILALOFS,NSE,MOTILALOFS.NS,Motilal Oswal Fin,MOTILALOFS|Motilal Oswal Fin|Motilal Oswal Fin Limited,,INE338I01027,14947,IIFL_SCRIPMASTER
MOGSEC,NSE,MOGSEC.NS,Motilalamc - G5,MOGSEC|Motilalamc - G5,,INF247L01AK4,1507,IIFL_SCRIPMASTER
MOALPHA50,NSE,MOALPHA50.NS,Motilalamc - Moalpha50,MOALPHA50|Motilalamc - Moalpha50,,INF247L01FR8,757669,IIFL_SCRIPMASTER
MOBANK10,NSE,MOBANK10.NS,Motilalamc - Mobank10,MOBANK10|Motilalamc - Mobank10,,INF247L01GV8,761693,IIFL_SCRIPMASTER
MOCAPITAL,NSE,MOCAPITAL.NS,Motilalamc - Mocapital,MOCAPITAL|Motilalamc - Mocapital,,INF247L01EV3,30065,IIFL_SCRIPMASTER
MODEFENCE,NSE,MODEFENCE.NS,Motilalamc - Modefence,MODEFENCE|Motilalamc - Modefence,,INF247L01DJ0,24944,IIFL_SCRIPMASTER
MOENERGY,NSE,MOENERGY.NS,Motilalamc - Moenergy,MOENERGY|Motilalamc - Moenergy,,INF247L01GH7,759374,IIFL_SCRIPMASTER
MOGOLD,NSE,MOGOLD.NS,Motilalamc - Mogold,MOGOLD|Motilalamc - Mogold,,INF247L01FY4,757791,IIFL_SCRIPMASTER
MOHEALTH,NSE,MOHEALTH.NS,Motilalamc - Mohealth,MOHEALTH|Motilalamc - Mohealth,,INF247L01BB1,10508,IIFL_SCRIPMASTER
MOINFRA,NSE,MOINFRA.NS,Motilalamc - Moinfra,MOINFRA|Motilalamc - Moinfra,,INF247L01FL1,757031,IIFL_SCRIPMASTER
MOIPO,NSE,MOIPO.NS,Motilalamc - Moipo,MOIPO|Motilalamc - Moipo,,INF247L01GI5,759891,IIFL_SCRIPMASTER
MOLOWVOL,NSE,MOLOWVOL.NS,Motilalamc - Molowvol,MOLOWVOL|Motilalamc - Molowvol,,INF247L01BL0,8654,IIFL_SCRIPMASTER
MOMENTUM50,NSE,MOMENTUM50.NS,Motilalamc - Momentum50,MOMENTUM50|Motilalamc - Momentum50,,INF247L01DK8,25606,IIFL_SCRIPMASTER
MOMGF,NSE,MOMGF.NS,Motilalamc - Momgf,MOMGF|Motilalamc - Momgf,,INF247L01FK3,757099,IIFL_SCRIPMASTER
MOMIDMTM,NSE,MOMIDMTM.NS,Motilalamc - Momidmtm,MOMIDMTM|Motilalamc - Momidmtm,,INF247L01FQ0,757817,IIFL_SCRIPMASTER
MOMNC,NSE,MOMNC.NS,Motilalamc - Momnc,MOMNC|Motilalamc - Momnc,,INF247L01GK1,760054,IIFL_SCRIPMASTER
MOMOMENTUM,NSE,MOMOMENTUM.NS,Motilalamc - Momomentum,MOMOMENTUM|Motilalamc - Momomentum,,INF247L01BK2,8182,IIFL_SCRIPMASTER
MON50EQUAL,NSE,MON50EQUAL.NS,Motilalamc - Mon50Equal,MON50EQUAL|Motilalamc - Mon50Equal,,INF247L01FC0,756900,IIFL_SCRIPMASTER
MONEXT50,NSE,MONEXT50.NS,Motilalamc - Monext50,MONEXT50|Motilalamc - Monext50,,INF247L01FD8,757167,IIFL_SCRIPMASTER
MONIFTY100,NSE,MONIFTY100.NS,Motilalamc - Monifty100,MONIFTY100|Motilalamc - Monifty100,,INF247L01GG9,759371,IIFL_SCRIPMASTER
MONIFTY500,NSE,MONIFTY500.NS,Motilalamc - Monifty500,MONIFTY500|Motilalamc - Monifty500,,INF247L01BU1,19237,IIFL_SCRIPMASTER
MONQ50,NSE,MONQ50.NS,Motilalamc - Monq50,MONQ50|Motilalamc - Monq50,,INF247L01AU3,7422,IIFL_SCRIPMASTER
MOPSE,NSE,MOPSE.NS,Motilalamc - Mopse,MOPSE|Motilalamc - Mopse,,INF247L01FO5,757431,IIFL_SCRIPMASTER
MOQUALITY,NSE,MOQUALITY.NS,Motilalamc - Moquality,MOQUALITY|Motilalamc - Moquality,,INF247L01BH8,10822,IIFL_SCRIPMASTER
MOREALTY,NSE,MOREALTY.NS,Motilalamc - Morealty,MOREALTY|Motilalamc - Morealty,,INF247L01CI4,23184,IIFL_SCRIPMASTER
MOSERVICE,NSE,MOSERVICE.NS,Motilalamc - Moservice,MOSERVICE|Motilalamc - Moservice,,INF247L01GJ3,760001,IIFL_SCRIPMASTER
MOSILVER,NSE,MOSILVER.NS,Motilalamc - Mosilver,MOSILVER|Motilalamc - Mosilver,,INF247L01FZ1,758457,IIFL_SCRIPMASTER
MOSMALL250,NSE,MOSMALL250.NS,Motilalamc - Mosmall250,MOSMALL250|Motilalamc - Mosmall250,,INF247L01CH6,23181,IIFL_SCRIPMASTER
MOTOUR,NSE,MOTOUR.NS,Motilalamc - Motour,MOTOUR|Motilalamc - Motour,,INF247L01FP2,757443,IIFL_SCRIPMASTER
MOVALUE,NSE,MOVALUE.NS,Motilalamc - Movalue,MOVALUE|Motilalamc - Movalue,,INF247L01BE5,10825,IIFL_SCRIPMASTER
MOTISONS,NSE,MOTISONS.NS,Motisons Jewellers,MOTISONS|Motisons Jewellers|Motisons Jewellers Limited,,INE0FRK01020,20788,IIFL_SCRIPMASTER
MOTOGENFIN,NSE,MOTOGENFIN.NS,Motor & General Finance L,MOTOGENFIN|Motor & General Finance L,,INE861B01023,2268,IIFL_SCRIPMASTER
MPHASIS,NSE,MPHASIS.NS,Mphasis,MPHASIS|Mphasis|Mphasis Limited,,INE356A01018,4503,IIFL_SCRIPMASTER
MPSLTD,NSE,MPSLTD.NS,Mps,MPSLTD|Mps|Mps Limited,,INE943D01017,10578,IIFL_SCRIPMASTER
MRF,NSE,MRF.NS,Mrf,MRF|Mrf|Mrf Limited,,INE883A01011,2277,IIFL_SCRIPMASTER
MRPL,NSE,MRPL.NS,Mrpl,MRPL|Mrpl,,INE103A01014,2283,IIFL_SCRIPMASTER
BECTORFOOD,NSE,BECTORFOOD.NS,Mrs Bectors Food Spe,BECTORFOOD|Mrs Bectors Food Spe|Mrs Bectors Food Spe Limited,,INE495P01020,1628,IIFL_SCRIPMASTER
MSPL,NSE,MSPL.NS,Msp Steel & Power,MSPL|Msp Steel & Power|Msp Steel & Power Limited,,INE752G01015,11919,IIFL_SCRIPMASTER
MSTCLTD,NSE,MSTCLTD.NS,Mstc,MSTCLTD|Mstc|Mstc Limited,,INE255X01014,9356,IIFL_SCRIPMASTER
MTARTECH,NSE,MTARTECH.NS,Mtar Technologies,MTARTECH|Mtar Technologies|Mtar Technologies Limited,,INE864I01014,2709,IIFL_SCRIPMASTER
MUFIN,NSE,MUFIN.NS,Mufin Green Finance,MUFIN|Mufin Green Finance|Mufin Green Finance Limited,,INE08KJ01020,19783,IIFL_SCRIPMASTER
MUKANDLTD,NSE,MUKANDLTD.NS,Mukand,MUKANDLTD|Mukand|Mukand Limited,,INE304A01026,11325,IIFL_SCRIPMASTER
MUKKA,NSE,MUKKA.NS,Mukka Proteins,MUKKA|Mukka Proteins|Mukka Proteins Limited,,INE0CG401037,22980,IIFL_SCRIPMASTER
MUKTAARTS,NSE,MUKTAARTS.NS,Mukta Arts,MUKTAARTS|Mukta Arts|Mukta Arts Limited,,INE374B01019,8687,IIFL_SCRIPMASTER
MCX,NSE,MCX.NS,Multi Commodity Exchange,MCX|Multi Commodity Exchange,,INE745G01043,31181,IIFL_SCRIPMASTER
MUNJALAU,NSE,MUNJALAU.NS,Munjal Auto Ind.,MUNJALAU|Munjal Auto Ind.|Munjal Auto Ind. Limited,,INE672B01032,13511,IIFL_SCRIPMASTER
MUNJALSHOW,NSE,MUNJALSHOW.NS,Munjal Showa,MUNJALSHOW|Munjal Showa|Munjal Showa Limited,,INE577A01027,2307,IIFL_SCRIPMASTER
MURUDCERA,NSE,MURUDCERA.NS,Murudeshwar Ceramics,MURUDCERA|Murudeshwar Ceramics|Murudeshwar Ceramics Limited,,INE692B01014,2313,IIFL_SCRIPMASTER
RADIOCITY,NSE,RADIOCITY.NS,Music Broadcast,Music Broadcast|Music Broadcast Limited|RADIOCITY,,INE919I01024,19877,IIFL_SCRIPMASTER
MUTHOOTCAP,NSE,MUTHOOTCAP.NS,Muthoot Cap Serv,MUTHOOTCAP|Muthoot Cap Serv|Muthoot Cap Serv Limited,,INE296G01013,10415,IIFL_SCRIPMASTER
MUTHOOTFIN,NSE,MUTHOOTFIN.NS,Muthoot Finance,MUTHOOTFIN|Muthoot Finance|Muthoot Finance Limited,,INE414G01012,23650,IIFL_SCRIPMASTER
MUTHOOTMF,NSE,MUTHOOTMF.NS,Muthoot Microfin,MUTHOOTMF|Muthoot Microfin|Muthoot Microfin Limited,,INE046W01019,20831,IIFL_SCRIPMASTER
NRAIL,NSE,NRAIL.NS,N R Agarwal Inds,N R Agarwal Inds|N R Agarwal Inds Limited|NRAIL,,INE740D01017,20314,IIFL_SCRIPMASTER
NBIFIN,NSE,NBIFIN.NS,N.B.I. Ind. Fin. Co.,N.B.I. Ind. Fin. Co.|N.B.I. Ind. Fin. Co. Limited|NBIFIN,,INE365I01020,19111,IIFL_SCRIPMASTER
NMDC,NSE,NMDC.NS,NMDC,NMDC|NMDC Limited,,INE584A01023,15332,IIFL_SCRIPMASTER
NSLNISP,NSE,NSLNISP.NS,NMDC Steel,NMDC Steel|NMDC Steel Limited|NSLNISP,,INE0NNS01018,14180,IIFL_SCRIPMASTER
NTPC,NSE,NTPC.NS,NTPC,NTPC|NTPC Limited,,INE733E01010,11630,IIFL_SCRIPMASTER
NTPCGREEN,NSE,NTPCGREEN.NS,NTPC Green Energy,NTPC Green Energy|NTPC Green Energy Limited|NTPCGREEN,,INE0ONG01011,27176,IIFL_SCRIPMASTER
NACLIND,NSE,NACLIND.NS,Nacl Industries,NACLIND|Nacl Industries|Nacl Industries Limited,,INE295D01020,20425,IIFL_SCRIPMASTER
NDGL,NSE,NDGL.NS,Naga Dhunseri Group,NDGL|Naga Dhunseri Group|Naga Dhunseri Group Limited,,INE756C01015,18371,IIFL_SCRIPMASTER
NAGREEKEXP,NSE,NAGREEKEXP.NS,Nagreeka Exports,NAGREEKEXP|Nagreeka Exports|Nagreeka Exports Limited,,INE123B01028,14702,IIFL_SCRIPMASTER
NAHARCAP,NSE,NAHARCAP.NS,Nahar Cap & Fin.,NAHARCAP|Nahar Cap & Fin.,,INE049I01012,15360,IIFL_SCRIPMASTER
NAHARINDUS,NSE,NAHARINDUS.NS,Nahar Inds Ent,NAHARINDUS|Nahar Inds Ent|Nahar Inds Ent Limited,,INE289A01011,13106,IIFL_SCRIPMASTER
NAHARPOLY,NSE,NAHARPOLY.NS,Nahar Poly Films,NAHARPOLY|Nahar Poly Films|Nahar Poly Films Limited,,INE308A01027,14445,IIFL_SCRIPMASTER
NSIL,NSE,NSIL.NS,Nalwa Sons Investment,NSIL|Nalwa Sons Investment|Nalwa Sons Investment Limited,,INE023A01030,11239,IIFL_SCRIPMASTER
NDL,NSE,NDL.NS,Nandan Denim,NDL|Nandan Denim|Nandan Denim Limited,,INE875G01048,31258,IIFL_SCRIPMASTER
JAIPURKURT,NSE,JAIPURKURT.NS,Nandani Creation,JAIPURKURT|Nandani Creation|Nandani Creation Limited,,INE696V01013,5516,IIFL_SCRIPMASTER
NH,NSE,NH.NS,Narayana Hrudayalaya,NH|Narayana Hrudayalaya|Narayana Hrudayalaya Limited,,INE410P01011,11840,IIFL_SCRIPMASTER
NARMADA,NSE,NARMADA.NS,Narmada Agrobase,NARMADA|Narmada Agrobase|Narmada Agrobase Limited,,INE117Z01011,11627,IIFL_SCRIPMASTER
NATCOPHARM,NSE,NATCOPHARM.NS,Natco Pharma,NATCOPHARM|Natco Pharma|Natco Pharma Limited,,INE987B01026,3918,IIFL_SCRIPMASTER
NATHBIOGEN,NSE,NATHBIOGEN.NS,Nath Bio-Genes (I),NATHBIOGEN|Nath Bio-Genes (I)|Nath Bio-Genes (I) Limited,,INE448G01010,11065,IIFL_SCRIPMASTER
NATIONALUM,NSE,NATIONALUM.NS,National Aluminium Co,NATIONALUM|National Aluminium Co|National Aluminium Co Limited,,INE139A01034,6364,IIFL_SCRIPMASTER
NFL,NSE,NFL.NS,National Fert.,NFL|National Fert.|National Fert. Limited,,INE870D01012,13925,IIFL_SCRIPMASTER
NATIONSTD,NSE,NATIONSTD.NS,National Stand (India) L,NATIONSTD|National Stand (India) L,,INE166R01015,762807,IIFL_SCRIPMASTER
NATCAPSUQ,NSE,NATCAPSUQ.NS,Natural Capsules,NATCAPSUQ|Natural Capsules|Natural Capsules Limited,,INE936B01015,29583,IIFL_SCRIPMASTER
NAVA,NSE,NAVA.NS,Nava,NAVA|Nava|Nava Limited,,INE725A01030,4014,IIFL_SCRIPMASTER
NAVINFLUOR,NSE,NAVINFLUOR.NS,Navin Fluorine Int.,NAVINFLUOR|Navin Fluorine Int.|Navin Fluorine Int. Limited,,INE048G01026,14672,IIFL_SCRIPMASTER
NAVKARCORP,NSE,NAVKARCORP.NS,Navkar,NAVKARCORP|Navkar|Navkar Corporation Limited,,INE278M01019,10557,IIFL_SCRIPMASTER
NAVKARURB,NSE,NAVKARURB.NS,Navkar Urbanstructure,NAVKARURB|Navkar Urbanstructure|Navkar Urbanstructure Limited,,INE268H01044,29146,IIFL_SCRIPMASTER
NAVNETEDUL,NSE,NAVNETEDUL.NS,Navneet Education,NAVNETEDUL|Navneet Education|Navneet Education Limited,,INE060A01024,2385,IIFL_SCRIPMASTER
NAZARA,NSE,NAZARA.NS,Nazara Technologies,NAZARA|Nazara Technologies|Nazara Technologies Limited,,INE418L01047,2987,IIFL_SCRIPMASTER
NBCC,NSE,NBCC.NS,Nbcc (India),NBCC|Nbcc (India)|Nbcc (India) Limited,,INE095N01031,31415,IIFL_SCRIPMASTER
NCC,NSE,NCC.NS,Ncc,NCC|Ncc|Ncc Limited,,INE868B01028,2319,IIFL_SCRIPMASTER
NCLIND,NSE,NCLIND.NS,Ncl Industries,NCLIND|Ncl Industries|Ncl Industries Limited,,INE732C01016,14490,IIFL_SCRIPMASTER
NDLVENTURE,NSE,NDLVENTURE.NS,Ndl Ventures,NDLVENTURE|Ndl Ventures|Ndl Ventures Limited,,INE353A01023,14547,IIFL_SCRIPMASTER
NDRAUTO,NSE,NDRAUTO.NS,Ndr Auto Components,NDRAUTO|Ndr Auto Components|Ndr Auto Components Limited,,INE07OG01012,22255,IIFL_SCRIPMASTER
NDTV,NSE,NDTV.NS,Ndtv,NDTV|Ndtv|Ndtv Limited,,INE155G01029,11427,IIFL_SCRIPMASTER
NEAGI,NSE,NEAGI.NS,Neelamalai Agro Inds. L,NEAGI|Neelamalai Agro Inds. L,,INE605D01012,762812,IIFL_SCRIPMASTER
NELCAST,NSE,NELCAST.NS,Nelcast,NELCAST|Nelcast|Nelcast Limited,,INE189I01024,14761,IIFL_SCRIPMASTER
NELCO,NSE,NELCO.NS,Nelco,NELCO|Nelco|Nelco Limited,,INE045B01015,2388,IIFL_SCRIPMASTER
NEOGEN,NSE,NEOGEN.NS,Neogen Chemicals,NEOGEN|Neogen Chemicals|Neogen Chemicals Limited,,INE136S01016,9917,IIFL_SCRIPMASTER
NEPHROPLUS,NSE,NEPHROPLUS.NS,Nephrocare Health Serv L,NEPHROPLUS|Nephrocare Health Serv L,,INE428V01029,760346,IIFL_SCRIPMASTER
NESCO,NSE,NESCO.NS,Nesco,NESCO|Nesco|Nesco Limited,,INE317F01035,15409,IIFL_SCRIPMASTER
NESTLEIND,NSE,NESTLEIND.NS,Nestle India,NESTLEIND|Nestle India|Nestle India Limited,,INE239A01024,17963,IIFL_SCRIPMASTER
NETWEB,NSE,NETWEB.NS,Netweb Tech India,NETWEB|Netweb Tech India|Netweb Tech India Limited,,INE0NT901020,17433,IIFL_SCRIPMASTER
NPST,NSE,NPST.NS,Network People Srv Tech L,NPST|Network People Srv Tech L,,INE0FFK01017,756324,IIFL_SCRIPMASTER
NETWORK18,NSE,NETWORK18.NS,Network18 Media & Inv,NETWORK18|Network18 Media & Inv|Network18 Media & Inv Limited,,INE870H01013,14111,IIFL_SCRIPMASTER
NEULANDLAB,NSE,NEULANDLAB.NS,Neuland Lab,NEULANDLAB|Neuland Lab|Neuland Lab Limited,,INE794A01010,2406,IIFL_SCRIPMASTER
NEWGEN,NSE,NEWGEN.NS,Newgen Software Tech,NEWGEN|Newgen Software Tech|Newgen Software Tech Limited,,INE619B01017,1164,IIFL_SCRIPMASTER
NEXTMEDIA,NSE,NEXTMEDIA.NS,Next Mediaworks,NEXTMEDIA|Next Mediaworks|Next Mediaworks Limited,,INE747B01016,9867,IIFL_SCRIPMASTER
NGLFINE,NSE,NGLFINE.NS,Ngl Fine Chem,NGLFINE|Ngl Fine Chem|Ngl Fine Chem Limited,,INE887E01022,10277,IIFL_SCRIPMASTER
NHPC,NSE,NHPC.NS,Nhpc,NHPC|Nhpc|Nhpc Limited,,INE848E01016,17400,IIFL_SCRIPMASTER
NIBE,NSE,NIBE.NS,Nibe,NIBE|Nibe|Nibe Limited,,INE149O01018,29487,IIFL_SCRIPMASTER
NIFTY,NSE,NIFTY.NS,Nifty,NIFTY|Nifty,,NIFTY,999920000,IIFL_SCRIPMASTER
NIFTY100,NSE,NIFTY100.NS,Nifty 100,NIFTY100|Nifty 100,,Nifty 100,999920006,IIFL_SCRIPMASTER
NIFTY500,NSE,NIFTY500.NS,Nifty 500,NIFTY500|Nifty 500,,Nifty 500,999920003,IIFL_SCRIPMASTER
NIFTYALPHA50,NSE,NIFTYALPHA50.NS,Nifty Alpha 50,NIFTYALPHA50|Nifty Alpha 50,,NIFTY ALPHA 50,999920070,IIFL_SCRIPMASTER
NIFTYAUTO,NSE,NIFTYAUTO.NS,Nifty Auto,NIFTYAUTO|Nifty Auto,,,999920043,IIFL_SCRIPMASTER
BANKNIFTY,NSE,BANKNIFTY.NS,Nifty Bank,BANKNIFTY|Nifty Bank,,BANKNIFTY,999920005,IIFL_SCRIPMASTER
NIFTYPVTBANK,NSE,NIFTYPVTBANK.NS,Nifty Bank,NIFTYPVTBANK|Nifty Bank|Nifty Private Bank,,Nifty Pvt Bank,999920025,IIFL_SCRIPMASTER
NIFTYCOMMODITIES,NSE,NIFTYCOMMODITIES.NS,Nifty Commodities,NIFTYCOMMODITIES|Nifty Commodities,,,999920046,IIFL_SCRIPMASTER
NIFTYCONSUMERDURABLES,NSE,NIFTYCONSUMERDURABLES.NS,Nifty Consr Durbl,NIFTYCONSUMERDURABLES|Nifty Consr Durbl,,NIFTY CONSR DURBL,999920064,IIFL_SCRIPMASTER
NIFTYCONSUMPTION,NSE,NIFTYCONSUMPTION.NS,Nifty Consumption,NIFTYCONSUMPTION|Nifty Consumption,,,999920047,IIFL_SCRIPMASTER
NIFTYENERGY,NSE,NIFTYENERGY.NS,Nifty Energy,NIFTYENERGY|Nifty Energy,,Nifty Energy,999920012,IIFL_SCRIPMASTER
NIFTYFMCG,NSE,NIFTYFMCG.NS,Nifty Fmcg,NIFTYFMCG|Nifty Fmcg,,Nifty FMCG,999920013,IIFL_SCRIPMASTER
NIFTYGROWTHSECTORS15,NSE,NIFTYGROWTHSECTORS15.NS,Nifty Growsect 15,NIFTYGROWTHSECTORS15|Nifty Growsect 15,,NIFTY GROWSECT 15,999920067,IIFL_SCRIPMASTER
NIFTYHEALTHCAREINDEX,NSE,NIFTYHEALTHCAREINDEX.NS,Nifty Healthcare Index,NIFTYHEALTHCAREINDEX|Nifty Healthcare Index,,NIFTY HEALTH,999920063,IIFL_SCRIPMASTER
NIFTYINDIADIGITAL,NSE,NIFTYINDIADIGITAL.NS,Nifty India Digital,NIFTYINDIADIGITAL|Nifty India Digital,,NIFTY INDIA DIGITAL,999920084,IIFL_SCRIPMASTER
NIFTYINDIAMANUFACTURING,NSE,NIFTYINDIAMANUFACTURING.NS,Nifty India Manufacturing,NIFTYINDIAMANUFACTURING|Nifty India Manufacturing,,NIFTY INDIA MFG,999920086,IIFL_SCRIPMASTER
NIFTYIT,NSE,NIFTYIT.NS,Nifty It,NIFTYIT|Nifty It,,NiftyIT,999920008,IIFL_SCRIPMASTER
NIFTYLARGEMIDCAP250,NSE,NIFTYLARGEMIDCAP250.NS,Nifty Lrgmidcap 250,NIFTYLARGEMIDCAP250|Nifty Lrgmidcap 250,,NIFTY LRGMIDCAP 250,999920055,IIFL_SCRIPMASTER
NIFTYMEDIA,NSE,NIFTYMEDIA.NS,Nifty Media,NIFTYMEDIA|Nifty Media,,,999920044,IIFL_SCRIPMASTER
NIFTYMETAL,NSE,NIFTYMETAL.NS,Nifty Metal,NIFTYMETAL|Nifty Metal,,,999920042,IIFL_SCRIPMASTER
NIFTYMICROCAP250,NSE,NIFTYMICROCAP250.NS,Nifty Microcap 250,NIFTYMICROCAP250|Nifty Microcap 250,,NIFTY MICROCAP 250,999920058,IIFL_SCRIPMASTER
NIFTYMIDCAP100,NSE,NIFTYMIDCAP100.NS,Nifty Midcap 100,NIFTYMIDCAP100|Nifty Midcap 100,,NIFTY Midcap 100,999920004,IIFL_SCRIPMASTER
NIFTYMIDCAP150,NSE,NIFTYMIDCAP150.NS,Nifty Midcap 150,NIFTYMIDCAP150|Nifty Midcap 150,,NIFTY MIDCAP 150,999920050,IIFL_SCRIPMASTER
NIFTYMID50,NSE,NIFTYMID50.NS,Nifty Midcap 50,NIFTYMID50|Nifty Midcap 50,,NIFTYMID50,999920010,IIFL_SCRIPMASTER
MIDCPNIFTY,NSE,MIDCPNIFTY.NS,Nifty Midcap Select,MIDCPNIFTY|Nifty Midcap Select,,MIDCPNIFTY,999920056,IIFL_SCRIPMASTER
NIFTYMIDCAP150QUALITY50,NSE,NIFTYMIDCAP150QUALITY50.NS,Nifty Midcap150 Quality 50,NIFTYMIDCAP150QUALITY50|Nifty Midcap150 Quality 50,,NIFTY M150 QLTY50,999920077,IIFL_SCRIPMASTER
NIFTYMIDSMALLCAP400,NSE,NIFTYMIDSMALLCAP400.NS,Nifty Midsmlcap 400,NIFTYMIDSMALLCAP400|Nifty Midsmlcap 400,,NIFTY MIDSMLCAP 400,999920053,IIFL_SCRIPMASTER
NIFTYMNC,NSE,NIFTYMNC.NS,Nifty Mnc,NIFTYMNC|Nifty Mnc,,Nifty MNC,999920014,IIFL_SCRIPMASTER
NIFTYNXT50,NSE,NIFTYNXT50.NS,Nifty Next 50,NIFTYNXT50|Nifty Next 50,,NIFTYNXT50,999920001,IIFL_SCRIPMASTER
NIFTYOIL&GAS,NSE,NIFTYOIL&GAS.NS,Nifty Oil & Gas,NIFTYOIL&GAS|Nifty Oil & Gas,,NIFTY OIL & GAS,999920065,IIFL_SCRIPMASTER
NIFTYPHARMA,NSE,NIFTYPHARMA.NS,Nifty Pharma,NIFTYPHARMA|Nifty Pharma,,Nifty Pharma,999920015,IIFL_SCRIPMASTER
NIFTYPSUBANK,NSE,NIFTYPSUBANK.NS,Nifty Psu Bank,NIFTYPSUBANK|Nifty Psu Bank,,Nifty PSU Bank,999920017,IIFL_SCRIPMASTER
CNXREALTY,NSE,CNXREALTY.NS,Nifty Realty,CNXREALTY|Nifty Realty,,CNX Realty,999920009,IIFL_SCRIPMASTER
NIFTYSERVSECTOR,NSE,NIFTYSERVSECTOR.NS,Nifty Serv Sector,NIFTYSERVSECTOR|Nifty Serv Sector,,Nifty Serv Sector,999920018,IIFL_SCRIPMASTER
NIFTYSMALLCAP100,NSE,NIFTYSMALLCAP100.NS,Nifty Smallcap 100,NIFTYSMALLCAP100|Nifty Smallcap 100,,,999920048,IIFL_SCRIPMASTER
NIFTYSMALLCAP250,NSE,NIFTYSMALLCAP250.NS,Nifty Smallcap 250,NIFTYSMALLCAP250|Nifty Smallcap 250,,NIFTY SMALLCAP 250,999920052,IIFL_SCRIPMASTER
NIFTYSMALLCAP50,NSE,NIFTYSMALLCAP50.NS,Nifty Smallcap 50,NIFTYSMALLCAP50|Nifty Smallcap 50,,NIFTY SMALLCAP 50,999920051,IIFL_SCRIPMASTER
NIFTYTOTALMARKET,NSE,NIFTYTOTALMARKET.NS,Nifty Total Market,NIFTYTOTALMARKET|Nifty Total Market,,NIFTY TOTAL MARKET,999920057,IIFL_SCRIPMASTER
NIFTY100EQUALWEIGHT,NSE,NIFTY100EQUALWEIGHT.NS,Nifty100 Equal Weight,NIFTY100EQUALWEIGHT|Nifty100 Equal Weight,,NIFTY100 EQL Wgt,999920072,IIFL_SCRIPMASTER
NIFTY100ESG,NSE,NIFTY100ESG.NS,Nifty100 Esg,NIFTY100ESG|Nifty100 Esg,,NIFTY100 ESG,999920085,IIFL_SCRIPMASTER
NIFTY100LIQUID15,NSE,NIFTY100LIQUID15.NS,Nifty100 Liquid 15,NIFTY100LIQUID15|Nifty100 Liquid 15,,NIFTY100 LIQUID 15,999920080,IIFL_SCRIPMASTER
NIFTY100LOWVOLATILITY30,NSE,NIFTY100LOWVOLATILITY30.NS,Nifty100 Low Volatility 30,NIFTY100LOWVOLATILITY30|Nifty100 Low Volatility 30,,NIFTY100 LowVol30,999920073,IIFL_SCRIPMASTER
NIFTY100QUALITY30,NSE,NIFTY100QUALITY30.NS,Nifty100 Quality 30,NIFTY100QUALITY30|Nifty100 Quality 30,,NIFTY100 QUALITY 30,999920068,IIFL_SCRIPMASTER
NIFTY200MOMENTUM30,NSE,NIFTY200MOMENTUM30.NS,Nifty200 Momentum 30,NIFTY200MOMENTUM30|Nifty200 Momentum 30,,Nifty200Momentm30,999920076,IIFL_SCRIPMASTER
NIFTY200QUALITY30,NSE,NIFTY200QUALITY30.NS,Nifty200 Quality 30,NIFTY200QUALITY30|Nifty200 Quality 30,,NIFTY200 QUALTY30,999920074,IIFL_SCRIPMASTER
NIFTY50DIVIDENDPOINTS,NSE,NIFTY50DIVIDENDPOINTS.NS,Nifty50 Dividend Points,NIFTY50DIVIDENDPOINTS|Nifty50 Dividend Points,,Nifty50 Div Point,999920069,IIFL_SCRIPMASTER
NIFTY50EQUALWEIGHT,NSE,NIFTY50EQUALWEIGHT.NS,Nifty50 Equal Weight,NIFTY50EQUALWEIGHT|Nifty50 Equal Weight,,NIFTY50 EQUAL WEIGHT,999920071,IIFL_SCRIPMASTER
NIFTY50USD,NSE,NIFTY50USD.NS,Nifty50 Usd,NIFTY50USD|Nifty50 Usd,,Nifty50 USD,999920023,IIFL_SCRIPMASTER
NIFTY50VALUE20,NSE,NIFTY50VALUE20.NS,Nifty50 Value 20,NIFTY50VALUE20|Nifty50 Value 20,,,999920045,IIFL_SCRIPMASTER
NIFTY500MULTICAP502525,NSE,NIFTY500MULTICAP502525.NS,Nifty500 Multicap,NIFTY500MULTICAP502525|Nifty500 Multicap,,NIFTY500 MULTICAP,999920054,IIFL_SCRIPMASTER
NIFTYINFRA,NSE,NIFTYINFRA.NS,Niftyinfra,NIFTYINFRA|Niftyinfra,,NIFTYINFRA,999920011,IIFL_SCRIPMASTER
NIFTYPSE,NSE,NIFTYPSE.NS,Niftypse,NIFTYPSE|Niftypse,,NIFTYPSE,999920016,IIFL_SCRIPMASTER
NIITLTD,NSE,NIITLTD.NS,Niit,NIITLTD|Niit|Niit Limited,,INE161A01038,11522,IIFL_SCRIPMASTER
NIITMTS,NSE,NIITMTS.NS,Niit Learning Systems,NIITMTS|Niit Learning Systems|Niit Learning Systems Limited,,INE342G01023,17747,IIFL_SCRIPMASTER
NILAINFRA,NSE,NILAINFRA.NS,Nila Infrastructures,NILAINFRA|Nila Infrastructures|Nila Infrastructures Limited,,INE937C01029,9253,IIFL_SCRIPMASTER
NILASPACES,NSE,NILASPACES.NS,Nila Spaces,NILASPACES|Nila Spaces|Nila Spaces Limited,,INE00S901012,7411,IIFL_SCRIPMASTER
NILE,NSE,NILE.NS,Nile,NILE|Nile|Nile Limited,,INE445D01013,762817,IIFL_SCRIPMASTER
NILKAMAL,NSE,NILKAMAL.NS,Nilkamal,NILKAMAL|Nilkamal|Nilkamal Limited,,INE310A01015,2421,IIFL_SCRIPMASTER
NIMBSPROJ,NSE,NIMBSPROJ.NS,Nimbus Projects,NIMBSPROJ|Nimbus Projects|Nimbus Projects Limited,,INE875B01015,761720,IIFL_SCRIPMASTER
NAM-INDIA,NSE,NAM-INDIA.NS,Nippon L I A M,NAM-INDIA|Nippon L I A M|Nippon L I A M Limited,,INE298J01013,357,IIFL_SCRIPMASTER
LIQGRWBEES,NSE,LIQGRWBEES.NS,Nipponamc - Liqgrwbees,LIQGRWBEES|Nipponamc - Liqgrwbees,,INF204KC1FU1,757725,IIFL_SCRIPMASTER
MANUFGBEES,NSE,MANUFGBEES.NS,Nipponamc - Manufgbees,MANUFGBEES|Nipponamc - Manufgbees,,INF204KC1GH6,758667,IIFL_SCRIPMASTER
AUTOBEES,NSE,AUTOBEES.NS,Nipponamc - Netfauto,AUTOBEES|Nipponamc - Netfauto,,INF204KC1337,7880,IIFL_SCRIPMASTER
PHARMABEES,NSE,PHARMABEES.NS,Nipponamc - Netfpharma,Nipponamc - Netfpharma|PHARMABEES,,INF204KC1089,4973,IIFL_SCRIPMASTER
SILVERBEES,NSE,SILVERBEES.NS,Nipponamc - Netfsilver,Nipponamc - Netfsilver|SILVERBEES,,INF204KC1402,8080,IIFL_SCRIPMASTER
SNXT30BEES,NSE,SNXT30BEES.NS,Nipponamc - Snxt30Bees,Nipponamc - Snxt30Bees|SNXT30BEES,,INF204KC1EZ3,757455,IIFL_SCRIPMASTER
NIRAJISPAT,NSE,NIRAJISPAT.NS,Niraj Ispat Ind,NIRAJISPAT|Niraj Ispat Ind|Niraj Ispat Ind Limited,,INE326T01011,18840,IIFL_SCRIPMASTER
NIRLON,NSE,NIRLON.NS,Nirlon,NIRLON|Nirlon|Nirlon Limited,,INE910A01012,2433,IIFL_SCRIPMASTER
NITCO,NSE,NITCO.NS,Nitco,NITCO|Nitco|Nitco Limited,,INE858F01012,13300,IIFL_SCRIPMASTER
NITINSPIN,NSE,NITINSPIN.NS,Nitin Spinners,NITINSPIN|Nitin Spinners|Nitin Spinners Limited,,INE229H01012,13175,IIFL_SCRIPMASTER
NITIRAJ,NSE,NITIRAJ.NS,Nitiraj Engineers,NITIRAJ|Nitiraj Engineers|Nitiraj Engineers Limited,,INE439T01012,3247,IIFL_SCRIPMASTER
NITTAGELA,NSE,NITTAGELA.NS,Nitta Gelatin India,NITTAGELA|Nitta Gelatin India|Nitta Gelatin India Limited,,INE265B01019,762824,IIFL_SCRIPMASTER
NIVABUPA,NSE,NIVABUPA.NS,Niva Bupa Health Ins Co L,NIVABUPA|Niva Bupa Health Ins Co L,,INE995S01015,27097,IIFL_SCRIPMASTER
NKIND,NSE,NKIND.NS,Nk Industries,NKIND|Nk Industries|Nk Industries Limited,,INE542C01019,2439,IIFL_SCRIPMASTER
NLCINDIA,NSE,NLCINDIA.NS,Nlc India,NLCINDIA|Nlc India|Nlc India Limited,,INE589A01014,8585,IIFL_SCRIPMASTER
NOCIL,NSE,NOCIL.NS,Nocil,NOCIL|Nocil|Nocil Limited,,INE163A01018,2442,IIFL_SCRIPMASTER
NORBTEAEXP,NSE,NORBTEAEXP.NS,Norben Tea & Exports,NORBTEAEXP|Norben Tea & Exports|Norben Tea & Exports Limited,,INE369C01017,4160,IIFL_SCRIPMASTER
NECCLTD,NSE,NECCLTD.NS,North East Carry Corp,NECCLTD|North East Carry Corp|North East Carry Corp Limited,,INE553C01016,13522,IIFL_SCRIPMASTER
NORTHARC,NSE,NORTHARC.NS,Northern Arc Capital,NORTHARC|Northern Arc Capital|Northern Arc Capital Limited,,INE850M01015,25426,IIFL_SCRIPMASTER
NOVAAGRI,NSE,NOVAAGRI.NS,Nova Agritech,NOVAAGRI|Nova Agritech|Nova Agritech Limited,,INE02H701025,22477,IIFL_SCRIPMASTER
NOVARTIND,NSE,NOVARTIND.NS,Novartis India,NOVARTIND|Novartis India|Novartis India Limited,,INE234A01025,9007,IIFL_SCRIPMASTER
NRBBEARING,NSE,NRBBEARING.NS,Nrb Bearing,NRBBEARING|Nrb Bearing|Nrb Bearing Limited,,INE349A01021,7553,IIFL_SCRIPMASTER
NIBL,NSE,NIBL.NS,Nrb Indus. Bearings,NIBL|Nrb Indus. Bearings|Nrb Indus. Bearings Limited,,INE047O01014,29733,IIFL_SCRIPMASTER
NUCLEUS,NSE,NUCLEUS.NS,Nucleus Software Exports,NUCLEUS|Nucleus Software Exports,,INE096B01018,10791,IIFL_SCRIPMASTER
NRL,NSE,NRL.NS,Nupur Recyclers,NRL|Nupur Recyclers|Nupur Recyclers Limited,,INE0JM501013,13675,IIFL_SCRIPMASTER
NURECA,NSE,NURECA.NS,Nureca,NURECA|Nureca|Nureca Limited,,INE0DSF01015,2350,IIFL_SCRIPMASTER
NUVAMA,NSE,NUVAMA.NS,Nuvama Wealth Manage,NUVAMA|Nuvama Wealth Manage|Nuvama Wealth Manage Limited,,INE531F01023,18721,IIFL_SCRIPMASTER
NUVOCO,NSE,NUVOCO.NS,Nuvoco Vistas Corp,NUVOCO|Nuvoco Vistas Corp|Nuvoco Vistas Corp Limited,,INE118D01016,5426,IIFL_SCRIPMASTER
OBEROIRLTY,NSE,OBEROIRLTY.NS,Oberoi Realty,OBEROIRLTY|Oberoi Realty|Oberoi Realty Limited,,INE093I01010,20242,IIFL_SCRIPMASTER
OCCLLTD,NSE,OCCLLTD.NS,Occl,OCCLLTD|Occl|Occl Limited,,INE0PK601023,25918,IIFL_SCRIPMASTER
ODIGMA,NSE,ODIGMA.NS,Odigma Consultancy Sol L,ODIGMA|Odigma Consultancy Sol L,,INE054301028,27571,IIFL_SCRIPMASTER
OIL,NSE,OIL.NS,Oil India,OIL|Oil India|Oil India Limited,,INE274J01014,17438,IIFL_SCRIPMASTER
ONGC,NSE,ONGC.NS,Oil and Natural Gas Corp.,ONGC|Oil and Natural Gas Corp.,,INE213A01029,2475,IIFL_SCRIPMASTER
OLAELEC,NSE,OLAELEC.NS,Ola Electric Mobility,OLAELEC|Ola Electric Mobility|Ola Electric Mobility Limited,,INE0LXG01040,24777,IIFL_SCRIPMASTER
OLECTRA,NSE,OLECTRA.NS,Olectra Greentech,OLECTRA|Olectra Greentech|Olectra Greentech Limited,,INE260D01016,10637,IIFL_SCRIPMASTER
OMFREIGHT,NSE,OMFREIGHT.NS,Om Freight Forwarders,OMFREIGHT|Om Freight Forwarders|Om Freight Forwarders Limited,,INE1BZC01019,759411,IIFL_SCRIPMASTER
OMINFRAL,NSE,OMINFRAL.NS,Om Infra,OMINFRAL|Om Infra|Om Infra Limited,,INE239D01028,24231,IIFL_SCRIPMASTER
OMPOWER,NSE,OMPOWER.NS,Om Power Transmission,OMPOWER|Om Power Transmission|Om Power Transmission Limited,,INE25E901019,762432,IIFL_SCRIPMASTER
OMAXE,NSE,OMAXE.NS,Omaxe,OMAXE|Omaxe|Omaxe Limited,,INE800H01010,14853,IIFL_SCRIPMASTER
OMNI,NSE,OMNI.NS,Omnitech Engineering,OMNI|Omnitech Engineering|Omnitech Engineering Limited,,INE0UH301010,760865,IIFL_SCRIPMASTER
PAYTM,NSE,PAYTM.NS,One 97 Communications,One 97 Communications|One 97 Communications Limited|PAYTM,,INE982J01020,6705,IIFL_SCRIPMASTER
MOBIKWIK,NSE,MOBIKWIK.NS,One Mobikwik Systems,MOBIKWIK|One Mobikwik Systems|One Mobikwik Systems Limited,,INE0HLU01028,28046,IIFL_SCRIPMASTER
ONEPOINT,NSE,ONEPOINT.NS,One Point One Sol,ONEPOINT|One Point One Sol|One Point One Sol Limited,,INE840Y01029,9939,IIFL_SCRIPMASTER
KISSHT,NSE,KISSHT.NS,Onemi Technology Sol,KISSHT|Onemi Technology Sol|Onemi Technology Sol Limited,,INE12F801023,763294,IIFL_SCRIPMASTER
ONESOURCE,NSE,ONESOURCE.NS,Onesource Specl Pharma L,ONESOURCE|Onesource Specl Pharma L,,INE013P01021,29224,IIFL_SCRIPMASTER
ONMOBILE,NSE,ONMOBILE.NS,Onmobile Global,ONMOBILE|Onmobile Global|Onmobile Global Limited,,INE809I01019,15278,IIFL_SCRIPMASTER
ONWARDTEC,NSE,ONWARDTEC.NS,Onward Technologies,ONWARDTEC|Onward Technologies|Onward Technologies Limited,,INE229A01017,2481,IIFL_SCRIPMASTER
OPTIEMUS,NSE,OPTIEMUS.NS,Optiemus Infracom,OPTIEMUS|Optiemus Infracom|Optiemus Infracom Limited,,INE350C01017,21469,IIFL_SCRIPMASTER
OFSS,NSE,OFSS.NS,Oracle Fin Serv Soft,OFSS|Oracle Fin Serv Soft|Oracle Fin Serv Soft Limited,,INE881D01027,10738,IIFL_SCRIPMASTER
ORBTEXP,NSE,ORBTEXP.NS,Orbit Exports,ORBTEXP|Orbit Exports|Orbit Exports Limited,,INE231G01010,31475,IIFL_SCRIPMASTER
ORCHASP,NSE,ORCHASP.NS,Orchasp,ORCHASP|Orchasp|Orchasp Limited,,INE215B01022,29492,IIFL_SCRIPMASTER
ORCHPHARMA,NSE,ORCHPHARMA.NS,Orchid Pharma,ORCHPHARMA|Orchid Pharma|Orchid Pharma Limited,,INE191A01027,926,IIFL_SCRIPMASTER
ORICONENT,NSE,ORICONENT.NS,Oricon Enterprises,ORICONENT|Oricon Enterprises|Oricon Enterprises Limited,,INE730A01022,10159,IIFL_SCRIPMASTER
ORIENTBELL,NSE,ORIENTBELL.NS,Orient Bell,ORIENTBELL|Orient Bell|Orient Bell Limited,,INE607D01018,14278,IIFL_SCRIPMASTER
ORIENTCEM,NSE,ORIENTCEM.NS,Orient Cement,ORIENTCEM|Orient Cement|Orient Cement Limited,,INE876N01018,30089,IIFL_SCRIPMASTER
ORIENTCER,NSE,ORIENTCER.NS,Orient Ceratech,ORIENTCER|Orient Ceratech|Orient Ceratech Limited,,INE569C01020,13111,IIFL_SCRIPMASTER
ORIENTELEC,NSE,ORIENTELEC.NS,Orient Electric,ORIENTELEC|Orient Electric|Orient Electric Limited,,INE142Z01019,2972,IIFL_SCRIPMASTER
GREENPOWER,NSE,GREENPOWER.NS,Orient Green Power Co,GREENPOWER|Orient Green Power Co|Orient Green Power Co Limited,,INE999K01014,20110,IIFL_SCRIPMASTER
ORIENTHOT,NSE,ORIENTHOT.NS,Orient Hotels,ORIENTHOT|Orient Hotels|Orient Hotels Limited,,INE750A01020,2493,IIFL_SCRIPMASTER
ORIENTPPR,NSE,ORIENTPPR.NS,Orient Paper and Inds,ORIENTPPR|Orient Paper and Inds|Orient Paper and Inds Limited,,INE592A01026,2496,IIFL_SCRIPMASTER
ORIENTLTD,NSE,ORIENTLTD.NS,Orient Press,ORIENTLTD|Orient Press|Orient Press Limited,,INE609C01024,18208,IIFL_SCRIPMASTER
ORIENTTECH,NSE,ORIENTTECH.NS,Orient Technologies,ORIENTTECH|Orient Technologies|Orient Technologies Limited,,INE0PPK01015,24961,IIFL_SCRIPMASTER
OAL,NSE,OAL.NS,Oriental Aromatics,OAL|Oriental Aromatics|Oriental Aromatics Limited,,INE959C01023,10768,IIFL_SCRIPMASTER
ORIENTALTL,NSE,ORIENTALTL.NS,Oriental Trimex,ORIENTALTL|Oriental Trimex|Oriental Trimex Limited,,INE998H01012,14346,IIFL_SCRIPMASTER
OBCL,NSE,OBCL.NS,Orissa Bengal Carrier,OBCL|Orissa Bengal Carrier|Orissa Bengal Carrier Limited,,INE426Z01016,8797,IIFL_SCRIPMASTER
ORISSAMINE,NSE,ORISSAMINE.NS,Orissa Min Dev Co,ORISSAMINE|Orissa Min Dev Co|Orissa Min Dev Co Limited,,INE725E01024,19931,IIFL_SCRIPMASTER
ORKLAINDIA,NSE,ORKLAINDIA.NS,Orkla India,ORKLAINDIA|Orkla India|Orkla India Limited,,INE16NZ01023,759569,IIFL_SCRIPMASTER
ORTINGLOBE,NSE,ORTINGLOBE.NS,Ortin Global,ORTINGLOBE|Ortin Global|Ortin Global Limited,,INE749B01020,2979,IIFL_SCRIPMASTER
OSWALGREEN,NSE,OSWALGREEN.NS,Oswal Greentech,OSWALGREEN|Oswal Greentech|Oswal Greentech Limited,,INE143A01010,471,IIFL_SCRIPMASTER
OSWALPUMPS,NSE,OSWALPUMPS.NS,Oswal Pumps,OSWALPUMPS|Oswal Pumps|Oswal Pumps Limited,,INE0BYP01024,756802,IIFL_SCRIPMASTER
PNGJL,NSE,PNGJL.NS,P N Gadgil Jewellers,P N Gadgil Jewellers|P N Gadgil Jewellers Limited|PNGJL,,INE953R01016,25312,IIFL_SCRIPMASTER
PGHH,NSE,PGHH.NS,P&G Hygiene & Health Care,P&G Hygiene & Health Care|PGHH,,INE179A01014,2535,IIFL_SCRIPMASTER
PACEDIGITK,NSE,PACEDIGITK.NS,Pace Digitek,PACEDIGITK|Pace Digitek|Pace Digitek Limited,,INE0S3G01027,759342,IIFL_SCRIPMASTER
PAGEIND,NSE,PAGEIND.NS,Page Industries,PAGEIND|Page Industries|Page Industries Limited,,INE761H01022,14413,IIFL_SCRIPMASTER
PAISALO,NSE,PAISALO.NS,Paisalo Digital,PAISALO|Paisalo Digital|Paisalo Digital Limited,,INE420C01059,25468,IIFL_SCRIPMASTER
PAKKA,NSE,PAKKA.NS,Pakka,PAKKA|Pakka|Pakka Limited,,INE551D01018,17197,IIFL_SCRIPMASTER
PALASHSECU,NSE,PALASHSECU.NS,Palash Securities,PALASHSECU|Palash Securities|Palash Securities Limited,,INE471W01019,21383,IIFL_SCRIPMASTER
PANACEABIO,NSE,PANACEABIO.NS,Panacea Biotec,PANACEABIO|Panacea Biotec|Panacea Biotec Limited,,INE922B01023,4055,IIFL_SCRIPMASTER
PANACHE,NSE,PANACHE.NS,Panache Digilife,PANACHE|Panache Digilife|Panache Digilife Limited,,INE895W01019,16292,IIFL_SCRIPMASTER
PANAMAPET,NSE,PANAMAPET.NS,Panama Petrochem,PANAMAPET|Panama Petrochem|Panama Petrochem Limited,,INE305C01029,25392,IIFL_SCRIPMASTER
PANSARI,NSE,PANSARI.NS,Pansari Developers,PANSARI|Pansari Developers|Pansari Developers Limited,,INE697V01011,6141,IIFL_SCRIPMASTER
PAR,NSE,PAR.NS,Par Drugs and Chem,PAR|Par Drugs and Chem|Par Drugs and Chem Limited,,INE04LG01015,5631,IIFL_SCRIPMASTER
PARADEEP,NSE,PARADEEP.NS,Paradeep Phosphates,PARADEEP|Paradeep Phosphates|Paradeep Phosphates Limited,,INE088F01024,9741,IIFL_SCRIPMASTER
PARAGMILK,NSE,PARAGMILK.NS,Parag Milk Foods,PARAGMILK|Parag Milk Foods|Parag Milk Foods Limited,,INE883N01014,17130,IIFL_SCRIPMASTER
PARACABLES,NSE,PARACABLES.NS,Paramount Comm,PARACABLES|Paramount Comm|Paramount Comm Limited,,INE074B01023,13951,IIFL_SCRIPMASTER
PARAS,NSE,PARAS.NS,Paras Def and Spce Tech L,PARAS|Paras Def and Spce Tech L,,INE045601023,5911,IIFL_SCRIPMASTER
PARASPETRO,NSE,PARASPETRO.NS,Paras Petrofils,PARASPETRO|Paras Petrofils|Paras Petrofils Limited,,INE162C01024,3972,IIFL_SCRIPMASTER
PARKHOSPS,NSE,PARKHOSPS.NS,Park Medi World,PARKHOSPS|Park Medi World|Park Medi World Limited,,INE119201023,760351,IIFL_SCRIPMASTER
PARKHOTELS,NSE,PARKHOTELS.NS,Parkhotels,PARKHOTELS|Parkhotels,,INE988S01028,22649,IIFL_SCRIPMASTER
PASHUPATI,NSE,PASHUPATI.NS,Pashupati Cotspin,PASHUPATI|Pashupati Cotspin|Pashupati Cotspin Limited,,INE124Y01028,757955,IIFL_SCRIPMASTER
PASUPTAC,NSE,PASUPTAC.NS,Pasupati Acrylon,PASUPTAC|Pasupati Acrylon|Pasupati Acrylon Limited,,INE818B01023,6045,IIFL_SCRIPMASTER
PATANJALI,NSE,PATANJALI.NS,Patanjali Foods,PATANJALI|Patanjali Foods|Patanjali Foods Limited,,INE619A01035,17029,IIFL_SCRIPMASTER
PATELENG,NSE,PATELENG.NS,Patel Engineering,PATELENG|Patel Engineering|Patel Engineering Limited,,INE244B01030,11699,IIFL_SCRIPMASTER
PATINTLOG,NSE,PATINTLOG.NS,Patel Int. Log.,PATINTLOG|Patel Int. Log.|Patel Int. Log. Limited,,INE529D01014,15219,IIFL_SCRIPMASTER
PATELRMART,NSE,PATELRMART.NS,Patel Retail,PATELRMART|Patel Retail|Patel Retail Limited,,INE0R8B01010,759439,IIFL_SCRIPMASTER
PML,NSE,PML.NS,Paul Merchants,PML|Paul Merchants|Paul Merchants Limited,,INE291E01019,762834,IIFL_SCRIPMASTER
PAUSHAKLTD,NSE,PAUSHAKLTD.NS,Paushak,PAUSHAKLTD|Paushak|Paushak Limited,,INE111F01024,759969,IIFL_SCRIPMASTER
POLICYBZR,NSE,POLICYBZR.NS,Pb Fintech,POLICYBZR|Pb Fintech|Pb Fintech Limited,,INE417T01026,6656,IIFL_SCRIPMASTER
PCJEWELLER,NSE,PCJEWELLER.NS,Pc Jeweller,PCJEWELLER|Pc Jeweller|Pc Jeweller Limited,,INE785M01021,29124,IIFL_SCRIPMASTER
PCBL,NSE,PCBL.NS,Pcbl Chemical,PCBL|Pcbl Chemical|Pcbl Chemical Limited,,INE602A01031,2649,IIFL_SCRIPMASTER
PDSL,NSE,PDSL.NS,Pds,PDSL|Pds|Pds Limited,,INE111Q01021,5264,IIFL_SCRIPMASTER
PGIL,NSE,PGIL.NS,Pearl Global Ind,PGIL|Pearl Global Ind|Pearl Global Ind Limited,,INE940H01022,14260,IIFL_SCRIPMASTER
PENIND,NSE,PENIND.NS,Pennar Industries,PENIND|Pennar Industries|Pennar Industries Limited,,INE932A01024,20621,IIFL_SCRIPMASTER
PERSISTENT,NSE,PERSISTENT.NS,Persistent Systems,PERSISTENT|Persistent Systems|Persistent Systems Limited,,INE262H01021,18365,IIFL_SCRIPMASTER
PETRONET,NSE,PETRONET.NS,Petronet Lng,PETRONET|Petronet Lng|Petronet Lng Limited,,INE347G01014,11351,IIFL_SCRIPMASTER
PFIZER,NSE,PFIZER.NS,Pfizer,PFIZER|Pfizer|Pfizer Limited,,INE182A01018,2643,IIFL_SCRIPMASTER
PGEL,NSE,PGEL.NS,Pg Electroplast,PGEL|Pg Electroplast|Pg Electroplast Limited,,INE457L01029,25358,IIFL_SCRIPMASTER
PWL,NSE,PWL.NS,Physicswallah,PWL|Physicswallah|Physicswallah Limited,,INE0LP301011,759723,IIFL_SCRIPMASTER
PIIND,NSE,PIIND.NS,Pi Industries,PIIND|Pi Industries|Pi Industries Limited,,INE603J01030,24184,IIFL_SCRIPMASTER
PICCADIL,NSE,PICCADIL.NS,Piccadily Agro Industri L,PICCADIL|Piccadily Agro Industri L,,INE546C01010,757754,IIFL_SCRIPMASTER
PIDILITIND,NSE,PIDILITIND.NS,Pidilite Industries,PIDILITIND|Pidilite Industries|Pidilite Industries Limited,,INE318A01026,2664,IIFL_SCRIPMASTER
PILANIINVS,NSE,PILANIINVS.NS,Pilani Inv & Ind Cor,PILANIINVS|Pilani Inv & Ind Cor|Pilani Inv & Ind Cor Limited,,INE417C01014,11445,IIFL_SCRIPMASTER
PINELABS,NSE,PINELABS.NS,Pine Labs,PINELABS|Pine Labs|Pine Labs Limited,,INE15B701018,759820,IIFL_SCRIPMASTER
PIONEEREMB,NSE,PIONEEREMB.NS,Pioneer Embroideries,PIONEEREMB|Pioneer Embroideries|Pioneer Embroideries Limited,,INE156C01018,13463,IIFL_SCRIPMASTER
PIONRINV,NSE,PIONRINV.NS,Pioneer Investcorp,PIONRINV|Pioneer Investcorp|Pioneer Investcorp Limited,,INE746D01014,762829,IIFL_SCRIPMASTER
PIRAMALFIN,NSE,PIRAMALFIN.NS,Piramal Finance,PIRAMALFIN|Piramal Finance|Piramal Finance Limited,,INE202B01038,759551,IIFL_SCRIPMASTER
PPLPHARMA,NSE,PPLPHARMA.NS,Piramal Pharma,PPLPHARMA|Piramal Pharma|Piramal Pharma Limited,,INE0DK501011,11571,IIFL_SCRIPMASTER
PITTIENG,NSE,PITTIENG.NS,Pitti Engineering,PITTIENG|Pitti Engineering|Pitti Engineering Limited,,INE450D01021,14134,IIFL_SCRIPMASTER
PIXTRANS,NSE,PIXTRANS.NS,Pix Transmissions,PIXTRANS|Pix Transmissions|Pix Transmissions Limited,,INE751B01018,9087,IIFL_SCRIPMASTER
PLASTIBLEN,NSE,PLASTIBLEN.NS,Plastiblends India,PLASTIBLEN|Plastiblends India|Plastiblends India Limited,,INE083C01022,13920,IIFL_SCRIPMASTER
PLATIND,NSE,PLATIND.NS,Platinum Industries,PLATIND|Platinum Industries|Platinum Industries Limited,,INE0PT501018,22930,IIFL_SCRIPMASTER
PNBGILTS,NSE,PNBGILTS.NS,Pnb Gilts,PNBGILTS|Pnb Gilts|Pnb Gilts Limited,,INE859A01011,8736,IIFL_SCRIPMASTER
PNBHOUSING,NSE,PNBHOUSING.NS,Pnb Housing Fin,PNBHOUSING|Pnb Housing Fin|Pnb Housing Fin Limited,,INE572E01012,18908,IIFL_SCRIPMASTER
PNCINFRA,NSE,PNCINFRA.NS,Pnc Infratech,PNCINFRA|Pnc Infratech|Pnc Infratech Limited,,INE195J01029,9385,IIFL_SCRIPMASTER
PNGSREVA,NSE,PNGSREVA.NS,Pngs Reva Diamond Jewel L,PNGSREVA|Pngs Reva Diamond Jewel L,,INE1RDG01013,760242,IIFL_SCRIPMASTER
PODDARMENT,NSE,PODDARMENT.NS,Poddar Pigments,PODDARMENT|Poddar Pigments|Poddar Pigments Limited,,INE371C01013,19036,IIFL_SCRIPMASTER
POKARNA,NSE,POKARNA.NS,Pokarna,POKARNA|Pokarna|Pokarna Limited,,INE637C01025,17651,IIFL_SCRIPMASTER
POLYMED,NSE,POLYMED.NS,Poly Medicure,POLYMED|Poly Medicure|Poly Medicure Limited,,INE205C01021,25718,IIFL_SCRIPMASTER
POLYCAB,NSE,POLYCAB.NS,Polycab India,POLYCAB|Polycab India|Polycab India Limited,,INE455K01017,9590,IIFL_SCRIPMASTER
POLYPLEX,NSE,POLYPLEX.NS,Polyplex,POLYPLEX|Polyplex|Polyplex Corporation Limited,,INE633B01018,2687,IIFL_SCRIPMASTER
POCL,NSE,POCL.NS,Pondy Oxides & Chem,POCL|Pondy Oxides & Chem|Pondy Oxides & Chem Limited,,INE063E01053,14385,IIFL_SCRIPMASTER
PONNIERODE,NSE,PONNIERODE.NS,Ponnie Sugars (Erode),PONNIERODE|Ponnie Sugars (Erode)|Ponnie Sugars (Erode) Limited,,INE838E01017,10661,IIFL_SCRIPMASTER
POONAWALLA,NSE,POONAWALLA.NS,Poonawalla Fincorp,POONAWALLA|Poonawalla Fincorp|Poonawalla Fincorp Limited,,INE511C01022,11403,IIFL_SCRIPMASTER
PVSL,NSE,PVSL.NS,Popular Vehicles N Ser L,PVSL|Popular Vehicles N Ser L,,INE772T01024,23142,IIFL_SCRIPMASTER
PFC,NSE,PFC.NS,Power Fin Corp,PFC|Power Fin Corp|Power Fin Corp Limited,,INE134E01011,14299,IIFL_SCRIPMASTER
POWERGRID,NSE,POWERGRID.NS,Power Grid Corp.,POWERGRID|Power Grid Corp.|Power Grid Corp. Limited,,INE752E01010,14977,IIFL_SCRIPMASTER
PIGL,NSE,PIGL.NS,Power Instrument (G),PIGL|Power Instrument (G)|Power Instrument (G) Limited,,INE557Z01018,15716,IIFL_SCRIPMASTER
POWERMECH,NSE,POWERMECH.NS,Power Mech Projects,POWERMECH|Power Mech Projects|Power Mech Projects Limited,,INE211R01019,10473,IIFL_SCRIPMASTER
POWERICA,NSE,POWERICA.NS,Powerica,POWERICA|Powerica|Powerica Limited,,INE921L01032,761680,IIFL_SCRIPMASTER
PPAP,NSE,PPAP.NS,Ppap Automotive,PPAP|Ppap Automotive|Ppap Automotive Limited,,INE095I01015,15209,IIFL_SCRIPMASTER
PRABHA,NSE,PRABHA.NS,Prabha Energy,PRABHA|Prabha Energy|Prabha Energy Limited,,INE0I0M01023,30134,IIFL_SCRIPMASTER
PRADPME,NSE,PRADPME.NS,Pradeep Metals,PRADPME|Pradeep Metals|Pradeep Metals Limited,,INE770A01010,762839,IIFL_SCRIPMASTER
PRAJIND,NSE,PRAJIND.NS,Praj Industries,PRAJIND|Praj Industries|Praj Industries Limited,,INE074A01025,2705,IIFL_SCRIPMASTER
PRAENG,NSE,PRAENG.NS,Prajay Eng. Syn.,PRAENG|Prajay Eng. Syn.|Prajay Eng. Syn. Limited,,INE505C01016,13941,IIFL_SCRIPMASTER
PRAKASH,NSE,PRAKASH.NS,Prakash Industries,PRAKASH|Prakash Industries|Prakash Industries Limited,,INE603A01013,2708,IIFL_SCRIPMASTER
PPL,NSE,PPL.NS,Prakash Pipes,PPL|Prakash Pipes|Prakash Pipes Limited,,INE050001010,10297,IIFL_SCRIPMASTER
PRAKASHSTL,NSE,PRAKASHSTL.NS,Prakash Steelage,PRAKASHSTL|Prakash Steelage|Prakash Steelage Limited,,INE696K01024,19599,IIFL_SCRIPMASTER
DIAMONDYD,NSE,DIAMONDYD.NS,Prataap Snacks,DIAMONDYD|Prataap Snacks|Prataap Snacks Limited,,INE393P01035,21840,IIFL_SCRIPMASTER
PRAVEG,NSE,PRAVEG.NS,Praveg,PRAVEG|Praveg|Praveg Limited,,INE722B01019,762844,IIFL_SCRIPMASTER
PRECAM,NSE,PRECAM.NS,Precision Camshafts,PRECAM|Precision Camshafts|Precision Camshafts Limited,,INE484I01029,12603,IIFL_SCRIPMASTER
PRECWIRE,NSE,PRECWIRE.NS,Precision Wires India,PRECWIRE|Precision Wires India|Precision Wires India Limited,,INE372C01037,2717,IIFL_SCRIPMASTER
PRECOT,NSE,PRECOT.NS,Precot,PRECOT|Precot|Precot Limited,,INE283A01014,2711,IIFL_SCRIPMASTER
PREMCO,NSE,PREMCO.NS,Premco Global,PREMCO|Premco Global|Premco Global Limited,,INE001E01012,762849,IIFL_SCRIPMASTER
PREMIERENE,NSE,PREMIERENE.NS,Premier Energies,PREMIERENE|Premier Energies|Premier Energies Limited,,INE0BS701011,25049,IIFL_SCRIPMASTER
PREMEXPLN,NSE,PREMEXPLN.NS,Premier Explosives,PREMEXPLN|Premier Explosives|Premier Explosives Limited,,INE863B01029,17397,IIFL_SCRIPMASTER
PRESTIGE,NSE,PRESTIGE.NS,Prestige Estate,PRESTIGE|Prestige Estate|Prestige Estate Limited,,INE811K01011,20302,IIFL_SCRIPMASTER
PRICOLLTD,NSE,PRICOLLTD.NS,Pricol,PRICOLLTD|Pricol|Pricol Limited,,INE726V01018,19631,IIFL_SCRIPMASTER
PRIMESECU,NSE,PRIMESECU.NS,Prime Securities,PRIMESECU|Prime Securities|Prime Securities Limited,,INE032B01021,11864,IIFL_SCRIPMASTER
PRIMO,NSE,PRIMO.NS,Primo Chemicals,PRIMO|Primo Chemicals|Primo Chemicals Limited,,INE607A01022,756925,IIFL_SCRIPMASTER
PRINCEPIPE,NSE,PRINCEPIPE.NS,Prince Pipes Fittings,PRINCEPIPE|Prince Pipes Fittings|Prince Pipes Fittings Limited,,INE689W01016,16045,IIFL_SCRIPMASTER
PRSMJOHNSN,NSE,PRSMJOHNSN.NS,Prism Johnson,PRSMJOHNSN|Prism Johnson|Prism Johnson Limited,,INE010A01011,2739,IIFL_SCRIPMASTER
PRITI,NSE,PRITI.NS,Priti International,PRITI|Priti International|Priti International Limited,,INE974Z01015,8304,IIFL_SCRIPMASTER
PRITIKAUTO,NSE,PRITIKAUTO.NS,Pritika Auto Indus,PRITIKAUTO|Pritika Auto Indus|Pritika Auto Indus Limited,,INE583R01029,5292,IIFL_SCRIPMASTER
PNC,NSE,PNC.NS,Pritish Nandy Communicati,PNC|Pritish Nandy Communicati,,INE392B01011,9342,IIFL_SCRIPMASTER
PRIVISCL,NSE,PRIVISCL.NS,Privi Speciality Che,PRIVISCL|Privi Speciality Che|Privi Speciality Che Limited,,INE959A01019,8825,IIFL_SCRIPMASTER
PGHL,NSE,PGHL.NS,Procter & Gamble Health L,PGHL|Procter & Gamble Health L,,INE199A01012,940,IIFL_SCRIPMASTER
PROSTARM,NSE,PROSTARM.NS,Prostarm Info Systems,PROSTARM|Prostarm Info Systems|Prostarm Info Systems Limited,,INE0BX301013,758173,IIFL_SCRIPMASTER
PROTEAN,NSE,PROTEAN.NS,Protean Egov Techno,PROTEAN|Protean Egov Techno|Protean Egov Techno Limited,,INE004A01022,29472,IIFL_SCRIPMASTER
PROZONER,NSE,PROZONER.NS,Prozone Realty,PROZONER|Prozone Realty|Prozone Realty Limited,,INE195N01013,28859,IIFL_SCRIPMASTER
PRUDENT,NSE,PRUDENT.NS,Prudent Corp Adv Ser,PRUDENT|Prudent Corp Adv Ser|Prudent Corp Adv Ser Limited,,INE00F201020,9553,IIFL_SCRIPMASTER
PRUDMOULI,NSE,PRUDMOULI.NS,Prudential Sugar Corporat,PRUDMOULI|Prudential Sugar Corporat,,INE024D01016,20527,IIFL_SCRIPMASTER
PSPPROJECT,NSE,PSPPROJECT.NS,Psp Projects,PSPPROJECT|Psp Projects|Psp Projects Limited,,INE488V01015,20877,IIFL_SCRIPMASTER
PTC,NSE,PTC.NS,Ptc India,PTC|Ptc India|Ptc India Limited,,INE877F01012,11355,IIFL_SCRIPMASTER
PFS,NSE,PFS.NS,Ptc India Fin Serv,PFS|Ptc India Fin Serv|Ptc India Fin Serv Limited,,INE560K01014,22602,IIFL_SCRIPMASTER
PTCIL,NSE,PTCIL.NS,Ptc Industries,PTCIL|Ptc Industries|Ptc Industries Limited,,INE596F01018,16682,IIFL_SCRIPMASTER
PTL,NSE,PTL.NS,Ptl Enterprises,PTL|Ptl Enterprises|Ptl Enterprises Limited,,INE034D01049,14101,IIFL_SCRIPMASTER
PDMJEPAPER,NSE,PDMJEPAPER.NS,Pudumjee Paper Pro.,PDMJEPAPER|Pudumjee Paper Pro.|Pudumjee Paper Pro. Limited,,INE865T01018,15377,IIFL_SCRIPMASTER
PSB,NSE,PSB.NS,Punjab & Sind Bank,PSB|Punjab & Sind Bank,,INE608A01012,21001,IIFL_SCRIPMASTER
PUNJABCHEM,NSE,PUNJABCHEM.NS,Punjab Chem & Crop Prot L,PUNJABCHEM|Punjab Chem & Crop Prot L,,INE277B01014,4344,IIFL_SCRIPMASTER
PNB,NSE,PNB.NS,Punjab National Bank,PNB|Punjab National Bank,,INE160A01022,10666,IIFL_SCRIPMASTER
PURVA,NSE,PURVA.NS,Puravankara,PURVA|Puravankara|Puravankara Limited,,INE323I01011,14922,IIFL_SCRIPMASTER
PVP,NSE,PVP.NS,Pvp Ventures,PVP|Pvp Ventures|Pvp Ventures Limited,,INE362A01016,4010,IIFL_SCRIPMASTER
PVRINOX,NSE,PVRINOX.NS,Pvr Inox,PVRINOX|Pvr Inox|Pvr Inox Limited,,INE191H01014,13147,IIFL_SCRIPMASTER
PYRAMID,NSE,PYRAMID.NS,Pyramid Technoplast,PYRAMID|Pyramid Technoplast|Pyramid Technoplast Limited,,INE0MIS01010,18250,IIFL_SCRIPMASTER
QUADFUTURE,NSE,QUADFUTURE.NS,Quadrant Future Tek,QUADFUTURE|Quadrant Future Tek|Quadrant Future Tek Limited,,INE0LRY01011,29087,IIFL_SCRIPMASTER
QGOLDHALF,NSE,QGOLDHALF.NS,Quantum Gold Fund,QGOLDHALF|Quantum Gold Fund,,INF082J01408,15330,IIFL_SCRIPMASTER
QUESS,NSE,QUESS.NS,Quess Corp,QUESS|Quess Corp|Quess Corp Limited,,INE615P01015,17704,IIFL_SCRIPMASTER
QUICKHEAL,NSE,QUICKHEAL.NS,Quick Heal Tech,QUICKHEAL|Quick Heal Tech|Quick Heal Tech Limited,,INE306L01010,13116,IIFL_SCRIPMASTER
QUINT,NSE,QUINT.NS,Quint Digital,QUINT|Quint Digital|Quint Digital Limited,,INE641R01017,762854,IIFL_SCRIPMASTER
RKSWAMY,NSE,RKSWAMY.NS,R K Swamy,R K Swamy|R K Swamy Limited|RKSWAMY,,INE0NQ801033,23043,IIFL_SCRIPMASTER
RMDRIP,NSE,RMDRIP.NS,R M Drip & Sprink Sys,R M Drip & Sprink Sys|R M Drip & Sprink Sys Limited|RMDRIP,,INE219Y01026,757834,IIFL_SCRIPMASTER
RRIL,NSE,RRIL.NS,R R I L,R R I L|R R I L Limited|RRIL,,INE951M01037,762864,IIFL_SCRIPMASTER
RRKABEL,NSE,RRKABEL.NS,R R Kabel,R R Kabel|R R Kabel Limited|RRKABEL,,INE777K01022,18566,IIFL_SCRIPMASTER
RSDFIN,NSE,RSDFIN.NS,R S D Finance,R S D Finance|R S D Finance Limited|RSDFIN,,INE616F01022,762869,IIFL_SCRIPMASTER
RSYSTEMS,NSE,RSYSTEMS.NS,R Sys International,R Sys International|R Sys International Limited|RSYSTEMS,,INE411H01032,13414,IIFL_SCRIPMASTER
RNBDENIMS,NSE,RNBDENIMS.NS,R&B Denims,R&B Denims|R&B Denims Limited|RNBDENIMS,,INE012Q01039,758981,IIFL_SCRIPMASTER
RPPINFRA,NSE,RPPINFRA.NS,R.P.P Infra Projects,R.P.P Infra Projects|R.P.P Infra Projects Limited|RPPINFRA,,INE324L01013,20760,IIFL_SCRIPMASTER
RACLGEAR,NSE,RACLGEAR.NS,Racl Geartech,RACLGEAR|Racl Geartech|Racl Geartech Limited,,INE704B01017,27171,IIFL_SCRIPMASTER
RADAAN,NSE,RADAAN.NS,Radaan Mediaworks (I),RADAAN|Radaan Mediaworks (I)|Radaan Mediaworks (I) Limited,,INE874F01027,10932,IIFL_SCRIPMASTER
RADHIKAJWE,NSE,RADHIKAJWE.NS,Radhika Jeweltech,RADHIKAJWE|Radhika Jeweltech|Radhika Jeweltech Limited,,INE583V01021,10343,IIFL_SCRIPMASTER
RADIANTCMS,NSE,RADIANTCMS.NS,Radiant Cash Mgmt Ser,RADIANTCMS|Radiant Cash Mgmt Ser|Radiant Cash Mgmt Ser Limited,,INE855R01021,13580,IIFL_SCRIPMASTER
RADICO,NSE,RADICO.NS,Radico Khaitan,RADICO|Radico Khaitan|Radico Khaitan Limited,,INE944F01028,10990,IIFL_SCRIPMASTER
RPEL,NSE,RPEL.NS,Raghav Productivity Enh L,RPEL|Raghav Productivity Enh L,,INE912T01018,24735,IIFL_SCRIPMASTER
RVNL,NSE,RVNL.NS,Rail Vikas Nigam,RVNL|Rail Vikas Nigam|Rail Vikas Nigam Limited,,INE415G01027,9552,IIFL_SCRIPMASTER
RAILTEL,NSE,RAILTEL.NS,Railtel Corp of Ind,RAILTEL|Railtel Corp of Ind|Railtel Corp of Ind Limited,,INE0DD101019,2431,IIFL_SCRIPMASTER
RAIN,NSE,RAIN.NS,Rain Industries,RAIN|Rain Industries|Rain Industries Limited,,INE855B01025,15337,IIFL_SCRIPMASTER
RAINBOW,NSE,RAINBOW.NS,Rainbow Childrens Med,RAINBOW|Rainbow Childrens Med|Rainbow Childrens Med Limited,,INE961O01016,9408,IIFL_SCRIPMASTER
ROML,NSE,ROML.NS,Raj Oil Mills,ROML|Raj Oil Mills|Raj Oil Mills Limited,,INE294G01026,359,IIFL_SCRIPMASTER
RAJTV,NSE,RAJTV.NS,Raj Tv Network,RAJTV|Raj Tv Network|Raj Tv Network Limited,,INE952H01027,14403,IIFL_SCRIPMASTER
RAJPALAYAM,NSE,RAJPALAYAM.NS,Rajapalayam Mills,RAJPALAYAM|Rajapalayam Mills|Rajapalayam Mills Limited,,INE296E01026,762859,IIFL_SCRIPMASTER
ARENTERP,NSE,ARENTERP.NS,Rajdarshan Industries,ARENTERP|Rajdarshan Industries|Rajdarshan Industries Limited,,INE610C01014,181,IIFL_SCRIPMASTER
RAJMET,NSE,RAJMET.NS,Rajnandini Metal,RAJMET|Rajnandini Metal|Rajnandini Metal Limited,,INE00KV01022,2168,IIFL_SCRIPMASTER
RAJOOENG,NSE,RAJOOENG.NS,Rajoo Engineers,RAJOOENG|Rajoo Engineers|Rajoo Engineers Limited,,INE535F01024,757049,IIFL_SCRIPMASTER
RSL,NSE,RSL.NS,Rajputana Stainless,RSL|Rajputana Stainless|Rajputana Stainless Limited,,INE313L01016,761439,IIFL_SCRIPMASTER
RAJRATAN,NSE,RAJRATAN.NS,Rajratan Global Wire,RAJRATAN|Rajratan Global Wire|Rajratan Global Wire Limited,,INE451D01029,18962,IIFL_SCRIPMASTER
RPPL,NSE,RPPL.NS,Rajshree Polypack,RPPL|Rajshree Polypack|Rajshree Polypack Limited,,INE760W01023,6913,IIFL_SCRIPMASTER
RAJSREESUG,NSE,RAJSREESUG.NS,Rajshree Sugar & Chemical,RAJSREESUG|Rajshree Sugar & Chemical,,INE562B01019,2809,IIFL_SCRIPMASTER
RALLIS,NSE,RALLIS.NS,Rallis India,RALLIS|Rallis India|Rallis India Limited,,INE613A01020,2816,IIFL_SCRIPMASTER
RAMRAT,NSE,RAMRAT.NS,Ram Ratna Wires,RAMRAT|Ram Ratna Wires|Ram Ratna Wires Limited,,INE207E01023,10485,IIFL_SCRIPMASTER
RAMAPHO,NSE,RAMAPHO.NS,Rama Phosphates,RAMAPHO|Rama Phosphates|Rama Phosphates Limited,,INE809A01032,10568,IIFL_SCRIPMASTER
RAMASTEEL,NSE,RAMASTEEL.NS,Rama Steel Tubes,RAMASTEEL|Rama Steel Tubes|Rama Steel Tubes Limited,,INE230R01035,10300,IIFL_SCRIPMASTER
RAMCOIND,NSE,RAMCOIND.NS,Ramco Industries,RAMCOIND|Ramco Industries|Ramco Industries Limited,,INE614A01028,4587,IIFL_SCRIPMASTER
RAMCOSYS,NSE,RAMCOSYS.NS,Ramco Systems,RAMCOSYS|Ramco Systems|Ramco Systems Limited,,INE246B01019,7851,IIFL_SCRIPMASTER
RKFORGE,NSE,RKFORGE.NS,Ramkrishna Forgings,RKFORGE|Ramkrishna Forgings|Ramkrishna Forgings Limited,,INE399G01023,11411,IIFL_SCRIPMASTER
RAMKY,NSE,RAMKY.NS,Ramky Infra,RAMKY|Ramky Infra|Ramky Infra Limited,,INE874I01013,20134,IIFL_SCRIPMASTER
RANASUG,NSE,RANASUG.NS,Rana Sugars,RANASUG|Rana Sugars|Rana Sugars Limited,,INE625B01014,2837,IIFL_SCRIPMASTER
RML,NSE,RML.NS,Rane (Madras),RML|Rane (Madras)|Rane (Madras) Limited,,INE050H01012,11975,IIFL_SCRIPMASTER
RANEHOLDIN,NSE,RANEHOLDIN.NS,Rane Holdings,RANEHOLDIN|Rane Holdings|Rane Holdings Limited,,INE384A01010,2844,IIFL_SCRIPMASTER
RPTECH,NSE,RPTECH.NS,Rashi Peripherals,RPTECH|Rashi Peripherals|Rashi Peripherals Limited,,INE0J1F01024,22670,IIFL_SCRIPMASTER
RCF,NSE,RCF.NS,Rashtriya Chemicals & Fer,RCF|Rashtriya Chemicals & Fer,,INE027A01015,2866,IIFL_SCRIPMASTER
RATEGAIN,NSE,RATEGAIN.NS,Rategain Travel Techn,RATEGAIN|Rategain Travel Techn|Rategain Travel Techn Limited,,INE0CLI01024,7177,IIFL_SCRIPMASTER
RATNAMANI,NSE,RATNAMANI.NS,Ratnamani Met & Tub,RATNAMANI|Ratnamani Met & Tub|Ratnamani Met & Tub Limited,,INE703B01027,13451,IIFL_SCRIPMASTER
RATNAVEER,NSE,RATNAVEER.NS,Ratnaveer Precision Eng L,RATNAVEER|Ratnaveer Precision Eng L,,INE05CZ01011,18423,IIFL_SCRIPMASTER
RTNINDIA,NSE,RTNINDIA.NS,Rattanindia Ent,RTNINDIA|Rattanindia Ent|Rattanindia Ent Limited,,INE834M01019,27297,IIFL_SCRIPMASTER
RTNPOWER,NSE,RTNPOWER.NS,Rattanindia Power,RTNPOWER|Rattanindia Power|Rattanindia Power Limited,,INE399K01017,17520,IIFL_SCRIPMASTER
RKDL,NSE,RKDL.NS,Ravi Kumar Dist.,RKDL|Ravi Kumar Dist.|Ravi Kumar Dist. Limited,,INE722J01012,20950,IIFL_SCRIPMASTER
RVHL,NSE,RVHL.NS,Ravinder Heights,RVHL|Ravinder Heights|Ravinder Heights Limited,,INE09E501017,1565,IIFL_SCRIPMASTER
RELTD,NSE,RELTD.NS,Ravindra Energy,RELTD|Ravindra Energy|Ravindra Energy Limited,,INE206N01018,24596,IIFL_SCRIPMASTER
RAYMOND,NSE,RAYMOND.NS,Raymond,RAYMOND|Raymond|Raymond Limited,,INE301A01014,2859,IIFL_SCRIPMASTER
RAYMONDLSL,NSE,RAYMONDLSL.NS,Raymond Lifestyle,RAYMONDLSL|Raymond Lifestyle|Raymond Lifestyle Limited,,INE02ID01020,25073,IIFL_SCRIPMASTER
RAYMONDREL,NSE,RAYMONDREL.NS,Raymond Realty,RAYMONDREL|Raymond Realty|Raymond Realty Limited,,INE1SY401010,758551,IIFL_SCRIPMASTER
RBLBANK,NSE,RBLBANK.NS,Rbl Bank,RBLBANK|Rbl Bank|Rbl Bank Limited,,INE976G01028,18391,IIFL_SCRIPMASTER
RBZJEWEL,NSE,RBZJEWEL.NS,Rbz Jewellers,RBZJEWEL|Rbz Jewellers|Rbz Jewellers Limited,,INE0PEQ01016,20874,IIFL_SCRIPMASTER
RECLTD,NSE,RECLTD.NS,Rec,RECLTD|Rec|Rec Limited,,INE020B01018,15355,IIFL_SCRIPMASTER
REDINGTON,NSE,REDINGTON.NS,Redington,REDINGTON|Redington|Redington Limited,,INE891D01026,14255,IIFL_SCRIPMASTER
REDTAPE,NSE,REDTAPE.NS,Redtape,REDTAPE|Redtape|Redtape Limited,,INE0LXT01019,17859,IIFL_SCRIPMASTER
REFEX,NSE,REFEX.NS,Refex Industries,REFEX|Refex Industries|Refex Industries Limited,,INE056I01025,17764,IIFL_SCRIPMASTER
REGENCERAM,NSE,REGENCERAM.NS,Regency Ceramics,REGENCERAM|Regency Ceramics|Regency Ceramics Limited,,INE277C01012,4130,IIFL_SCRIPMASTER
RELAXO,NSE,RELAXO.NS,Relaxo Foot,RELAXO|Relaxo Foot|Relaxo Foot Limited,,INE131B01039,24225,IIFL_SCRIPMASTER
GILT5YBEES,NSE,GILT5YBEES.NS,Relcapamc - Netfgilt5Y,GILT5YBEES|Relcapamc - Netfgilt5Y,,INF204KC1030,3172,IIFL_SCRIPMASTER
RELIABLE,NSE,RELIABLE.NS,Reliable Data Service,RELIABLE|Reliable Data Service|Reliable Data Service Limited,,INE375Y01018,24378,IIFL_SCRIPMASTER
RELCHEMQ,NSE,RELCHEMQ.NS,Reliance Chemotex Ind,RELCHEMQ|Reliance Chemotex Ind|Reliance Chemotex Ind Limited,,INE750D01016,9652,IIFL_SCRIPMASTER
RIIL,NSE,RIIL.NS,Reliance Industrial Infra,RIIL|Reliance Industrial Infra,,INE046A01015,2912,IIFL_SCRIPMASTER
RELIANCE,NSE,RELIANCE.NS,Reliance Industries,RELIANCE|Reliance|Reliance Industries|Reliance Industries Limited,,INE002A01018,2885,IIFL_SCRIPMASTER
RPOWER,NSE,RPOWER.NS,Reliance Power,RPOWER|Reliance Power|Reliance Power Limited,,INE614G01033,15259,IIFL_SCRIPMASTER
RELIGARE,NSE,RELIGARE.NS,Religare Enter.,RELIGARE|Religare Enter.|Religare Enter. Limited,,INE621H01010,15068,IIFL_SCRIPMASTER
REMSONSIND,NSE,REMSONSIND.NS,Remsons Industries,REMSONSIND|Remsons Industries|Remsons Industries Limited,,INE474C01023,3965,IIFL_SCRIPMASTER
RGL,NSE,RGL.NS,Renaissance Global,RGL|Renaissance Global|Renaissance Global Limited,,INE722H01024,15129,IIFL_SCRIPMASTER
REPCOHOME,NSE,REPCOHOME.NS,Repco Home Finance,REPCOHOME|Repco Home Finance|Repco Home Finance Limited,,INE612J01015,29598,IIFL_SCRIPMASTER
REPRO,NSE,REPRO.NS,Repro India,REPRO|Repro India|Repro India Limited,,INE461B01014,13126,IIFL_SCRIPMASTER
RESPONIND,NSE,RESPONIND.NS,Responsive Industries,RESPONIND|Responsive Industries|Responsive Industries Limited,,INE688D01026,20323,IIFL_SCRIPMASTER
RBA,NSE,RBA.NS,Restaurant Brand Asia,RBA|Restaurant Brand Asia|Restaurant Brand Asia Limited,,INE07T201019,1494,IIFL_SCRIPMASTER
RVTH,NSE,RVTH.NS,Revathi Equipment India L,RVTH|Revathi Equipment India L,,INE0DAB01012,25157,IIFL_SCRIPMASTER
RHETAN,NSE,RHETAN.NS,Rhetan Tmt,RHETAN|Rhetan Tmt|Rhetan Tmt Limited,,INE0KKN01029,759062,IIFL_SCRIPMASTER
RHIM,NSE,RHIM.NS,Rhi Magnesita India,RHIM|Rhi Magnesita India|Rhi Magnesita India Limited,,INE743M01012,31163,IIFL_SCRIPMASTER
RICOAUTO,NSE,RICOAUTO.NS,Rico Auto Industries,RICOAUTO|Rico Auto Industries|Rico Auto Industries Limited,,INE209B01025,2909,IIFL_SCRIPMASTER
RISHABH,NSE,RISHABH.NS,Rishabh Instruments,RISHABH|Rishabh Instruments|Rishabh Instruments Limited,,INE0N2P01017,18417,IIFL_SCRIPMASTER
RITCO,NSE,RITCO.NS,Ritco Logistics,RITCO|Ritco Logistics|Ritco Logistics Limited,,INE01EG01016,8944,IIFL_SCRIPMASTER
RITES,NSE,RITES.NS,Rites,RITES|Rites|Rites Limited,,INE320J01015,3761,IIFL_SCRIPMASTER
RKEC,NSE,RKEC.NS,Rkec Projects,RKEC|Rkec Projects|Rkec Projects Limited,,INE786W01010,1547,IIFL_SCRIPMASTER
RHL,NSE,RHL.NS,Robust Hotels,RHL|Robust Hotels|Robust Hotels Limited,,INE508K01013,15157,IIFL_SCRIPMASTER
ROLEXRINGS,NSE,ROLEXRINGS.NS,Rolex Rings,ROLEXRINGS|Rolex Rings|Rolex Rings Limited,,INE645S01024,5279,IIFL_SCRIPMASTER
ROSSARI,NSE,ROSSARI.NS,Rossari Biotech,ROSSARI|Rossari Biotech|Rossari Biotech Limited,,INE02A801020,19410,IIFL_SCRIPMASTER
ROSSELLIND,NSE,ROSSELLIND.NS,Rossell India,ROSSELLIND|Rossell India|Rossell India Limited,,INE847C01020,28913,IIFL_SCRIPMASTER
ROSSTECH,NSE,ROSSTECH.NS,Rossell Techsys,ROSSTECH|Rossell Techsys|Rossell Techsys Limited,,INE0OJW01016,27353,IIFL_SCRIPMASTER
ROTO,NSE,ROTO.NS,Roto Pumps,ROTO|Roto Pumps|Roto Pumps Limited,,INE535D01037,9049,IIFL_SCRIPMASTER
ROUTE,NSE,ROUTE.NS,Route Mobile,ROUTE|Route Mobile|Route Mobile Limited,,INE450U01017,128,IIFL_SCRIPMASTER
ROHLTD,NSE,ROHLTD.NS,Royal Orchid Hotels,ROHLTD|Royal Orchid Hotels|Royal Orchid Hotels Limited,,INE283H01019,13182,IIFL_SCRIPMASTER
RPGLIFE,NSE,RPGLIFE.NS,Rpg Life Sciences,RPGLIFE|Rpg Life Sciences|Rpg Life Sciences Limited,,INE105J01010,16725,IIFL_SCRIPMASTER
RPSGVENT,NSE,RPSGVENT.NS,Rpsg Ventures,RPSGVENT|Rpsg Ventures|Rpsg Ventures Limited,,INE425Y01011,8119,IIFL_SCRIPMASTER
RSWM,NSE,RSWM.NS,Rswm,RSWM|Rswm|Rswm Limited,,INE611A01016,2794,IIFL_SCRIPMASTER
RUBFILA,NSE,RUBFILA.NS,Rubfila International,RUBFILA|Rubfila International|Rubfila International Limited,,INE642C01025,24730,IIFL_SCRIPMASTER
RUBICON,NSE,RUBICON.NS,Rubicon Research,RUBICON|Rubicon Research|Rubicon Research Limited,,INE506V01022,759316,IIFL_SCRIPMASTER
RUCHINFRA,NSE,RUCHINFRA.NS,Ruchi Infrastructure,RUCHINFRA|Ruchi Infrastructure|Ruchi Infrastructure Limited,,INE413B01023,4566,IIFL_SCRIPMASTER
RUCHIRA,NSE,RUCHIRA.NS,Ruchira Papers,RUCHIRA|Ruchira Papers|Ruchira Papers Limited,,INE803H01014,13821,IIFL_SCRIPMASTER
REPL,NSE,REPL.NS,Rudrabhishek Enterp,REPL|Rudrabhishek Enterp|Rudrabhishek Enterp Limited,,INE364Z01019,1480,IIFL_SCRIPMASTER
RUPA,NSE,RUPA.NS,Rupa & Company,RUPA|Rupa & Company|Rupa & Company Limited,,INE895B01021,25724,IIFL_SCRIPMASTER
RUSHIL,NSE,RUSHIL.NS,Rushil Decor,RUSHIL|Rushil Decor|Rushil Decor Limited,,INE573K01025,24595,IIFL_SCRIPMASTER
SCHAND,NSE,SCHAND.NS,S Chand and Company,S Chand and Company|S Chand and Company Limited|SCHAND,,INE807K01035,20698,IIFL_SCRIPMASTER
SHK,NSE,SHK.NS,S H Kelkar and Co.,S H Kelkar and Co.|S H Kelkar and Co. Limited|SHK,,INE500L01026,11212,IIFL_SCRIPMASTER
SPAL,NSE,SPAL.NS,S. P. Apparels,S. P. Apparels|S. P. Apparels Limited|SPAL,,INE212I01016,18252,IIFL_SCRIPMASTER
SBICARD,NSE,SBICARD.NS,SBI Cards & Pay Ser,SBI Cards & Pay Ser|SBI Cards & Pay Ser Limited|SBICARD,,INE018E01016,17971,IIFL_SCRIPMASTER
SBILIFE,NSE,SBILIFE.NS,SBI Life Insurance Co,SBI Life Insurance Co|SBI Life Insurance Co Limited|SBILIFE,,INE123W01016,21808,IIFL_SCRIPMASTER
SETFGOLD,NSE,SETFGOLD.NS,SBI-Etf Gold,SBI-Etf Gold|SETFGOLD,,INF200KA16D8,17272,IIFL_SCRIPMASTER
SETFNIF50,NSE,SETFNIF50.NS,SBI-Etf Nifty 50,SBI-Etf Nifty 50|SETFNIF50,,INF200KA1FS1,10176,IIFL_SCRIPMASTER
SETFNIFBK,NSE,SETFNIFBK.NS,SBI-Etf Nifty Bank,SBI-Etf Nifty Bank|SETFNIFBK,,INF200KA1580,7361,IIFL_SCRIPMASTER
SETFNN50,NSE,SETFNN50.NS,SBI-Etf Nifty Next 50,SBI-Etf Nifty Next 50|SETFNN50,,INF200KA1598,7353,IIFL_SCRIPMASTER
LIQUIDSBI,NSE,LIQUIDSBI.NS,SBIamc - Liquidsbi,LIQUIDSBI|SBIamc - Liquidsbi,,INF200KA13Z8,19705,IIFL_SCRIPMASTER
SBIBPB,NSE,SBIBPB.NS,SBIamc - SBIbpb,SBIBPB|SBIamc - SBIbpb,,INF200KB1712,30290,IIFL_SCRIPMASTER
SBIETFCON,NSE,SBIETFCON.NS,SBIamc - SBIetfcon,SBIETFCON|SBIamc - SBIetfcon,,INF200KA1X17,5168,IIFL_SCRIPMASTER
SBIETFIT,NSE,SBIETFIT.NS,SBIamc - SBIetfit,SBIETFIT|SBIamc - SBIetfit,,INF200KA1S14,740,IIFL_SCRIPMASTER
SBIETFPB,NSE,SBIETFPB.NS,SBIamc - SBIetfpb,SBIETFPB|SBIamc - SBIetfpb,,INF200KA1S22,722,IIFL_SCRIPMASTER
SBIETFQLTY,NSE,SBIETFQLTY.NS,SBIamc - SBIetfqlty,SBIETFQLTY|SBIamc - SBIetfqlty,,INF200KA1WX6,7218,IIFL_SCRIPMASTER
SBILIQETF,NSE,SBILIQETF.NS,SBIamc - SBIliqetf,SBILIQETF|SBIamc - SBIliqetf,,INF200KB1969,758496,IIFL_SCRIPMASTER
SBIMIDMOM,NSE,SBIMIDMOM.NS,SBIamc - SBImidmom,SBIMIDMOM|SBIamc - SBImidmom,,INF200KB1AJ0,761095,IIFL_SCRIPMASTER
SBINEQWETF,NSE,SBINEQWETF.NS,SBIamc - SBIneqwetf,SBINEQWETF|SBIamc - SBIneqwetf,,INF200KB1282,24524,IIFL_SCRIPMASTER
SBINMID150,NSE,SBINMID150.NS,SBIamc - SBInmid150,SBINMID150|SBIamc - SBInmid150,,INF200KB1AK8,761741,IIFL_SCRIPMASTER
SBISILVER,NSE,SBISILVER.NS,SBIamc - SBIsilver,SBISILVER|SBIamc - SBIsilver,,INF200KB1217,24366,IIFL_SCRIPMASTER
SBISMLETF,NSE,SBISMLETF.NS,SBIamc - SBIsmletf,SBISMLETF|SBIamc - SBIsmletf,,INF200KB1AY9,763543,IIFL_SCRIPMASTER
SBIVALETF,NSE,SBIVALETF.NS,SBIamc - SBIvaletf,SBIVALETF|SBIamc - SBIvaletf,,INF200KB1AX1,763546,IIFL_SCRIPMASTER
SETF10GILT,NSE,SETF10GILT.NS,SBIamc - Setf10Gilt,SBIamc - Setf10Gilt|SETF10GILT,,INF200KA1JT1,17395,IIFL_SCRIPMASTER
SAATVIKGL,NSE,SAATVIKGL.NS,Saatvik Green Energy,SAATVIKGL|Saatvik Green Energy|Saatvik Green Energy Limited,,INE13B501022,759057,IIFL_SCRIPMASTER
SADBHIN,NSE,SADBHIN.NS,Sadbhav Infra Proj,SADBHIN|Sadbhav Infra Proj|Sadbhav Infra Proj Limited,,INE764L01010,10618,IIFL_SCRIPMASTER
SAFARI,NSE,SAFARI.NS,Safari Ind (India),SAFARI|Safari Ind (India)|Safari Ind (India) Limited,,INE429E01023,13035,IIFL_SCRIPMASTER
SAGCEM,NSE,SAGCEM.NS,Sagar Cements,SAGCEM|Sagar Cements|Sagar Cements Limited,,INE229C01021,14068,IIFL_SCRIPMASTER
SAGARDEEP,NSE,SAGARDEEP.NS,Sagardeep Alloys,SAGARDEEP|Sagardeep Alloys|Sagardeep Alloys Limited,,INE976T01013,8175,IIFL_SCRIPMASTER
SAGILITY,NSE,SAGILITY.NS,Sagility,SAGILITY|Sagility|Sagility Limited,,INE0W2G01015,27052,IIFL_SCRIPMASTER
SAHYADRI,NSE,SAHYADRI.NS,Sahyadri Industries,SAHYADRI|Sahyadri Industries|Sahyadri Industries Limited,,INE280H01015,14900,IIFL_SCRIPMASTER
SAILIFE,NSE,SAILIFE.NS,Sai Life Sciences,SAILIFE|Sai Life Sciences|Sai Life Sciences Limited,,INE570L01029,27839,IIFL_SCRIPMASTER
SAIPARENT,NSE,SAIPARENT.NS,Sai Parenterals,SAIPARENT|Sai Parenterals|Sai Parenterals Limited,,INE0H9F01037,761675,IIFL_SCRIPMASTER
KALAMANDIR,NSE,KALAMANDIR.NS,Sai Silks (Kalamandir) L,KALAMANDIR|Sai Silks (Kalamandir) L,,INE438K01021,18755,IIFL_SCRIPMASTER
SAKAR,NSE,SAKAR.NS,Sakar Healthcare,SAKAR|Sakar Healthcare|Sakar Healthcare Limited,,INE732S01012,9539,IIFL_SCRIPMASTER
SAKSOFT,NSE,SAKSOFT.NS,Saksoft,SAKSOFT|Saksoft|Saksoft Limited,,INE667G01023,11794,IIFL_SCRIPMASTER
SAKHTISUG,NSE,SAKHTISUG.NS,Sakthi Sugars,SAKHTISUG|Sakthi Sugars|Sakthi Sugars Limited,,INE623A01011,2969,IIFL_SCRIPMASTER
SALASAR,NSE,SALASAR.NS,Salasar Techno Engg.,SALASAR|Salasar Techno Engg.|Salasar Techno Engg. Limited,,INE170V01027,21362,IIFL_SCRIPMASTER
SALONA,NSE,SALONA.NS,Salona Cotspin,SALONA|Salona Cotspin|Salona Cotspin Limited,,INE498E01010,17351,IIFL_SCRIPMASTER
SALZERELEC,NSE,SALZERELEC.NS,Salzer Electronics,SALZERELEC|Salzer Electronics|Salzer Electronics Limited,,INE457F01013,11399,IIFL_SCRIPMASTER
SAMBHAAV,NSE,SAMBHAAV.NS,Sambhaav Media,SAMBHAAV|Sambhaav Media|Sambhaav Media Limited,,INE699B01027,4127,IIFL_SCRIPMASTER
SAMBHV,NSE,SAMBHV.NS,Sambhv Steel Tubes,SAMBHV|Sambhv Steel Tubes|Sambhv Steel Tubes Limited,,INE12NJ01018,757767,IIFL_SCRIPMASTER
SAMHI,NSE,SAMHI.NS,Samhi Hotels,SAMHI|Samhi Hotels|Samhi Hotels Limited,,INE08U801020,18614,IIFL_SCRIPMASTER
SAMMAANCAP,NSE,SAMMAANCAP.NS,Sammaan Capital,SAMMAANCAP|Sammaan Capital|Sammaan Capital Limited,,INE148I01020,30125,IIFL_SCRIPMASTER
SAMPANN,NSE,SAMPANN.NS,Sampann Utpadan India,SAMPANN|Sampann Utpadan India|Sampann Utpadan India Limited,,INE735M01018,27303,IIFL_SCRIPMASTER
MOTHERSON,NSE,MOTHERSON.NS,Samvrdhna Mthrsn Intl,MOTHERSON|Samvrdhna Mthrsn Intl|Samvrdhna Mthrsn Intl Limited,,INE775A01035,4204,IIFL_SCRIPMASTER
SANATHAN,NSE,SANATHAN.NS,Sanathan Textiles,SANATHAN|Sanathan Textiles|Sanathan Textiles Limited,,INE0JPD01013,28805,IIFL_SCRIPMASTER
SANDESH,NSE,SANDESH.NS,Sandesh,SANDESH|Sandesh|Sandesh Limited,,INE583B01015,2988,IIFL_SCRIPMASTER
SANDHAR,NSE,SANDHAR.NS,Sandhar Technologies,SANDHAR|Sandhar Technologies|Sandhar Technologies Limited,,INE278H01035,2397,IIFL_SCRIPMASTER
SANDUMA,NSE,SANDUMA.NS,Sandur Mang & Iron Ores L,SANDUMA|Sandur Mang & Iron Ores L,,INE149K01016,18359,IIFL_SCRIPMASTER
SANGAMIND,NSE,SANGAMIND.NS,Sangam (India),SANGAMIND|Sangam (India)|Sangam (India) Limited,,INE495C01010,4184,IIFL_SCRIPMASTER
SANGHVIMOV,NSE,SANGHVIMOV.NS,Sanghvi Movers,SANGHVIMOV|Sanghvi Movers|Sanghvi Movers Limited,,INE989A01032,14058,IIFL_SCRIPMASTER
SANOFICONR,NSE,SANOFICONR.NS,Sanofi Cons Healthc Ind L,SANOFICONR|Sanofi Cons Healthc Ind L,,INE0UOS01011,25222,IIFL_SCRIPMASTER
SANOFI,NSE,SANOFI.NS,Sanofi India,SANOFI|Sanofi India|Sanofi India Limited,,INE058A01010,1442,IIFL_SCRIPMASTER
SANSERA,NSE,SANSERA.NS,Sansera Engineering,SANSERA|Sansera Engineering|Sansera Engineering Limited,,INE953O01021,5751,IIFL_SCRIPMASTER
SANSTAR,NSE,SANSTAR.NS,Sanstar,SANSTAR|Sanstar|Sanstar Limited,,INE08NE01025,24582,IIFL_SCRIPMASTER
SAPPHIRE,NSE,SAPPHIRE.NS,Sapphire Foods India,SAPPHIRE|Sapphire Foods India|Sapphire Foods India Limited,,INE806T01020,6718,IIFL_SCRIPMASTER
ZSARACOM,NSE,ZSARACOM.NS,Saraswati Comm (India) L,Saraswati Comm (India) L|ZSARACOM,,INE967G01019,762985,IIFL_SCRIPMASTER
SSDL,NSE,SSDL.NS,Saraswati Saree Depot,SSDL|Saraswati Saree Depot|Saraswati Saree Depot Limited,,INE0PQ101010,24856,IIFL_SCRIPMASTER
SARDAEN,NSE,SARDAEN.NS,Sarda Energy & Min,SARDAEN|Sarda Energy & Min|Sarda Energy & Min Limited,,INE385C01021,17758,IIFL_SCRIPMASTER
SAREGAMA,NSE,SAREGAMA.NS,Saregama India,SAREGAMA|Saregama India|Saregama India Limited,,INE979A01025,4892,IIFL_SCRIPMASTER
SARLAPOLY,NSE,SARLAPOLY.NS,Sarla Perf. Fibers,SARLAPOLY|Sarla Perf. Fibers|Sarla Perf. Fibers Limited,,INE453D01025,14043,IIFL_SCRIPMASTER
SMLT,NSE,SMLT.NS,Sarthak Metals,SMLT|Sarthak Metals|Sarthak Metals Limited,,INE017W01010,6843,IIFL_SCRIPMASTER
SASKEN,NSE,SASKEN.NS,Sasken Technologies,SASKEN|Sasken Technologies|Sasken Technologies Limited,,INE231F01020,11983,IIFL_SCRIPMASTER
SATIA,NSE,SATIA.NS,Satia Industries,SATIA|Satia Industries|Satia Industries Limited,,INE170E01023,11045,IIFL_SCRIPMASTER
SATIN,NSE,SATIN.NS,Satin Credit Net,SATIN|Satin Credit Net|Satin Credit Net Limited,,INE836B01017,10453,IIFL_SCRIPMASTER
SAURASHCEM,NSE,SAURASHCEM.NS,Saurashtra Cement,SAURASHCEM|Saurashtra Cement|Saurashtra Cement Limited,,INE626A01014,3018,IIFL_SCRIPMASTER
SOTL,NSE,SOTL.NS,Savita Oil Technolo.,SOTL|Savita Oil Technolo.|Savita Oil Technolo. Limited,,INE035D01020,3021,IIFL_SCRIPMASTER
SAYAJIHOTL,NSE,SAYAJIHOTL.NS,Sayaji Hotels,SAYAJIHOTL|Sayaji Hotels|Sayaji Hotels Limited,,INE318C01014,762879,IIFL_SCRIPMASTER
SBC,NSE,SBC.NS,Sbc Exports,SBC|Sbc Exports|Sbc Exports Limited,,INE04AK01028,6792,IIFL_SCRIPMASTER
SBFC,NSE,SBFC.NS,Sbfc Finance,SBFC|Sbfc Finance|Sbfc Finance Limited,,INE423Y01016,18026,IIFL_SCRIPMASTER
SCANSTL,NSE,SCANSTL.NS,Scan Steels,SCANSTL|Scan Steels|Scan Steels Limited,,INE099G01011,762884,IIFL_SCRIPMASTER
SCHAEFFLER,NSE,SCHAEFFLER.NS,Schaeffler India,SCHAEFFLER|Schaeffler India|Schaeffler India Limited,,INE513A01022,1011,IIFL_SCRIPMASTER
SCHNEIDER,NSE,SCHNEIDER.NS,Schneider Electric Infra,SCHNEIDER|Schneider Electric Infra,,INE839M01018,31234,IIFL_SCRIPMASTER
SCODATUBES,NSE,SCODATUBES.NS,Scoda Tubes,SCODATUBES|Scoda Tubes|Scoda Tubes Limited,,INE090501011,757478,IIFL_SCRIPMASTER
SEAMECLTD,NSE,SEAMECLTD.NS,Seamec,SEAMECLTD|Seamec|Seamec Limited,,INE497B01018,2616,IIFL_SCRIPMASTER
SECMARK,NSE,SECMARK.NS,Secmark Consultancy,SECMARK|Secmark Consultancy|Secmark Consultancy Limited,,INE0BTM01013,19496,IIFL_SCRIPMASTER
SECURKLOUD,NSE,SECURKLOUD.NS,Securekloud Tech,SECURKLOUD|Securekloud Tech|Securekloud Tech Limited,,INE650K01021,11058,IIFL_SCRIPMASTER
SEDEMAC,NSE,SEDEMAC.NS,Sedemac Mechatronics,SEDEMAC|Sedemac Mechatronics|Sedemac Mechatronics Limited,,INE00XB01019,761153,IIFL_SCRIPMASTER
SELMC,NSE,SELMC.NS,Sel Manufacturing Co,SELMC|Sel Manufacturing Co|Sel Manufacturing Co Limited,,INE105I01020,6262,IIFL_SCRIPMASTER
SENCO,NSE,SENCO.NS,Senco Gold,SENCO|Senco Gold|Senco Gold Limited,,INE602W01027,17271,IIFL_SCRIPMASTER
SENORES,NSE,SENORES.NS,Senores Pharmaceuticals L,SENORES|Senores Pharmaceuticals L,,INE0RB801010,28888,IIFL_SCRIPMASTER
SEPC,NSE,SEPC.NS,Sepc,SEPC|Sepc|Sepc Limited,,INE964H01014,15308,IIFL_SCRIPMASTER
SERVOTECH,NSE,SERVOTECH.NS,Servotech Ren Pow Sys,SERVOTECH|Servotech Ren Pow Sys|Servotech Ren Pow Sys Limited,,INE782X01033,5507,IIFL_SCRIPMASTER
STYL,NSE,STYL.NS,Seshaasai Technologies L,STYL|Seshaasai Technologies L,,INE04VU01023,759934,IIFL_SCRIPMASTER
SESHAPAPER,NSE,SESHAPAPER.NS,Seshasayee Paper & Boards,SESHAPAPER|Seshasayee Paper & Boards,,INE630A01024,3066,IIFL_SCRIPMASTER
SGFIN,NSE,SGFIN.NS,Sg Finserve,SGFIN|Sg Finserve|Sg Finserve Limited,,INE618R01015,758853,IIFL_SCRIPMASTER
SGMART,NSE,SGMART.NS,Sg Mart,SGMART|Sg Mart|Sg Mart Limited,,INE385F01024,758889,IIFL_SCRIPMASTER
SHADOWFAX,NSE,SHADOWFAX.NS,Shadowfax Technologies L,SHADOWFAX|Shadowfax Technologies L,,INE12UN01015,761469,IIFL_SCRIPMASTER
SHAHALLOYS,NSE,SHAHALLOYS.NS,Shah Alloys,SHAHALLOYS|Shah Alloys|Shah Alloys Limited,,INE640C01011,11856,IIFL_SCRIPMASTER
SHAH,NSE,SHAH.NS,Shah Metacorp,SHAH|Shah Metacorp|Shah Metacorp Limited,,INE482J01021,20296,IIFL_SCRIPMASTER
SHAILY,NSE,SHAILY.NS,Shaily Eng Plastics,SHAILY|Shaily Eng Plastics|Shaily Eng Plastics Limited,,INE151G01028,8727,IIFL_SCRIPMASTER
SHAKTIPUMP,NSE,SHAKTIPUMP.NS,Shakti Pumps (I),SHAKTIPUMP|Shakti Pumps (I)|Shakti Pumps (I) Limited,,INE908D01010,25574,IIFL_SCRIPMASTER
SHALBY,NSE,SHALBY.NS,Shalby,SHALBY|Shalby|Shalby Limited,,INE597J01018,714,IIFL_SCRIPMASTER
SAHLIBHFI,NSE,SAHLIBHFI.NS,Shalibhadra Finance,SAHLIBHFI|Shalibhadra Finance|Shalibhadra Finance Limited,,INE861D01011,761688,IIFL_SCRIPMASTER
SHALPAINTS,NSE,SHALPAINTS.NS,Shalim Paints,SHALPAINTS|Shalim Paints|Shalim Paints Limited,,INE849C01026,15342,IIFL_SCRIPMASTER
SRD,NSE,SRD.NS,Shankar Lal Rampal,SRD|Shankar Lal Rampal|Shankar Lal Rampal Limited,,INE01NE01012,25737,IIFL_SCRIPMASTER
BUILDPRO,NSE,BUILDPRO.NS,Shankara Buildpro,BUILDPRO|Shankara Buildpro|Shankara Buildpro Limited,,INE24OJ01011,760594,IIFL_SCRIPMASTER
SHANTIGEAR,NSE,SHANTIGEAR.NS,Shanthi Gears,SHANTIGEAR|Shanthi Gears|Shanthi Gears Limited,,INE631A01022,3078,IIFL_SCRIPMASTER
SEIL,NSE,SEIL.NS,Shanti Edu Initiatives L,SEIL|Shanti Edu Initiatives L,,INE440T01028,762889,IIFL_SCRIPMASTER
SHANTIGOLD,NSE,SHANTIGOLD.NS,Shanti Gold Internation L,SHANTIGOLD|Shanti Gold Internation L,,INE06ZD01017,758002,IIFL_SCRIPMASTER
SHANTI,NSE,SHANTI.NS,Shanti Overseas India,SHANTI|Shanti Overseas India|Shanti Overseas India Limited,,INE933X01016,5650,IIFL_SCRIPMASTER
SHINDL,NSE,SHINDL.NS,Sharat Industries,SHINDL|Sharat Industries|Sharat Industries Limited,,INE220Z01013,762904,IIFL_SCRIPMASTER
SHARDACROP,NSE,SHARDACROP.NS,Sharda Cropchem,SHARDACROP|Sharda Cropchem|Sharda Cropchem Limited,,INE221J01015,4992,IIFL_SCRIPMASTER
SHARDAMOTR,NSE,SHARDAMOTR.NS,Sharda Motor Inds,SHARDAMOTR|Sharda Motor Inds|Sharda Motor Inds Limited,,INE597I01028,10530,IIFL_SCRIPMASTER
SHARDUL,NSE,SHARDUL.NS,Shardul Securities,SHARDUL|Shardul Securities|Shardul Securities Limited,,INE037B01020,762894,IIFL_SCRIPMASTER
SHAREINDIA,NSE,SHAREINDIA.NS,Share Ind. Securities,SHAREINDIA|Share Ind. Securities|Share Ind. Securities Limited,,INE932X01026,104,IIFL_SCRIPMASTER
SFL,NSE,SFL.NS,Sheela Foam,SFL|Sheela Foam|Sheela Foam Limited,,INE916U01025,19184,IIFL_SCRIPMASTER
SHEMAROO,NSE,SHEMAROO.NS,Shemaroo Enter.,SHEMAROO|Shemaroo Enter.|Shemaroo Enter. Limited,,INE363M01019,5068,IIFL_SCRIPMASTER
SHILCTECH,NSE,SHILCTECH.NS,Shilchar Technologies,SHILCTECH|Shilchar Technologies|Shilchar Technologies Limited,,INE024F01011,759847,IIFL_SCRIPMASTER
SHILPAMED,NSE,SHILPAMED.NS,Shilpa Medicare,SHILPAMED|Shilpa Medicare|Shilpa Medicare Limited,,INE790G01031,17752,IIFL_SCRIPMASTER
SCILAL,NSE,SCILAL.NS,Shipping Corp of Ila,SCILAL|Shipping Corp of Ila|Shipping Corp of Ila Limited,,INE0PB301013,23127,IIFL_SCRIPMASTER
SCI,NSE,SCI.NS,Shipping Corp of India Lt,SCI|Shipping Corp of India Lt,,INE109A01011,3048,IIFL_SCRIPMASTER
SHIVAUM,NSE,SHIVAUM.NS,Shiv Aum Steels,SHIVAUM|Shiv Aum Steels|Shiv Aum Steels Limited,,INE719F01016,759747,IIFL_SCRIPMASTER
SHIVATEX,NSE,SHIVATEX.NS,Shiva Texyarn,SHIVATEX|Shiva Texyarn|Shiva Texyarn Limited,,INE705C01020,804,IIFL_SCRIPMASTER
SBCL,NSE,SBCL.NS,Shivalik Bimetal Con.,SBCL|Shivalik Bimetal Con.|Shivalik Bimetal Con. Limited,,INE386D01027,4656,IIFL_SCRIPMASTER
SHIVALIK,NSE,SHIVALIK.NS,Shivalik Rasayan,SHIVALIK|Shivalik Rasayan|Shivalik Rasayan Limited,,INE788J01021,7016,IIFL_SCRIPMASTER
SHOPERSTOP,NSE,SHOPERSTOP.NS,Shoppers Stop,SHOPERSTOP|Shoppers Stop|Shoppers Stop Limited,,INE498B01024,11813,IIFL_SCRIPMASTER
SHRADHA,NSE,SHRADHA.NS,Shradha Realty,SHRADHA|Shradha Realty|Shradha Realty Limited,,INE715Y01031,708,IIFL_SCRIPMASTER
SHREEPUSHK,NSE,SHREEPUSHK.NS,Shre Push Chem & Fert,SHREEPUSHK|Shre Push Chem & Fert|Shre Push Chem & Fert Limited,,INE712K01011,10588,IIFL_SCRIPMASTER
SAPPL,NSE,SAPPL.NS,Shree Ajit Pulp & Paper L,SAPPL|Shree Ajit Pulp & Paper L,,INE185C01017,762874,IIFL_SCRIPMASTER
SHREECEM,NSE,SHREECEM.NS,Shree Cement,SHREECEM|Shree Cement|Shree Cement Limited,,INE070A01015,3103,IIFL_SCRIPMASTER
SHREDIGCEM,NSE,SHREDIGCEM.NS,Shree Digvijay Cem Co,SHREDIGCEM|Shree Digvijay Cem Co|Shree Digvijay Cem Co Limited,,INE232A01011,3099,IIFL_SCRIPMASTER
SRTL,NSE,SRTL.NS,Shree Ram Twistex,SRTL|Shree Ram Twistex|Shree Ram Twistex Limited,,INE19GK01015,760188,IIFL_SCRIPMASTER
SHREERAMA,NSE,SHREERAMA.NS,Shree Rama Multi Tech,SHREERAMA|Shree Rama Multi Tech|Shree Rama Multi Tech Limited,,INE879A01019,7627,IIFL_SCRIPMASTER
RAMANEWS,NSE,RAMANEWS.NS,Shree Rama Newsprint,RAMANEWS|Shree Rama Newsprint|Shree Rama Newsprint Limited,,INE278B01020,13565,IIFL_SCRIPMASTER
RENUKA,NSE,RENUKA.NS,Shree Renuka Sugars,RENUKA|Shree Renuka Sugars|Shree Renuka Sugars Limited,,INE087H01022,12026,IIFL_SCRIPMASTER
BALAJEE,NSE,BALAJEE.NS,Shree Tirupati Balajee L,BALAJEE|Shree Tirupati Balajee L,,INE0S2G01011,25203,IIFL_SCRIPMASTER
SVLL,NSE,SVLL.NS,Shree Vasu Logistics,SVLL|Shree Vasu Logistics|Shree Vasu Logistics Limited,,INE00CE01017,15121,IIFL_SCRIPMASTER
SHREEJISPG,NSE,SHREEJISPG.NS,Shreeji Shipping Global L,SHREEJISPG|Shreeji Shipping Global L,,INE1B6101010,759448,IIFL_SCRIPMASTER
OSWALSEEDS,NSE,OSWALSEEDS.NS,Shreeoswal S and Che,OSWALSEEDS|Shreeoswal S and Che|Shreeoswal S and Che Limited,,INE00IK01029,14305,IIFL_SCRIPMASTER
SHREYANIND,NSE,SHREYANIND.NS,Shreyans Industries,SHREYANIND|Shreyans Industries|Shreyans Industries Limited,,INE231C01019,3126,IIFL_SCRIPMASTER
SHBAJRG,NSE,SHBAJRG.NS,Shri Bajrang Alliance L,SHBAJRG|Shri Bajrang Alliance L,,INE402H01015,762899,IIFL_SCRIPMASTER
SHRIKRISH,NSE,SHRIKRISH.NS,Shri Krishna Devcon,SHRIKRISH|Shri Krishna Devcon|Shri Krishna Devcon Limited,,INE997I01012,762909,IIFL_SCRIPMASTER
SHRINGARMS,NSE,SHRINGARMS.NS,Shringar Hou of Mangals L,SHRINGARMS|Shringar Hou of Mangals L,,INE1B3L01017,759093,IIFL_SCRIPMASTER
LIQUIDSHRI,NSE,LIQUIDSHRI.NS,Shriram - Liquidshri,LIQUIDSHRI|Shriram - Liquidshri,,INF680P01422,24374,IIFL_SCRIPMASTER
SHRIRAMFIN,NSE,SHRIRAMFIN.NS,Shriram Finance,SHRIRAMFIN|Shriram Finance|Shriram Finance Limited,,INE721A01047,4306,IIFL_SCRIPMASTER
SHRIPISTON,NSE,SHRIPISTON.NS,Shriram Pist. & Ring,SHRIPISTON|Shriram Pist. & Ring|Shriram Pist. & Ring Limited,,INE526E01018,17186,IIFL_SCRIPMASTER
SHRIRAMPPS,NSE,SHRIRAMPPS.NS,Shriram Properties,SHRIRAMPPS|Shriram Properties|Shriram Properties Limited,,INE217L01019,7200,IIFL_SCRIPMASTER
SHYAMCENT,NSE,SHYAMCENT.NS,Shyam Century Ferrous,SHYAMCENT|Shyam Century Ferrous|Shyam Century Ferrous Limited,,INE979R01011,10188,IIFL_SCRIPMASTER
SHYAMMETL,NSE,SHYAMMETL.NS,Shyam Metalics and Engy L,SHYAMMETL|Shyam Metalics and Engy L,,INE810G01011,4693,IIFL_SCRIPMASTER
SICAGEN,NSE,SICAGEN.NS,Sicagen India,SICAGEN|Sicagen India|Sicagen India Limited,,INE176J01011,16875,IIFL_SCRIPMASTER
SIEMENS,NSE,SIEMENS.NS,Siemens,SIEMENS|Siemens|Siemens Limited,,INE003A01024,3150,IIFL_SCRIPMASTER
ENRIN,NSE,ENRIN.NS,Siemens Energy India,ENRIN|Siemens Energy India|Siemens Energy India Limited,,INE1NPP01017,756871,IIFL_SCRIPMASTER
SIGMAADV,NSE,SIGMAADV.NS,Sigma Advanced System,SIGMAADV|Sigma Advanced System|Sigma Advanced System Limited,,INE933B01012,14793,IIFL_SCRIPMASTER
SIGMA,NSE,SIGMA.NS,Sigma Solve,SIGMA|Sigma Solve|Sigma Solve Limited,,INE0A0S01028,16658,IIFL_SCRIPMASTER
SIGNATURE,NSE,SIGNATURE.NS,Signatureglobal India,SIGNATURE|Signatureglobal India|Signatureglobal India Limited,,INE903U01023,18743,IIFL_SCRIPMASTER
SIGIND,NSE,SIGIND.NS,Signet Industries,SIGIND|Signet Industries|Signet Industries Limited,,INE529F01035,4522,IIFL_SCRIPMASTER
SIGNPOST,NSE,SIGNPOST.NS,Signpost India,SIGNPOST|Signpost India|Signpost India Limited,,INE0KGZ01021,22656,IIFL_SCRIPMASTER
SIKA,NSE,SIKA.NS,Sika Interplant Systems L,SIKA|Sika Interplant Systems L,,INE438E01032,762914,IIFL_SCRIPMASTER
SIKKO,NSE,SIKKO.NS,Sikko Industries,SIKKO|Sikko Industries|Sikko Industries Limited,,INE112X01025,6218,IIFL_SCRIPMASTER
SILINV,NSE,SILINV.NS,Sil Investments,SILINV|Sil Investments|Sil Investments Limited,,INE923A01015,4105,IIFL_SCRIPMASTER
SILGO,NSE,SILGO.NS,Silgo Retail,SILGO|Silgo Retail|Silgo Retail Limited,,INE01II01013,2492,IIFL_SCRIPMASTER
SILLYMONKS,NSE,SILLYMONKS.NS,Silly Monks Entertain,SILLYMONKS|Silly Monks Entertain|Silly Monks Entertain Limited,,INE203Y01012,19097,IIFL_SCRIPMASTER
SILVERTUC,NSE,SILVERTUC.NS,Silver Touch Techno,SILVERTUC|Silver Touch Techno|Silver Touch Techno Limited,,INE625X01026,9422,IIFL_SCRIPMASTER
SIMPLEXINF,NSE,SIMPLEXINF.NS,Simplex Infrastructures L,SIMPLEXINF|Simplex Infrastructures L,,INE059B01024,3162,IIFL_SCRIPMASTER
SINCLAIR,NSE,SINCLAIR.NS,Sinclairs Hotels,SINCLAIR|Sinclairs Hotels|Sinclairs Hotels Limited,,INE985A01022,23480,IIFL_SCRIPMASTER
SINDHUTRAD,NSE,SINDHUTRAD.NS,Sindhu Trade Links,SINDHUTRAD|Sindhu Trade Links|Sindhu Trade Links Limited,,INE325D01025,16859,IIFL_SCRIPMASTER
SINGERIND,NSE,SINGERIND.NS,Singer India,SINGERIND|Singer India|Singer India Limited,,INE638A01035,761420,IIFL_SCRIPMASTER
SINTERCOM,NSE,SINTERCOM.NS,Sintercom India,SINTERCOM|Sintercom India|Sintercom India Limited,,INE129Z01016,381,IIFL_SCRIPMASTER
SIRCA,NSE,SIRCA.NS,Sirca Paint India,SIRCA|Sirca Paint India|Sirca Paint India Limited,,INE792Z01011,11050,IIFL_SCRIPMASTER
SIS,NSE,SIS.NS,Sis,SIS|Sis|Sis Limited,,INE285J01028,21501,IIFL_SCRIPMASTER
SIYSIL,NSE,SIYSIL.NS,Siyaram Silk Mills,SIYSIL|Siyaram Silk Mills|Siyaram Silk Mills Limited,,INE076B01028,14096,IIFL_SCRIPMASTER
SJS,NSE,SJS.NS,Sjs Enterprises,SJS|Sjs Enterprises|Sjs Enterprises Limited,,INE284S01014,6643,IIFL_SCRIPMASTER
SJVN,NSE,SJVN.NS,Sjvn,SJVN|Sjvn|Sjvn Limited,,INE002L01015,18883,IIFL_SCRIPMASTER
SKFINDUS,NSE,SKFINDUS.NS,Skf Ind (Industrial),SKFINDUS|Skf Ind (Industrial)|Skf Ind (Industrial) Limited,,INE2J8701016,760101,IIFL_SCRIPMASTER
SKFINDIA,NSE,SKFINDIA.NS,Skf India,SKFINDIA|Skf India|Skf India Limited,,INE640A01023,3186,IIFL_SCRIPMASTER
SKIPPER,NSE,SKIPPER.NS,Skipper,SKIPPER|Skipper|Skipper Limited,,INE439E01022,9428,IIFL_SCRIPMASTER
SKMEGGPROD,NSE,SKMEGGPROD.NS,Skm Egg Prod Export(I) Lt,SKMEGGPROD|Skm Egg Prod Export(I) Lt,,INE411D01023,4732,IIFL_SCRIPMASTER
SKYGOLD,NSE,SKYGOLD.NS,Sky Gold and Diamonds,SKYGOLD|Sky Gold and Diamonds|Sky Gold and Diamonds Limited,,INE01IU01018,13631,IIFL_SCRIPMASTER
SMARTWORKS,NSE,SMARTWORKS.NS,Smartworks Coworking Sp L,SMARTWORKS|Smartworks Coworking Sp L,,INE0NAZ01010,757965,IIFL_SCRIPMASTER
SMCGLOBAL,NSE,SMCGLOBAL.NS,Smc Global Securities,SMCGLOBAL|Smc Global Securities|Smc Global Securities Limited,,INE103C01036,2320,IIFL_SCRIPMASTER
SMLMAH,NSE,SMLMAH.NS,Sml Mahindra,SMLMAH|Sml Mahindra|Sml Mahindra Limited,,INE294B01019,3387,IIFL_SCRIPMASTER
SMSPHARMA,NSE,SMSPHARMA.NS,Sms Pharmaceuticals,SMSPHARMA|Sms Pharmaceuticals|Sms Pharmaceuticals Limited,,INE812G01025,14329,IIFL_SCRIPMASTER
SNOWMAN,NSE,SNOWMAN.NS,Snowman Logistics,SNOWMAN|Snowman Logistics|Snowman Logistics Limited,,INE734N01019,4843,IIFL_SCRIPMASTER
SOBHA,NSE,SOBHA.NS,Sobha,SOBHA|Sobha|Sobha Limited,,INE671H01015,13826,IIFL_SCRIPMASTER
SOLARINDS,NSE,SOLARINDS.NS,Solar Industries (I),SOLARINDS|Solar Industries (I)|Solar Industries (I) Limited,,INE343H01029,13332,IIFL_SCRIPMASTER
SOLARA,NSE,SOLARA.NS,Solara Active Pha Sci,SOLARA|Solara Active Pha Sci|Solara Active Pha Sci Limited,,INE624Z01016,3672,IIFL_SCRIPMASTER
SOLARWORLD,NSE,SOLARWORLD.NS,Solarworld Energy Sol,SOLARWORLD|Solarworld Energy Sol|Solarworld Energy Sol Limited,,INE0TY101024,759929,IIFL_SCRIPMASTER
SOLEX,NSE,SOLEX.NS,Solex Energy,SOLEX|Solex Energy|Solex Energy Limited,,INE880Y01017,759397,IIFL_SCRIPMASTER
SDBL,NSE,SDBL.NS,Som Dist & Brew,SDBL|Som Dist & Brew|Som Dist & Brew Limited,,INE480C01038,1338,IIFL_SCRIPMASTER
SOMATEX,NSE,SOMATEX.NS,Soma Textiles & Indust Lt,SOMATEX|Soma Textiles & Indust Lt,,INE314C01013,4201,IIFL_SCRIPMASTER
SOMANYCERA,NSE,SOMANYCERA.NS,Somany Ceramics,SOMANYCERA|Somany Ceramics|Somany Ceramics Limited,,INE355A01028,3880,IIFL_SCRIPMASTER
SOMICONVEY,NSE,SOMICONVEY.NS,Somi Conveyor Belt.,SOMICONVEY|Somi Conveyor Belt.|Somi Conveyor Belt. Limited,,INE323J01019,17794,IIFL_SCRIPMASTER
SONACOMS,NSE,SONACOMS.NS,Sona Blw Precision Frgs L,SONACOMS|Sona Blw Precision Frgs L,,INE073K01018,4684,IIFL_SCRIPMASTER
SONAL,NSE,SONAL.NS,Sonal Mercantile,SONAL|Sonal Mercantile|Sonal Mercantile Limited,,INE321M01017,762919,IIFL_SCRIPMASTER
SONAMLTD,NSE,SONAMLTD.NS,Sonam,SONAMLTD|Sonam|Sonam Limited,,INE00LM01029,8806,IIFL_SCRIPMASTER
SONATSOFTW,NSE,SONATSOFTW.NS,Sonata Software,SONATSOFTW|Sonata Software|Sonata Software Limited,,INE269A01021,6596,IIFL_SCRIPMASTER
SOUTHWEST,NSE,SOUTHWEST.NS,South West Pinnacle,SOUTHWEST|South West Pinnacle|South West Pinnacle Limited,,INE980Y01015,9678,IIFL_SCRIPMASTER
SPCENET,NSE,SPCENET.NS,Spacenet Enters Ind,SPCENET|Spacenet Enters Ind|Spacenet Enters Ind Limited,,INE970N01027,19372,IIFL_SCRIPMASTER
SPANDANA,NSE,SPANDANA.NS,Spandana Sphoorty Fin,SPANDANA|Spandana Sphoorty Fin|Spandana Sphoorty Fin Limited,,INE572J01011,11435,IIFL_SCRIPMASTER
SPECIALITY,NSE,SPECIALITY.NS,Speciality Rest,SPECIALITY|Speciality Rest|Speciality Rest Limited,,INE247M01014,27107,IIFL_SCRIPMASTER
SPECTRUM,NSE,SPECTRUM.NS,Spectrum Electric Ind,SPECTRUM|Spectrum Electric Ind|Spectrum Electric Ind Limited,,INE01EO01010,30455,IIFL_SCRIPMASTER
SPENCERS,NSE,SPENCERS.NS,Spencer S Retail,SPENCERS|Spencer S Retail|Spencer S Retail Limited,,INE020801028,8163,IIFL_SCRIPMASTER
SPIC,NSE,SPIC.NS,Spic,SPIC|Spic|Spic Limited,,INE147A01011,3252,IIFL_SCRIPMASTER
SPLIL,NSE,SPLIL.NS,Spl Industries,SPLIL|Spl Industries|Spl Industries Limited,,INE978G01016,11935,IIFL_SCRIPMASTER
SPMLINFRA,NSE,SPMLINFRA.NS,Spml Infra,SPMLINFRA|Spml Infra|Spml Infra Limited,,INE937A01023,3321,IIFL_SCRIPMASTER
SPORTKING,NSE,SPORTKING.NS,Sportking India,SPORTKING|Sportking India|Sportking India Limited,,INE885H01029,10733,IIFL_SCRIPMASTER
SRHHYPOLTD,NSE,SRHHYPOLTD.NS,Sree Rayalseema Hhp,SRHHYPOLTD|Sree Rayalseema Hhp|Sree Rayalseema Hhp Limited,,INE917H01012,14582,IIFL_SCRIPMASTER
SREEL,NSE,SREEL.NS,Sreeleathers,SREEL|Sreeleathers|Sreeleathers Limited,,INE099F01013,31837,IIFL_SCRIPMASTER
SRF,NSE,SRF.NS,Srf,SRF|Srf|Srf Limited,,INE647A01010,3273,IIFL_SCRIPMASTER
SRGHFL,NSE,SRGHFL.NS,Srg Housing Finance L,SRGHFL|Srg Housing Finance L,,INE559N01010,18119,IIFL_SCRIPMASTER
HAVISHA,NSE,HAVISHA.NS,Sri Havisha Hosp & Infr L,HAVISHA|Sri Havisha Hosp & Infr L,,INE293B01029,7457,IIFL_SCRIPMASTER
LOTUSDEV,NSE,LOTUSDEV.NS,Sri Lotus Devlprs N Rty L,LOTUSDEV|Sri Lotus Devlprs N Rty L,,INE0V9Q01010,758145,IIFL_SCRIPMASTER
SRM,NSE,SRM.NS,Srm Contractors,SRM|Srm Contractors|Srm Contractors Limited,,INE0R6Z01013,23402,IIFL_SCRIPMASTER
STALLION,NSE,STALLION.NS,Stallion Ind Fluorochem L,STALLION|Stallion Ind Fluorochem L,,INE0RYC01010,29204,IIFL_SCRIPMASTER
SETL,NSE,SETL.NS,Standard Engng Tcnlgy,SETL|Standard Engng Tcnlgy|Standard Engng Tcnlgy Limited,,INE0M4D01010,29075,IIFL_SCRIPMASTER
SIL,NSE,SIL.NS,Standard Industries,SIL|Standard Industries|Standard Industries Limited,,INE173A01025,11297,IIFL_SCRIPMASTER
STANLEY,NSE,STANLEY.NS,Stanley Lifestyles,STANLEY|Stanley Lifestyles|Stanley Lifestyles Limited,,INE01A001028,24226,IIFL_SCRIPMASTER
STARCEMENT,NSE,STARCEMENT.NS,Star Cement,STARCEMENT|Star Cement|Star Cement Limited,,INE460H01021,21091,IIFL_SCRIPMASTER
STARHEALTH,NSE,STARHEALTH.NS,Star Health & Al Ins Co L,STARHEALTH|Star Health & Al Ins Co L,,INE575P01011,7083,IIFL_SCRIPMASTER
STARPAPER,NSE,STARPAPER.NS,Star Paper Mills,STARPAPER|Star Paper Mills|Star Paper Mills Limited,,INE733A01018,3291,IIFL_SCRIPMASTER
STARTECK,NSE,STARTECK.NS,Starteck Finance,STARTECK|Starteck Finance|Starteck Finance Limited,,INE992I01013,9305,IIFL_SCRIPMASTER
SBIN,NSE,SBIN.NS,State Bank of India,SBI|SBIN|State Bank|State Bank of India,,INE062A01020,3045,IIFL_SCRIPMASTER
SAIL,NSE,SAIL.NS,Steel Authority of India,SAIL|Steel Authority of India,,INE114A01011,2963,IIFL_SCRIPMASTER
STEELCITY,NSE,STEELCITY.NS,Steel City Securities,STEELCITY|Steel City Securities|Steel City Securities Limited,,INE395H01011,10406,IIFL_SCRIPMASTER
STEELXIND,NSE,STEELXIND.NS,Steel Exchange India,STEELXIND|Steel Exchange India|Steel Exchange India Limited,,INE503B01021,21339,IIFL_SCRIPMASTER
SSWL,NSE,SSWL.NS,Steel Strips Wheels,SSWL|Steel Strips Wheels|Steel Strips Wheels Limited,,INE802C01033,11829,IIFL_SCRIPMASTER
STEELCAS,NSE,STEELCAS.NS,Steelcast,STEELCAS|Steelcast|Steelcast Limited,,INE124E01038,6803,IIFL_SCRIPMASTER
STEL,NSE,STEL.NS,Stel Holdings,STEL|Stel Holdings|Stel Holdings Limited,,INE577L01016,21484,IIFL_SCRIPMASTER
STERTOOLS,NSE,STERTOOLS.NS,Sterling Tools,STERTOOLS|Sterling Tools|Sterling Tools Limited,,INE334A01023,4299,IIFL_SCRIPMASTER
SGL,NSE,SGL.NS,Stl Global,SGL|Stl Global|Stl Global Limited,,INE353H01010,13367,IIFL_SCRIPMASTER
STOVEKRAFT,NSE,STOVEKRAFT.NS,Stove Kraft,STOVEKRAFT|Stove Kraft|Stove Kraft Limited,,INE00IN01015,2107,IIFL_SCRIPMASTER
STAR,NSE,STAR.NS,Strides Pharma Sci,STAR|Strides Pharma Sci|Strides Pharma Sci Limited,,INE939A01011,7374,IIFL_SCRIPMASTER
SWSOLAR,NSE,SWSOLAR.NS,Strlng & Wil Ren Ene,SWSOLAR|Strlng & Wil Ren Ene|Strlng & Wil Ren Ene Limited,,INE00M201021,12489,IIFL_SCRIPMASTER
STUDDS,NSE,STUDDS.NS,Studds Accessories,STUDDS|Studds Accessories|Studds Accessories Limited,,INE00Q601028,759587,IIFL_SCRIPMASTER
STYLAMIND,NSE,STYLAMIND.NS,Stylam Industries,STYLAMIND|Stylam Industries|Stylam Industries Limited,,INE239C01020,5186,IIFL_SCRIPMASTER
STYRENIX,NSE,STYRENIX.NS,Styrenix Performance,STYRENIX|Styrenix Performance|Styrenix Performance Limited,,INE189B01011,19,IIFL_SCRIPMASTER
SUBROS,NSE,SUBROS.NS,Subros,SUBROS|Subros|Subros Limited,,INE287B01021,3324,IIFL_SCRIPMASTER
SUDARSCHEM,NSE,SUDARSCHEM.NS,Sudarshan Chemical Inds L,SUDARSCHEM|Sudarshan Chemical Inds L,,INE659A01023,3327,IIFL_SCRIPMASTER
SUDARCOLOR,NSE,SUDARCOLOR.NS,Sudarshan Colornt Ind,SUDARCOLOR|Sudarshan Colornt Ind|Sudarshan Colornt Ind Limited,,INE492A01029,715,IIFL_SCRIPMASTER
SUDEEPPHRM,NSE,SUDEEPPHRM.NS,Sudeep Pharma,SUDEEPPHRM|Sudeep Pharma|Sudeep Pharma Limited,,INE0QPI01025,760039,IIFL_SCRIPMASTER
SUKHJITS,NSE,SUKHJITS.NS,Sukhjit Starch & Chem,SUKHJITS|Sukhjit Starch & Chem|Sukhjit Starch & Chem Limited,,INE450E01029,11804,IIFL_SCRIPMASTER
SULA,NSE,SULA.NS,Sula Vineyards,SULA|Sula Vineyards|Sula Vineyards Limited,,INE142Q01026,13218,IIFL_SCRIPMASTER
SUMEETINDS,NSE,SUMEETINDS.NS,Sumeet Ind,SUMEETINDS|Sumeet Ind|Sumeet Ind Limited,,INE235C01036,20790,IIFL_SCRIPMASTER
SUMICHEM,NSE,SUMICHEM.NS,Sumitomo Chem India,SUMICHEM|Sumitomo Chem India|Sumitomo Chem India Limited,,INE258G01013,17105,IIFL_SCRIPMASTER
SUMMITSEC,NSE,SUMMITSEC.NS,Summit Securities,SUMMITSEC|Summit Securities|Summit Securities Limited,,INE519C01017,21275,IIFL_SCRIPMASTER
SPARC,NSE,SPARC.NS,Sun Pharma Adv.Res.Co.,SPARC|Sun Pharma Adv.Res.Co.|Sun Pharma Adv.Res.Co.Limited,,INE232I01014,14788,IIFL_SCRIPMASTER
SUNPHARMA,NSE,SUNPHARMA.NS,Sun Pharmaceutical Ind L,SUNPHARMA|Sun Pharmaceutical Ind L,,INE044A01036,3351,IIFL_SCRIPMASTER
SUNTV,NSE,SUNTV.NS,Sun Tv Network,SUNTV|Sun Tv Network|Sun Tv Network Limited,,INE424H01027,13404,IIFL_SCRIPMASTER
SUNDRMBRAK,NSE,SUNDRMBRAK.NS,Sundaram Brak Linings,SUNDRMBRAK|Sundaram Brak Linings|Sundaram Brak Linings Limited,,INE073D01013,4179,IIFL_SCRIPMASTER
SUNCLAY,NSE,SUNCLAY.NS,Sundaram Clayton,SUNCLAY|Sundaram Clayton|Sundaram Clayton Limited,,INE0Q3R01026,20956,IIFL_SCRIPMASTER
SUNDARMFIN,NSE,SUNDARMFIN.NS,Sundaram Finance,SUNDARMFIN|Sundaram Finance|Sundaram Finance Limited,,INE660A01013,3339,IIFL_SCRIPMASTER
SUNDARAM,NSE,SUNDARAM.NS,Sundaram Multi Pap,SUNDARAM|Sundaram Multi Pap|Sundaram Multi Pap Limited,,INE108E01023,18931,IIFL_SCRIPMASTER
SUNDRMFAST,NSE,SUNDRMFAST.NS,Sundram Fasteners,SUNDRMFAST|Sundram Fasteners|Sundram Fasteners Limited,,INE387A01021,3345,IIFL_SCRIPMASTER
SUNDROP,NSE,SUNDROP.NS,Sundrop Brands,SUNDROP|Sundrop Brands|Sundrop Brands Limited,,INE209A01019,1663,IIFL_SCRIPMASTER
SUNFLAG,NSE,SUNFLAG.NS,Sunflag Iron and Steel Co,SUNFLAG|Sunflag Iron and Steel Co,,INE947A01014,3348,IIFL_SCRIPMASTER
SUNTECK,NSE,SUNTECK.NS,Sunteck Realty,SUNTECK|Sunteck Realty|Sunteck Realty Limited,,INE805D01034,17641,IIFL_SCRIPMASTER
SUPERSPIN,NSE,SUPERSPIN.NS,Super Spinning Mills,SUPERSPIN|Super Spinning Mills|Super Spinning Mills Limited,,INE662A01027,3357,IIFL_SCRIPMASTER
SUPERHOUSE,NSE,SUPERHOUSE.NS,Superhouse,SUPERHOUSE|Superhouse|Superhouse Limited,,INE712B01010,20616,IIFL_SCRIPMASTER
SUPRAJIT,NSE,SUPRAJIT.NS,Suprajit Engineering,SUPRAJIT|Suprajit Engineering|Suprajit Engineering Limited,,INE399C01030,11689,IIFL_SCRIPMASTER
SUPREME,NSE,SUPREME.NS,Supreme Holdin N Hosp I L,SUPREME|Supreme Holdin N Hosp I L,,INE822E01011,29439,IIFL_SCRIPMASTER
SUPREMEIND,NSE,SUPREMEIND.NS,Supreme Industries,SUPREMEIND|Supreme Industries|Supreme Industries Limited,,INE195A01028,3363,IIFL_SCRIPMASTER
SUPREMEINF,NSE,SUPREMEINF.NS,Supreme Infra.,SUPREMEINF|Supreme Infra.|Supreme Infra. Limited,,INE550H01011,15002,IIFL_SCRIPMASTER
SPLPETRO,NSE,SPLPETRO.NS,Supreme Petrochem,SPLPETRO|Supreme Petrochem|Supreme Petrochem Limited,,INE663A01033,9617,IIFL_SCRIPMASTER
SUPRIYA,NSE,SUPRIYA.NS,Supriya Lifescience,SUPRIYA|Supriya Lifescience|Supriya Lifescience Limited,,INE07RO01027,7390,IIFL_SCRIPMASTER
SURAJLTD,NSE,SURAJLTD.NS,Suraj,SURAJLTD|Suraj|Suraj Limited,,INE713C01016,24966,IIFL_SCRIPMASTER
SURAJEST,NSE,SURAJEST.NS,Suraj Estate Developers L,SURAJEST|Suraj Estate Developers L,,INE843S01025,20822,IIFL_SCRIPMASTER
SURAKSHA,NSE,SURAKSHA.NS,Suraksha Diagnostic,SURAKSHA|Suraksha Diagnostic|Suraksha Diagnostic Limited,,INE877V01027,27334,IIFL_SCRIPMASTER
SURANASOL,NSE,SURANASOL.NS,Surana Solar,SURANASOL|Surana Solar|Surana Solar Limited,,INE272L01022,21077,IIFL_SCRIPMASTER
SURANAT&P,NSE,SURANAT&P.NS,Surana Telecom and Pow Lt,SURANAT&P|Surana Telecom and Pow Lt,,INE130B01031,10700,IIFL_SCRIPMASTER
SBGLP,NSE,SBGLP.NS,Suratwwala Bus Group,SBGLP|Suratwwala Bus Group|Suratwwala Bus Group Limited,,INE05ST01028,14139,IIFL_SCRIPMASTER
SURYAROSNI,NSE,SURYAROSNI.NS,Surya Roshni,SURYAROSNI|Surya Roshni|Surya Roshni Limited,,INE335A01020,3375,IIFL_SCRIPMASTER
SURYALAXMI,NSE,SURYALAXMI.NS,Suryalakshmi Cot Mil,SURYALAXMI|Suryalakshmi Cot Mil|Suryalakshmi Cot Mil Limited,,INE713B01026,11852,IIFL_SCRIPMASTER
SURYALA,NSE,SURYALA.NS,Suryalata Spinning Mill L,SURYALA|Suryalata Spinning Mill L,,INE132C01027,762924,IIFL_SCRIPMASTER
SURYODAY,NSE,SURYODAY.NS,Suryoday Small Fin Bk,SURYODAY|Suryoday Small Fin Bk|Suryoday Small Fin Bk Limited,,INE428Q01011,2970,IIFL_SCRIPMASTER
SUTLEJTEX,NSE,SUTLEJTEX.NS,Sutlej Text & Indus,SUTLEJTEX|Sutlej Text & Indus|Sutlej Text & Indus Limited,,INE645H01027,13801,IIFL_SCRIPMASTER
SUVEN,NSE,SUVEN.NS,Suven Life Sciences,SUVEN|Suven Life Sciences|Suven Life Sciences Limited,,INE495B01038,11233,IIFL_SCRIPMASTER
SUVIDHAA,NSE,SUVIDHAA.NS,Suvidhaa Infoserve,SUVIDHAA|Suvidhaa Infoserve|Suvidhaa Infoserve Limited,,INE018401013,2998,IIFL_SCRIPMASTER
SUYOG,NSE,SUYOG.NS,Suyog Telematics,SUYOG|Suyog Telematics|Suyog Telematics Limited,,INE442P01014,24851,IIFL_SCRIPMASTER
SUZLON,NSE,SUZLON.NS,Suzlon Energy,SUZLON|Suzlon Energy|Suzlon Energy Limited,,INE040H01021,12018,IIFL_SCRIPMASTER
SWANCORP,NSE,SWANCORP.NS,Swan Corp,SWANCORP|Swan Corp|Swan Corp Limited,,INE665A01038,27095,IIFL_SCRIPMASTER
SWARAJENG,NSE,SWARAJENG.NS,Swaraj Engines,SWARAJENG|Swaraj Engines|Swaraj Engines Limited,,INE277A01016,3384,IIFL_SCRIPMASTER
SWELECTES,NSE,SWELECTES.NS,Swelect Energy Sys,SWELECTES|Swelect Energy Sys|Swelect Energy Sys Limited,,INE409B01013,11909,IIFL_SCRIPMASTER
SWIGGY,NSE,SWIGGY.NS,Swiggy,SWIGGY|Swiggy|Swiggy Limited,,INE00H001014,27066,IIFL_SCRIPMASTER
SYMPHONY,NSE,SYMPHONY.NS,Symphony,SYMPHONY|Symphony|Symphony Limited,,INE225D01027,24190,IIFL_SCRIPMASTER
SYNCOMF,NSE,SYNCOMF.NS,Syncom Formu (I),SYNCOMF|Syncom Formu (I)|Syncom Formu (I) Limited,,INE312C01025,11992,IIFL_SCRIPMASTER
SGIL,NSE,SGIL.NS,Synergy Green Ind.,SGIL|Synergy Green Ind.|Synergy Green Ind. Limited,,INE00QT01015,5114,IIFL_SCRIPMASTER
SYNGENE,NSE,SYNGENE.NS,Syngene International,SYNGENE|Syngene International|Syngene International Limited,,INE398R01022,10243,IIFL_SCRIPMASTER
SYRMA,NSE,SYRMA.NS,Syrma Sgs Technology,SYRMA|Syrma Sgs Technology|Syrma Sgs Technology Limited,,INE0DYJ01015,10793,IIFL_SCRIPMASTER
SYSTMTXC,NSE,SYSTMTXC.NS,Systematix Corp Service L,SYSTMTXC|Systematix Corp Service L,,INE356B01024,759355,IIFL_SCRIPMASTER
TTL,NSE,TTL.NS,T T,T T|T T Limited|TTL,,INE592B01024,14314,IIFL_SCRIPMASTER
TCS,NSE,TCS.NS,TCS,TCS|Tata Consultancy Serv Lt|Tata Consultancy Services|Tata Consultancy Services Limited,,INE467B01029,11536,IIFL_SCRIPMASTER
TAALTECH,NSE,TAALTECH.NS,Taal Tech,TAALTECH|Taal Tech|Taal Tech Limited,,INE524T01011,762929,IIFL_SCRIPMASTER
TAINWALCHM,NSE,TAINWALCHM.NS,Tainwala Chemical and Pla,TAINWALCHM|Tainwala Chemical and Pla,,INE123C01018,3396,IIFL_SCRIPMASTER
TAJGVK,NSE,TAJGVK.NS,Taj Gvk Hotels & Resorts,TAJGVK|Taj Gvk Hotels & Resorts,,INE586B01026,9354,IIFL_SCRIPMASTER
TALBROAUTO,NSE,TALBROAUTO.NS,Talbros Auto. Comp.,TALBROAUTO|Talbros Auto. Comp.|Talbros Auto. Comp. Limited,,INE187D01029,13648,IIFL_SCRIPMASTER
TAMBOLIIN,NSE,TAMBOLIIN.NS,Tamboli Industries,TAMBOLIIN|Tamboli Industries|Tamboli Industries Limited,,INE864J01012,762934,IIFL_SCRIPMASTER
TMB,NSE,TMB.NS,Tamilnad Merca Bank,TMB|Tamilnad Merca Bank|Tamilnad Merca Bank Limited,,INE668A01016,10945,IIFL_SCRIPMASTER
TNPL,NSE,TNPL.NS,Tamilnadu Newsprt & Paper,TNPL|Tamilnadu Newsprt & Paper,,INE107A01015,3980,IIFL_SCRIPMASTER
TNPETRO,NSE,TNPETRO.NS,Tamilnadu Petroproducts L,TNPETRO|Tamilnadu Petroproducts L,,INE148A01019,3509,IIFL_SCRIPMASTER
TNTELE,NSE,TNTELE.NS,Tamilnadu Telecommunicati,TNTELE|Tamilnadu Telecommunicati,,INE141D01018,3512,IIFL_SCRIPMASTER
TANLA,NSE,TANLA.NS,Tanla Platforms,TANLA|Tanla Platforms|Tanla Platforms Limited,,INE483C01032,13976,IIFL_SCRIPMASTER
TARACHAND,NSE,TARACHAND.NS,Tara Chand Infra Soln,TARACHAND|Tara Chand Infra Soln|Tara Chand Infra Soln Limited,,INE555Z01020,23512,IIFL_SCRIPMASTER
TARAPUR,NSE,TARAPUR.NS,Tarapur Transformers,TARAPUR|Tarapur Transformers|Tarapur Transformers Limited,,INE747K01017,18827,IIFL_SCRIPMASTER
TARC,NSE,TARC.NS,Tarc,TARC|Tarc|Tarc Limited,,INE0EK901012,1581,IIFL_SCRIPMASTER
TARMAT,NSE,TARMAT.NS,Tarmat,TARMAT|Tarmat|Tarmat Limited,,INE924H01018,14771,IIFL_SCRIPMASTER
TARSONS,NSE,TARSONS.NS,Tarsons Products,TARSONS|Tarsons Products|Tarsons Products Limited,,INE144Z01023,6943,IIFL_SCRIPMASTER
TASTYBITE,NSE,TASTYBITE.NS,Tasty Bite Eatables,TASTYBITE|Tasty Bite Eatables|Tasty Bite Eatables Limited,,INE488B01017,20092,IIFL_SCRIPMASTER
TATACAP,NSE,TATACAP.NS,Tata Capital,TATACAP|Tata Capital|Tata Capital Limited,,INE976I01016,759265,IIFL_SCRIPMASTER
TATACHEM,NSE,TATACHEM.NS,Tata Chemicals,TATACHEM|Tata Chemicals|Tata Chemicals Limited,,INE092A01019,3405,IIFL_SCRIPMASTER
TATACOMM,NSE,TATACOMM.NS,Tata Communications,TATACOMM|Tata Communications|Tata Communications Limited,,INE151A01013,3721,IIFL_SCRIPMASTER
TATACONSUM,NSE,TATACONSUM.NS,Tata Consumer Product,TATACONSUM|Tata Consumer Product|Tata Consumer Product Limited,,INE192A01025,3432,IIFL_SCRIPMASTER
TATAELXSI,NSE,TATAELXSI.NS,Tata Elxsi,TATAELXSI|Tata Elxsi|Tata Elxsi Limited,,INE670A01012,3411,IIFL_SCRIPMASTER
TATAINVEST,NSE,TATAINVEST.NS,Tata Investment Corp,TATAINVEST|Tata Investment Corp|Tata Investment Corp Limited,,INE672A01026,1621,IIFL_SCRIPMASTER
TMCV,NSE,TMCV.NS,Tata Motors,TMCV|Tata Motors|Tata Motors Limited,,INE1TAE01010,759782,IIFL_SCRIPMASTER
TMPV,NSE,TMPV.NS,Tata Motors Pass Veh,TMPV|Tata Motors Pass Veh|Tata Motors Pass Veh Limited,,INE155A01022,3456,IIFL_SCRIPMASTER
TATAPOWER,NSE,TATAPOWER.NS,Tata Power Co,TATAPOWER|Tata Power Co|Tata Power Co Limited,,INE245A01021,3426,IIFL_SCRIPMASTER
TATASTEEL,NSE,TATASTEEL.NS,Tata Steel,TATASTEEL|Tata Steel|Tata Steel Limited,,INE081A01020,3499,IIFL_SCRIPMASTER
TATATECH,NSE,TATATECH.NS,Tata Technologies,TATATECH|Tata Technologies|Tata Technologies Limited,,INE142M01025,20293,IIFL_SCRIPMASTER
TTML,NSE,TTML.NS,Tata Teleserv(Maharastra),TTML|Tata Teleserv(Maharastra),,INE517B01013,8954,IIFL_SCRIPMASTER
NETF,NSE,NETF.NS,Tataaml - Netf,NETF|Tataaml - Netf,,INF277K015R5,7838,IIFL_SCRIPMASTER
NPBET,NSE,NPBET.NS,Tataaml - Npbet,NPBET|Tataaml - Npbet,,INF277K010X4,12978,IIFL_SCRIPMASTER
TNIDETF,NSE,TNIDETF.NS,Tataaml - Tnidetf,TNIDETF|Tataaml - Tnidetf,,INF277KA1364,8882,IIFL_SCRIPMASTER
TATAGOLD,NSE,TATAGOLD.NS,Tataaml-Tatagold,TATAGOLD|Tataaml-Tatagold,,INF277KA1976,21401,IIFL_SCRIPMASTER
TATSILV,NSE,TATSILV.NS,Tataaml-Tatsilv,TATSILV|Tataaml-Tatsilv,,INF277KA1984,21428,IIFL_SCRIPMASTER
TATVA,NSE,TATVA.NS,Tatva Chin Pharm Chem,TATVA|Tatva Chin Pharm Chem|Tatva Chin Pharm Chem Limited,,INE0GK401011,5162,IIFL_SCRIPMASTER
TBOTEK,NSE,TBOTEK.NS,Tbo Tek,TBOTEK|Tbo Tek|Tbo Tek Limited,,INE673O01025,23740,IIFL_SCRIPMASTER
TCC,NSE,TCC.NS,Tcc Concept,TCC|Tcc Concept|Tcc Concept Limited,,INE887D01016,761814,IIFL_SCRIPMASTER
TCIEXP,NSE,TCIEXP.NS,Tci Express,TCIEXP|Tci Express|Tci Express Limited,,INE586V01016,19223,IIFL_SCRIPMASTER
TCIFINANCE,NSE,TCIFINANCE.NS,Tci Finance,TCIFINANCE|Tci Finance|Tci Finance Limited,,INE911B01018,4771,IIFL_SCRIPMASTER
TCPLPACK,NSE,TCPLPACK.NS,Tcpl Packaging,TCPLPACK|Tcpl Packaging|Tcpl Packaging Limited,,INE822C01015,184,IIFL_SCRIPMASTER
TDPOWERSYS,NSE,TDPOWERSYS.NS,Td Power Systems,TDPOWERSYS|Td Power Systems|Td Power Systems Limited,,INE419M01027,25178,IIFL_SCRIPMASTER
TEAMGTY,NSE,TEAMGTY.NS,Team India Guaranty,TEAMGTY|Team India Guaranty|Team India Guaranty Limited,,INE289C01025,10717,IIFL_SCRIPMASTER
TEAMLEASE,NSE,TEAMLEASE.NS,Teamlease Services,TEAMLEASE|Teamlease Services|Teamlease Services Limited,,INE985S01024,12716,IIFL_SCRIPMASTER
TPHQ,NSE,TPHQ.NS,Teamo Productions Hq,TPHQ|Teamo Productions Hq|Teamo Productions Hq Limited,,INE065J01024,16996,IIFL_SCRIPMASTER
TECHM,NSE,TECHM.NS,Tech Mahindra,TECHM|Tech Mahindra|Tech Mahindra Limited,,INE669C01036,13538,IIFL_SCRIPMASTER
TECHNOE,NSE,TECHNOE.NS,Techno Elec & Eng Co.,TECHNOE|Techno Elec & Eng Co.|Techno Elec & Eng Co. Limited,,INE285K01026,6445,IIFL_SCRIPMASTER
TIIL,NSE,TIIL.NS,Technocraft Ind,TIIL|Technocraft Ind|Technocraft Ind Limited,,INE545H01011,14223,IIFL_SCRIPMASTER
TECHNVISN,NSE,TECHNVISN.NS,Technvision Ventures,TECHNVISN|Technvision Ventures|Technvision Ventures Limited,,INE314H01012,762939,IIFL_SCRIPMASTER
TECILCHEM,NSE,TECILCHEM.NS,Tecil Chemicals,TECILCHEM|Tecil Chemicals,,INE014B01011,3453,IIFL_SCRIPMASTER
TEGA,NSE,TEGA.NS,Tega Industries,TEGA|Tega Industries|Tega Industries Limited,,INE011K01018,7105,IIFL_SCRIPMASTER
TEJASNET,NSE,TEJASNET.NS,Tejas Networks,TEJASNET|Tejas Networks|Tejas Networks Limited,,INE010J01012,21131,IIFL_SCRIPMASTER
TEMBO,NSE,TEMBO.NS,Tembo Global Ind,TEMBO|Tembo Global Ind|Tembo Global Ind Limited,,INE869Y01010,3275,IIFL_SCRIPMASTER
TENNIND,NSE,TENNIND.NS,Tenneco Clean Air India L,TENNIND|Tenneco Clean Air India L,,INE19RI01016,759880,IIFL_SCRIPMASTER
TERASOFT,NSE,TERASOFT.NS,Tera Software,TERASOFT|Tera Software|Tera Software Limited,,INE482B01010,19292,IIFL_SCRIPMASTER
TEXINFRA,NSE,TEXINFRA.NS,Texmaco Infra & Holdg,TEXINFRA|Texmaco Infra & Holdg|Texmaco Infra & Holdg Limited,,INE435C01024,11549,IIFL_SCRIPMASTER
TEXRAIL,NSE,TEXRAIL.NS,Texmaco Rail & Eng.,TEXRAIL|Texmaco Rail & Eng.|Texmaco Rail & Eng. Limited,,INE621L01012,21828,IIFL_SCRIPMASTER
TEXMOPIPES,NSE,TEXMOPIPES.NS,Texmo Pipe & Products,TEXMOPIPES|Texmo Pipe & Products|Texmo Pipe & Products Limited,,INE141K01013,18214,IIFL_SCRIPMASTER
TGBHOTELS,NSE,TGBHOTELS.NS,Tgb Banquets&Hotels,TGBHOTELS|Tgb Banquets&Hotels|Tgb Banquets&Hotels Limited,,INE797H01018,14607,IIFL_SCRIPMASTER
THACKER,NSE,THACKER.NS,Thacker & Co.,THACKER|Thacker & Co.|Thacker & Co. Limited,,INE077P01034,762944,IIFL_SCRIPMASTER
THAKDEV,NSE,THAKDEV.NS,Thakkers Developers,THAKDEV|Thakkers Developers|Thakkers Developers Limited,,INE403F01017,762949,IIFL_SCRIPMASTER
THANGAMAYL,NSE,THANGAMAYL.NS,Thangamayil Jewellery,THANGAMAYL|Thangamayil Jewellery|Thangamayil Jewellery Limited,,INE085J01014,18118,IIFL_SCRIPMASTER
ANUP,NSE,ANUP.NS,The Anup Engineering,ANUP|The Anup Engineering|The Anup Engineering Limited,,INE294Z01018,9014,IIFL_SCRIPMASTER
BYKE,NSE,BYKE.NS,The Byke Hospitality,BYKE|The Byke Hospitality|The Byke Hospitality Limited,,INE319B01014,7919,IIFL_SCRIPMASTER
GESHIP,NSE,GESHIP.NS,The Ge Shpg.,GESHIP|The Ge Shpg.|The Ge Shpg.Limited,,INE017A01032,13776,IIFL_SCRIPMASTER
GROBTEA,NSE,GROBTEA.NS,The Grob Tea Company,GROBTEA|The Grob Tea Company|The Grob Tea Company Limited,,INE646C01018,17770,IIFL_SCRIPMASTER
INDIACEM,NSE,INDIACEM.NS,The India Cements,INDIACEM|The India Cements|The India Cements Limited,,INE383A01012,1515,IIFL_SCRIPMASTER
INDHOTEL,NSE,INDHOTEL.NS,The Indian Hotels Co.,INDHOTEL|The Indian Hotels Co.|The Indian Hotels Co. Limited,,INE053A01029,1512,IIFL_SCRIPMASTER
THEINVEST,NSE,THEINVEST.NS,The Invest Trust of Ind L,THEINVEST|The Invest Trust of Ind L,,INE924D01017,21427,IIFL_SCRIPMASTER
NIACL,NSE,NIACL.NS,The New India Assu Co,NIACL|The New India Assu Co|The New India Assu Co Limited,,INE470Y01017,399,IIFL_SCRIPMASTER
PKTEA,NSE,PKTEA.NS,The P K Tea Prod Co,PKTEA|The P K Tea Prod Co|The P K Tea Prod Co Limited,,INE431F01018,10321,IIFL_SCRIPMASTER
PHOENIXLTD,NSE,PHOENIXLTD.NS,The Phoenix Mills,PHOENIXLTD|The Phoenix Mills|The Phoenix Mills Limited,,INE211B01039,14552,IIFL_SCRIPMASTER
RAMCOCEM,NSE,RAMCOCEM.NS,The Ramco Cements,RAMCOCEM|The Ramco Cements|The Ramco Cements Limited,,INE331A01037,2043,IIFL_SCRIPMASTER
RUBYMILLS,NSE,RUBYMILLS.NS,The Ruby Mills,RUBYMILLS|The Ruby Mills|The Ruby Mills Limited,,INE301D01026,2939,IIFL_SCRIPMASTER
SOUTHBANK,NSE,SOUTHBANK.NS,The South Indian Bank,SOUTHBANK|The South Indian Bank|The South Indian Bank Limited,,INE683A01023,5948,IIFL_SCRIPMASTER
STCINDIA,NSE,STCINDIA.NS,The State Trading Corpn,STCINDIA|The State Trading Corpn,,INE655A01013,10948,IIFL_SCRIPMASTER
UGARSUGAR,NSE,UGARSUGAR.NS,The Ugar Sugar Works,The Ugar Sugar Works|The Ugar Sugar Works Limited|UGARSUGAR,,INE071E01023,19578,IIFL_SCRIPMASTER
WIPL,NSE,WIPL.NS,The Western India Ply,The Western India Ply|The Western India Ply Limited|WIPL,,INE215F01023,20481,IIFL_SCRIPMASTER
THEJO,NSE,THEJO.NS,Thejo Engineering,THEJO|Thejo Engineering|Thejo Engineering Limited,,INE121N01019,19279,IIFL_SCRIPMASTER
THEMISMED,NSE,THEMISMED.NS,Themis Medicare,THEMISMED|Themis Medicare|Themis Medicare Limited,,INE083B01024,14485,IIFL_SCRIPMASTER
THERMAX,NSE,THERMAX.NS,Thermax,THERMAX|Thermax|Thermax Limited,,INE152A01029,3475,IIFL_SCRIPMASTER
TIRUMALCHM,NSE,TIRUMALCHM.NS,Thirumalai Chemicals,TIRUMALCHM|Thirumalai Chemicals|Thirumalai Chemicals Limited,,INE338A01024,3496,IIFL_SCRIPMASTER
THOMASCOOK,NSE,THOMASCOOK.NS,Thomas Cook (India),THOMASCOOK|Thomas Cook (India)|Thomas Cook (India) Limited,,INE332A01027,3481,IIFL_SCRIPMASTER
THOMASCOTT,NSE,THOMASCOTT.NS,Thomas Scott (India),THOMASCOTT|Thomas Scott (India)|Thomas Scott (India) Limited,,INE480M01011,31017,IIFL_SCRIPMASTER
THYROCARE,NSE,THYROCARE.NS,Thyrocare Tech,THYROCARE|Thyrocare Tech|Thyrocare Tech Limited,,INE594H01019,17032,IIFL_SCRIPMASTER
TIL,NSE,TIL.NS,Til,TIL|Til|Til Limited,,INE806C01018,3484,IIFL_SCRIPMASTER
TI,NSE,TI.NS,Tilaknagar Industries,TI|Tilaknagar Industries|Tilaknagar Industries Limited,,INE133E01013,19196,IIFL_SCRIPMASTER
TIMETECHNO,NSE,TIMETECHNO.NS,Time Technoplast,TIMETECHNO|Time Technoplast|Time Technoplast Limited,,INE508G01029,14707,IIFL_SCRIPMASTER
TIMEX,NSE,TIMEX.NS,Timex Group India,TIMEX|Timex Group India|Timex Group India Limited,,INE064A01026,762954,IIFL_SCRIPMASTER
TIMKEN,NSE,TIMKEN.NS,Timken India,TIMKEN|Timken India|Timken India Limited,,INE325A01013,14198,IIFL_SCRIPMASTER
TINNARUBR,NSE,TINNARUBR.NS,Tinna Rubber and Infr,TINNARUBR|Tinna Rubber and Infr|Tinna Rubber and Infr Limited,,INE015C01016,756020,IIFL_SCRIPMASTER
TIPSFILMS,NSE,TIPSFILMS.NS,Tips Films,TIPSFILMS|Tips Films|Tips Films Limited,,INE0LQS01015,11374,IIFL_SCRIPMASTER
TIPSMUSIC,NSE,TIPSMUSIC.NS,Tips Music,TIPSMUSIC|Tips Music|Tips Music Limited,,INE716B01029,9117,IIFL_SCRIPMASTER
TITAGARH,NSE,TITAGARH.NS,Titagarh Rail Systems,TITAGARH|Titagarh Rail Systems|Titagarh Rail Systems Limited,,INE615H01020,15414,IIFL_SCRIPMASTER
TITAN,NSE,TITAN.NS,Titan Company,TITAN|Titan|Titan Company|Titan Company Limited,,INE280A01028,3506,IIFL_SCRIPMASTER
TOLINS,NSE,TOLINS.NS,Tolins Tyres,TOLINS|Tolins Tyres|Tolins Tyres Limited,,INE0RWQ01014,25262,IIFL_SCRIPMASTER
TORNTPHARM,NSE,TORNTPHARM.NS,Torrent Pharmaceuticals L,TORNTPHARM|Torrent Pharmaceuticals L,,INE685A01028,3518,IIFL_SCRIPMASTER
TORNTPOWER,NSE,TORNTPOWER.NS,Torrent Power,TORNTPOWER|Torrent Power|Torrent Power Limited,,INE813H01021,13786,IIFL_SCRIPMASTER
TOTAL,NSE,TOTAL.NS,Total Transport Sys,TOTAL|Total Transport Sys|Total Transport Sys Limited,,INE336X01012,22423,IIFL_SCRIPMASTER
TOUCHWOOD,NSE,TOUCHWOOD.NS,Touchwood Entertain,TOUCHWOOD|Touchwood Entertain|Touchwood Entertain Limited,,INE486Y01013,16908,IIFL_SCRIPMASTER
TFCILTD,NSE,TFCILTD.NS,Tourism Finance Corp. Of,TFCILTD|Tourism Finance Corp. Of,,INE305A01023,3466,IIFL_SCRIPMASTER
TPLPLASTEH,NSE,TPLPLASTEH.NS,Tpl Plastech,TPLPLASTEH|Tpl Plastech|Tpl Plastech Limited,,INE413G01022,9219,IIFL_SCRIPMASTER
TRACXN,NSE,TRACXN.NS,Tracxn Technologies,TRACXN|Tracxn Technologies|Tracxn Technologies Limited,,INE0HMF01019,11582,IIFL_SCRIPMASTER
TARIL,NSE,TARIL.NS,Trans & Recti.,TARIL|Trans & Recti.|Trans & Recti. Limited,,INE763I01026,15174,IIFL_SCRIPMASTER
TREL,NSE,TREL.NS,Transindia Real Estate L,TREL|Transindia Real Estate L,,INE0O3901029,17795,IIFL_SCRIPMASTER
TRANSPEK,NSE,TRANSPEK.NS,Transpek Industry,TRANSPEK|Transpek Industry|Transpek Industry Limited,,INE687A01016,3531,IIFL_SCRIPMASTER
TCI,NSE,TCI.NS,Transport Corpn of India,TCI|Transport Corpn of India,,INE688A01022,10580,IIFL_SCRIPMASTER
TRANSRAILL,NSE,TRANSRAILL.NS,Transrail Lighting,TRANSRAILL|Transrail Lighting|Transrail Lighting Limited,,INE454P01035,28714,IIFL_SCRIPMASTER
TFL,NSE,TFL.NS,Transwarranty Fin.,TFL|Transwarranty Fin.|Transwarranty Fin. Limited,,INE804H01012,14319,IIFL_SCRIPMASTER
TRANSWORLD,NSE,TRANSWORLD.NS,Transworld Ship Lines,TRANSWORLD|Transworld Ship Lines|Transworld Ship Lines Limited,,INE757B01015,3129,IIFL_SCRIPMASTER
TRAVELFOOD,NSE,TRAVELFOOD.NS,Travel Food Services,TRAVELFOOD|Travel Food Services|Travel Food Services Limited,,INE103V01028,757545,IIFL_SCRIPMASTER
TREEHOUSE,NSE,TREEHOUSE.NS,Tree House Edu,TREEHOUSE|Tree House Edu|Tree House Edu Limited,,INE040M01013,25082,IIFL_SCRIPMASTER
TREJHARA,NSE,TREJHARA.NS,Trejhara Solutions,TREJHARA|Trejhara Solutions|Trejhara Solutions Limited,,INE00CA01015,7518,IIFL_SCRIPMASTER
TRENT,NSE,TRENT.NS,Trent,TRENT|Trent|Trent Limited,,INE849A01020,1964,IIFL_SCRIPMASTER
TRF,NSE,TRF.NS,Trf,TRF|Trf|Trf Limited,,INE391D01019,17987,IIFL_SCRIPMASTER
TBZ,NSE,TBZ.NS,Trib Bhimji Zaveri,TBZ|Trib Bhimji Zaveri|Trib Bhimji Zaveri Limited,,INE760L01018,27037,IIFL_SCRIPMASTER
TRIDENT,NSE,TRIDENT.NS,Trident,TRIDENT|Trident|Trident Limited,,INE064C01022,9685,IIFL_SCRIPMASTER
TRIGYN,NSE,TRIGYN.NS,Trigyn Technologies,TRIGYN|Trigyn Technologies|Trigyn Technologies Limited,,INE948A01012,5428,IIFL_SCRIPMASTER
TRIVENI,NSE,TRIVENI.NS,Triveni Engg. & Inds.,TRIVENI|Triveni Engg. & Inds.|Triveni Engg. & Inds. Limited,,INE256C01024,13081,IIFL_SCRIPMASTER
TRITURBINE,NSE,TRITURBINE.NS,Triveni Turbine,TRITURBINE|Triveni Turbine|Triveni Turbine Limited,,INE152M01016,25584,IIFL_SCRIPMASTER
TRUALT,NSE,TRUALT.NS,Trualt Bioenergy,TRUALT|Trualt Bioenergy|Trualt Bioenergy Limited,,INE0MWH01014,759210,IIFL_SCRIPMASTER
TRU,NSE,TRU.NS,Trucap Finance,TRU|Trucap Finance|Trucap Finance Limited,,INE615R01029,9378,IIFL_SCRIPMASTER
TSFINV,NSE,TSFINV.NS,Tsf Investments,TSFINV|Tsf Investments|Tsf Investments Limited,,INE202Z01029,2183,IIFL_SCRIPMASTER
TTKHLTCARE,NSE,TTKHLTCARE.NS,Ttk Healthcare,TTKHLTCARE|Ttk Healthcare|Ttk Healthcare Limited,,INE910C01018,11369,IIFL_SCRIPMASTER
TTKPRESTIG,NSE,TTKPRESTIG.NS,Ttk Prestige,TTKPRESTIG|Ttk Prestige|Ttk Prestige Limited,,INE690A01028,3546,IIFL_SCRIPMASTER
TIINDIA,NSE,TIINDIA.NS,Tube Invest of India,TIINDIA|Tube Invest of India|Tube Invest of India Limited,,INE974X01010,312,IIFL_SCRIPMASTER
TVTODAY,NSE,TVTODAY.NS,Tv Today Network,TVTODAY|Tv Today Network|Tv Today Network Limited,,INE038F01029,11275,IIFL_SCRIPMASTER
TVVISION,NSE,TVVISION.NS,Tv Vision,TVVISION|Tv Vision|Tv Vision Limited,,INE871L01013,18504,IIFL_SCRIPMASTER
TVSELECT,NSE,TVSELECT.NS,Tvs Electronics,TVSELECT|Tvs Electronics|Tvs Electronics Limited,,INE236G01019,11265,IIFL_SCRIPMASTER
TVSHLTD,NSE,TVSHLTD.NS,Tvs Holdings,TVSHLTD|Tvs Holdings|Tvs Holdings Limited,,INE105A01035,29008,IIFL_SCRIPMASTER
TVSMOTOR,NSE,TVSMOTOR.NS,Tvs Motor Company,TVSMOTOR|Tvs Motor Company|Tvs Motor Company Limited,,INE494B01023,8479,IIFL_SCRIPMASTER
TVSSRICHAK,NSE,TVSSRICHAK.NS,Tvs Srichakra,TVSSRICHAK|Tvs Srichakra|Tvs Srichakra Limited,,INE421C01016,14245,IIFL_SCRIPMASTER
TVSSCS,NSE,TVSSCS.NS,Tvs Supply Chain Sol L,TVSSCS|Tvs Supply Chain Sol L,,INE395N01027,18151,IIFL_SCRIPMASTER
TICL,NSE,TICL.NS,Twamev Cons and Infra,TICL|Twamev Cons and Infra|Twamev Cons and Infra Limited,,INE388G01026,19501,IIFL_SCRIPMASTER
UYFINCORP,NSE,UYFINCORP.NS,U. Y. Fincorp,U. Y. Fincorp|U. Y. Fincorp Limited|UYFINCORP,,INE152C01025,25626,IIFL_SCRIPMASTER
UTIAMC,NSE,UTIAMC.NS,UTI Asset Mngmt Co,UTI Asset Mngmt Co|UTI Asset Mngmt Co Limited|UTIAMC,,INE094J01016,527,IIFL_SCRIPMASTER
BANKBETA,NSE,BANKBETA.NS,UTIamc-Bankbeta,BANKBETA|UTIamc-Bankbeta,,INF789F1AUV1,22440,IIFL_SCRIPMASTER
GILT10BETA,NSE,GILT10BETA.NS,UTIamc-Gilt10Beta,GILT10BETA|UTIamc-Gilt10Beta,,INF789F1AZF3,22524,IIFL_SCRIPMASTER
GILT5BETA,NSE,GILT5BETA.NS,UTIamc-Gilt5Beta,GILT5BETA|UTIamc-Gilt5Beta,,INF789F1AZE6,22521,IIFL_SCRIPMASTER
ITBETA,NSE,ITBETA.NS,UTIamc-Itbeta,ITBETA|UTIamc-Itbeta,,INF789F1AZD8,22488,IIFL_SCRIPMASTER
MIDCAPBETA,NSE,MIDCAPBETA.NS,UTIamc-Midcapbeta,MIDCAPBETA|UTIamc-Midcapbeta,,INF789F1AYX9,18347,IIFL_SCRIPMASTER
NEXT50BETA,NSE,NEXT50BETA.NS,UTIamc-Next50Beta,NEXT50BETA|UTIamc-Next50Beta,,INF789F1AUW9,21478,IIFL_SCRIPMASTER
NIFTYBETA,NSE,NIFTYBETA.NS,UTIamc-Niftybeta,NIFTYBETA|UTIamc-Niftybeta,,INF789F1AZC0,10511,IIFL_SCRIPMASTER
SENSEXBETA,NSE,SENSEXBETA.NS,UTIamc-Sensexbeta,SENSEXBETA|UTIamc-Sensexbeta,,INF789FB1X58,10515,IIFL_SCRIPMASTER
SILVERBETA,NSE,SILVERBETA.NS,UTIamc-Silverbeta,SILVERBETA|UTIamc-Silverbeta,,INF789F1AYK6,15085,IIFL_SCRIPMASTER
SNXT50BETA,NSE,SNXT50BETA.NS,UTIamc-Snxt50Beta,SNXT50BETA|UTIamc-Snxt50Beta,,INF789F1AUU3,9168,IIFL_SCRIPMASTER
GOLDBETA,NSE,GOLDBETA.NS,UTIamc-UTIgoldbeta,GOLDBETA|UTIamc-UTIgoldbeta,,INF789F1AUX7,14535,IIFL_SCRIPMASTER
UCAL,NSE,UCAL.NS,Ucal,UCAL|Ucal|Ucal Limited,,INE139B01016,3570,IIFL_SCRIPMASTER
UCOBANK,NSE,UCOBANK.NS,Uco Bank,UCOBANK|Uco Bank,,INE691A01018,11223,IIFL_SCRIPMASTER
USK,NSE,USK.NS,Udayshivakumar Infra,USK|Udayshivakumar Infra|Udayshivakumar Infra Limited,,INE0N0Y01013,14871,IIFL_SCRIPMASTER
UFLEX,NSE,UFLEX.NS,Uflex,UFLEX|Uflex|Uflex Limited,,INE516A01017,1053,IIFL_SCRIPMASTER
UFO,NSE,UFO.NS,Ufo Moviez India,UFO|Ufo Moviez India|Ufo Moviez India Limited,,INE527H01019,9039,IIFL_SCRIPMASTER
UGROCAP,NSE,UGROCAP.NS,Ugro Capital,UGROCAP|Ugro Capital|Ugro Capital Limited,,INE583D01011,5313,IIFL_SCRIPMASTER
UEL,NSE,UEL.NS,Ujaas Energy,UEL|Ujaas Energy|Ujaas Energy Limited,,INE899L01030,23507,IIFL_SCRIPMASTER
UJJIVANSFB,NSE,UJJIVANSFB.NS,Ujjivan Small Financ Bank,UJJIVANSFB|Ujjivan Small Financ Bank,,INE551W01018,15228,IIFL_SCRIPMASTER
ULTRAMAR,NSE,ULTRAMAR.NS,Ultramarine & Pigments L,ULTRAMAR|Ultramarine & Pigments L,,INE405A01021,762961,IIFL_SCRIPMASTER
ULTRACEMCO,NSE,ULTRACEMCO.NS,Ultratech Cement,ULTRACEMCO|Ultratech Cement|Ultratech Cement Limited,,INE481G01011,11532,IIFL_SCRIPMASTER
UMAEXPORTS,NSE,UMAEXPORTS.NS,Uma Exports,UMAEXPORTS|Uma Exports|Uma Exports Limited,,INE0GIU01018,8842,IIFL_SCRIPMASTER
UMIYA-MRO,NSE,UMIYA-MRO.NS,Umiya Buildcon,UMIYA-MRO|Umiya Buildcon|Umiya Buildcon Limited,,INE398B01018,8998,IIFL_SCRIPMASTER
UNICHEMLAB,NSE,UNICHEMLAB.NS,Unichem Laboratories,UNICHEMLAB|Unichem Laboratories|Unichem Laboratories Limited,,INE351A01035,3579,IIFL_SCRIPMASTER
UNIECOM,NSE,UNIECOM.NS,Unicommerce Esolutions L,UNIECOM|Unicommerce Esolutions L,,INE00U401027,24809,IIFL_SCRIPMASTER
UNIMECH,NSE,UNIMECH.NS,Unimech Aerospace N Mfg L,UNIMECH|Unimech Aerospace N Mfg L,,INE0U3I01011,28960,IIFL_SCRIPMASTER
UNIONBANK,NSE,UNIONBANK.NS,Union Bank of India,UNIONBANK|Union Bank of India,,INE692A01016,10753,IIFL_SCRIPMASTER
UNIONGOLD,NSE,UNIONGOLD.NS,Unionamc - Uniongold,UNIONGOLD|Unionamc - Uniongold,,INF582M01KS4,29687,IIFL_SCRIPMASTER
UNIPARTS,NSE,UNIPARTS.NS,Uniparts India,UNIPARTS|Uniparts India|Uniparts India Limited,,INE244O01017,13057,IIFL_SCRIPMASTER
UNIENTER,NSE,UNIENTER.NS,Uniphos Enterprises,UNIENTER|Uniphos Enterprises|Uniphos Enterprises Limited,,INE037A01022,11293,IIFL_SCRIPMASTER
UNITECH,NSE,UNITECH.NS,Unitech,UNITECH|Unitech|Unitech Limited,,INE694A01020,3594,IIFL_SCRIPMASTER
UBL,NSE,UBL.NS,United Breweries,UBL|United Breweries|United Breweries Limited,,INE686F01025,16713,IIFL_SCRIPMASTER
UNIDT,NSE,UNIDT.NS,United Drilling Tools,UNIDT|United Drilling Tools|United Drilling Tools Limited,,INE961D01019,201,IIFL_SCRIPMASTER
UFBL,NSE,UFBL.NS,United Foodbrands,UFBL|United Foodbrands|United Foodbrands Limited,,INE382M01027,3127,IIFL_SCRIPMASTER
UNITEDTEA,NSE,UNITEDTEA.NS,United Nilgiri Tea,UNITEDTEA|United Nilgiri Tea|United Nilgiri Tea Limited,,INE458F01011,17999,IIFL_SCRIPMASTER
UNITDSPR,NSE,UNITDSPR.NS,United Spirits,UNITDSPR|United Spirits|United Spirits Limited,,INE854D01024,10447,IIFL_SCRIPMASTER
UNIVASTU,NSE,UNIVASTU.NS,Univastu India,UNIVASTU|Univastu India|Univastu India Limited,,INE562X01013,18977,IIFL_SCRIPMASTER
UNIVCABLES,NSE,UNIVCABLES.NS,Universal Cables,UNIVCABLES|Universal Cables|Universal Cables Limited,,INE279A01012,3607,IIFL_SCRIPMASTER
UNOMINDA,NSE,UNOMINDA.NS,Uno Minda,UNOMINDA|Uno Minda|Uno Minda Limited,,INE405E01023,14154,IIFL_SCRIPMASTER
UDS,NSE,UDS.NS,Updater Services,UDS|Updater Services|Updater Services Limited,,INE851I01011,19113,IIFL_SCRIPMASTER
UPL,NSE,UPL.NS,Upl,UPL|Upl|Upl Limited,,INE628A01036,11287,IIFL_SCRIPMASTER
URAVIDEF,NSE,URAVIDEF.NS,Uravi Defence &Tech,URAVIDEF|Uravi Defence &Tech|Uravi Defence &Tech Limited,,INE568Z01015,17071,IIFL_SCRIPMASTER
URBANCO,NSE,URBANCO.NS,Urban Company,URBANCO|Urban Company|Urban Company Limited,,INE0CAZ01013,759084,IIFL_SCRIPMASTER
URJA,NSE,URJA.NS,Urja Global,URJA|Urja Global|Urja Global Limited,,INE550C01020,20203,IIFL_SCRIPMASTER
USHAMART,NSE,USHAMART.NS,Usha Martin,USHAMART|Usha Martin|Usha Martin Limited,,INE228A01035,8840,IIFL_SCRIPMASTER
UTKARSHBNK,NSE,UTKARSHBNK.NS,Utkarsh Small Fin Bank L,UTKARSHBNK|Utkarsh Small Fin Bank L,,INE735W01017,17358,IIFL_SCRIPMASTER
UTTAMSUGAR,NSE,UTTAMSUGAR.NS,Uttam Sugar Mills,UTTAMSUGAR|Uttam Sugar Mills|Uttam Sugar Mills Limited,,INE786F01031,13376,IIFL_SCRIPMASTER
VGUARD,NSE,VGUARD.NS,V-Guard Ind,V-Guard Ind|V-Guard Ind Limited|VGUARD,,INE951I01027,15362,IIFL_SCRIPMASTER
V2RETAIL,NSE,V2RETAIL.NS,V2 Retail,V2 Retail|V2 Retail Limited|V2RETAIL,,INE945H01021,14766,IIFL_SCRIPMASTER
WABAG,NSE,WABAG.NS,Va Tech Wabag,Va Tech Wabag|Va Tech Wabag Limited|WABAG,,INE956G01038,20188,IIFL_SCRIPMASTER
VADILALIND,NSE,VADILALIND.NS,Vadilal Industries,VADILALIND|Vadilal Industries|Vadilal Industries Limited,,INE694D01016,24196,IIFL_SCRIPMASTER
VAIBHAVGBL,NSE,VAIBHAVGBL.NS,Vaibhav Global,VAIBHAVGBL|Vaibhav Global|Vaibhav Global Limited,,INE884A01027,11364,IIFL_SCRIPMASTER
VAKRANGEE,NSE,VAKRANGEE.NS,Vakrangee,VAKRANGEE|Vakrangee|Vakrangee Limited,,INE051B01021,13342,IIFL_SCRIPMASTER
VALIANTORG,NSE,VALIANTORG.NS,Valiant Organics,VALIANTORG|Valiant Organics|Valiant Organics Limited,,INE565V01010,330,IIFL_SCRIPMASTER
VARDHACRLC,NSE,VARDHACRLC.NS,Vardhaman Acrylics,VARDHACRLC|Vardhaman Acrylics|Vardhaman Acrylics Limited,,INE116G01013,11220,IIFL_SCRIPMASTER
VHL,NSE,VHL.NS,Vardhman Holdings,VHL|Vardhman Holdings|Vardhman Holdings Limited,,INE701A01023,11892,IIFL_SCRIPMASTER
VSSL,NSE,VSSL.NS,Vardhman Spc Steel,VSSL|Vardhman Spc Steel|Vardhman Spc Steel Limited,,INE050M01012,27067,IIFL_SCRIPMASTER
VTL,NSE,VTL.NS,Vardhman Textiles,VTL|Vardhman Textiles|Vardhman Textiles Limited,,INE825A01020,2073,IIFL_SCRIPMASTER
VARROC,NSE,VARROC.NS,Varroc Engineering,VARROC|Varroc Engineering|Varroc Engineering Limited,,INE665L01035,3857,IIFL_SCRIPMASTER
VBL,NSE,VBL.NS,Varun Beverages,VBL|Varun Beverages|Varun Beverages Limited,,INE200M01039,18921,IIFL_SCRIPMASTER
VGL,NSE,VGL.NS,Varvee Global,VGL|Varvee Global|Varvee Global Limited,,INE273D01027,13771,IIFL_SCRIPMASTER
VASWANI,NSE,VASWANI.NS,Vaswani Ind,VASWANI|Vaswani Ind|Vaswani Ind Limited,,INE590L01019,25340,IIFL_SCRIPMASTER
VCL,NSE,VCL.NS,Vaxtex Cotfab,VCL|Vaxtex Cotfab|Vaxtex Cotfab Limited,,INE098201036,9020,IIFL_SCRIPMASTER
MANYAVAR,NSE,MANYAVAR.NS,Vedant Fashions,MANYAVAR|Vedant Fashions|Vedant Fashions Limited,,INE825V01034,8167,IIFL_SCRIPMASTER
VEDL,NSE,VEDL.NS,Vedanta,VEDL|Vedanta|Vedanta Limited,,INE205A01025,3063,IIFL_SCRIPMASTER
VEEDOL,NSE,VEEDOL.NS,Veedol,VEEDOL|Veedol|Veedol Corporation Limited,,INE484C01030,14019,IIFL_SCRIPMASTER
VELJAN,NSE,VELJAN.NS,Veljan Denison,VELJAN|Veljan Denison|Veljan Denison Limited,,INE232E01013,762966,IIFL_SCRIPMASTER
VENKEYS,NSE,VENKEYS.NS,Venky S (India),VENKEYS|Venky S (India)|Venky S (India) Limited,,INE398A01010,3757,IIFL_SCRIPMASTER
VENTIVE,NSE,VENTIVE.NS,Ventive Hospitality,VENTIVE|Ventive Hospitality|Ventive Hospitality Limited,,INE781S01027,28847,IIFL_SCRIPMASTER
VENUSPIPES,NSE,VENUSPIPES.NS,Venus Pipes & Tubes,VENUSPIPES|Venus Pipes & Tubes|Venus Pipes & Tubes Limited,,INE0JA001018,9592,IIFL_SCRIPMASTER
VENUSREM,NSE,VENUSREM.NS,Venus Remedies,VENUSREM|Venus Remedies|Venus Remedies Limited,,INE411B01019,13859,IIFL_SCRIPMASTER
VERANDA,NSE,VERANDA.NS,Veranda Learning Sol,VERANDA|Veranda Learning Sol|Veranda Learning Sol Limited,,INE0IQ001011,8890,IIFL_SCRIPMASTER
VERTOZ,NSE,VERTOZ.NS,Vertoz,VERTOZ|Vertoz|Vertoz Limited,,INE188Y01031,18863,IIFL_SCRIPMASTER
VESUVIUS,NSE,VESUVIUS.NS,Vesuvius India,VESUVIUS|Vesuvius India|Vesuvius India Limited,,INE386A01023,3676,IIFL_SCRIPMASTER
VETO,NSE,VETO.NS,Veto Switchgear Cable,VETO|Veto Switchgear Cable|Veto Switchgear Cable Limited,,INE918N01018,8652,IIFL_SCRIPMASTER
VSTL,NSE,VSTL.NS,Vibhor Steel Tubes,VSTL|Vibhor Steel Tubes|Vibhor Steel Tubes Limited,,INE0QTF01015,22730,IIFL_SCRIPMASTER
VIDHIING,NSE,VIDHIING.NS,Vidhi Spclty F Ingrdnts L,VIDHIING|Vidhi Spclty F Ingrdnts L,,INE632C01026,13536,IIFL_SCRIPMASTER
VIDYAWIRES,NSE,VIDYAWIRES.NS,Vidya Wires,VIDYAWIRES|Vidya Wires|Vidya Wires Limited,,INE14UN01029,760224,IIFL_SCRIPMASTER
VIJAYA,NSE,VIJAYA.NS,Vijaya Diagnostic Cen,VIJAYA|Vijaya Diagnostic Cen|Vijaya Diagnostic Cen Limited,,INE043W01024,5585,IIFL_SCRIPMASTER
VIKASECO,NSE,VIKASECO.NS,Vikas Ecotech,VIKASECO|Vikas Ecotech|Vikas Ecotech Limited,,INE806A01020,25756,IIFL_SCRIPMASTER
VIKASLIFE,NSE,VIKASLIFE.NS,Vikas Lifecare,VIKASLIFE|Vikas Lifecare|Vikas Lifecare Limited,,INE161L01027,9931,IIFL_SCRIPMASTER
VIKRAMSOLR,NSE,VIKRAMSOLR.NS,Vikram Solar,VIKRAMSOLR|Vikram Solar|Vikram Solar Limited,,INE078V01014,759453,IIFL_SCRIPMASTER
VIKRAN,NSE,VIKRAN.NS,Vikran Engineering,VIKRAN|Vikran Engineering|Vikran Engineering Limited,,INE01R501028,758973,IIFL_SCRIPMASTER
VIMTALABS,NSE,VIMTALABS.NS,Vimta Labs,VIMTALABS|Vimta Labs|Vimta Labs Limited,,INE579C01029,13101,IIFL_SCRIPMASTER
VINATIORGA,NSE,VINATIORGA.NS,Vinati Organics,VINATIORGA|Vinati Organics|Vinati Organics Limited,,INE410B01037,17364,IIFL_SCRIPMASTER
VINDHYATEL,NSE,VINDHYATEL.NS,Vindhya Telelinks,VINDHYATEL|Vindhya Telelinks|Vindhya Telelinks Limited,,INE707A01012,3694,IIFL_SCRIPMASTER
VINNY,NSE,VINNY.NS,Vinny Overseas,VINNY|Vinny Overseas|Vinny Overseas Limited,,INE01KI01027,12490,IIFL_SCRIPMASTER
VINCOFE,NSE,VINCOFE.NS,Vintage Coffee N Bvrgs L,VINCOFE|Vintage Coffee N Bvrgs L,,INE498Q01014,25835,IIFL_SCRIPMASTER
VINYLINDIA,NSE,VINYLINDIA.NS,Vinyl Chemicals (I),VINYLINDIA|Vinyl Chemicals (I)|Vinyl Chemicals (I) Limited,,INE250B01029,16821,IIFL_SCRIPMASTER
VIPIND,NSE,VIPIND.NS,Vip Industries,VIPIND|Vip Industries|Vip Industries Limited,,INE054A01027,3703,IIFL_SCRIPMASTER
VIPULLTD,NSE,VIPULLTD.NS,Vipul,VIPULLTD|Vipul|Vipul Limited,,INE946H01037,8424,IIFL_SCRIPMASTER
VIRINCHI,NSE,VIRINCHI.NS,Virinchi,VIRINCHI|Virinchi|Virinchi Limited,,INE539B01017,15295,IIFL_SCRIPMASTER
VIVIDHA,NSE,VIVIDHA.NS,Visagar Polytex,VIVIDHA|Visagar Polytex|Visagar Polytex Limited,,INE370E01029,29877,IIFL_SCRIPMASTER
VISAKAIND,NSE,VISAKAIND.NS,Visaka Industries,VISAKAIND|Visaka Industries|Visaka Industries Limited,,INE392A01021,4221,IIFL_SCRIPMASTER
VMM,NSE,VMM.NS,Vishal Mega Mart,VMM|Vishal Mega Mart|Vishal Mega Mart Limited,,INE01EA01019,27969,IIFL_SCRIPMASTER
VISHNU,NSE,VISHNU.NS,Vishnu Chemicals,VISHNU|Vishnu Chemicals|Vishnu Chemicals Limited,,INE270I01022,6908,IIFL_SCRIPMASTER
VISHWARAJ,NSE,VISHWARAJ.NS,Vishwaraj Sugar Ind,VISHWARAJ|Vishwaraj Sugar Ind|Vishwaraj Sugar Ind Limited,,INE430N01022,13702,IIFL_SCRIPMASTER
VIYASH,NSE,VIYASH.NS,Viyash Scientific,VIYASH|Viyash Scientific|Viyash Scientific Limited,,INE807F01027,14296,IIFL_SCRIPMASTER
VLSFINANCE,NSE,VLSFINANCE.NS,Vls Finance,VLSFINANCE|Vls Finance|Vls Finance Limited,,INE709A01018,3715,IIFL_SCRIPMASTER
VMART,NSE,VMART.NS,Vmart Retail,VMART|Vmart Retail|Vmart Retail Limited,,INE665J01013,29284,IIFL_SCRIPMASTER
IDEA,NSE,IDEA.NS,Vodafone Idea,IDEA|Vodafone Idea|Vodafone Idea Limited,,INE669E01016,14366,IIFL_SCRIPMASTER
VOLTAMP,NSE,VOLTAMP.NS,Voltamp Transformers,VOLTAMP|Voltamp Transformers|Voltamp Transformers Limited,,INE540H01012,13577,IIFL_SCRIPMASTER
VOLTAS,NSE,VOLTAS.NS,Voltas,VOLTAS|Voltas|Voltas Limited,,INE226A01021,3718,IIFL_SCRIPMASTER
VRAJ,NSE,VRAJ.NS,Vraj Iron and Steel,VRAJ|Vraj Iron and Steel|Vraj Iron and Steel Limited,,INE0S2V01010,24321,IIFL_SCRIPMASTER
VRLLOG,NSE,VRLLOG.NS,Vrl Logistics,VRLLOG|Vrl Logistics|Vrl Logistics Limited,,INE366I01010,8696,IIFL_SCRIPMASTER
VSTIND,NSE,VSTIND.NS,Vst Industries,VSTIND|Vst Industries|Vst Industries Limited,,INE710A01016,3724,IIFL_SCRIPMASTER
VSTTILLERS,NSE,VSTTILLERS.NS,Vst Tillers Tractors,VSTTILLERS|Vst Tillers Tractors|Vst Tillers Tractors Limited,,INE764D01017,24292,IIFL_SCRIPMASTER
WPIL,NSE,WPIL.NS,W P I L,W P I L|W P I L Limited|WPIL,,INE765D01022,762978,IIFL_SCRIPMASTER
WSI,NSE,WSI.NS,W.S.Industries (I),W.S.Industries (I)|W.S.Industries (I) Limited|WSI,,INE100D01014,14828,IIFL_SCRIPMASTER
WAAREEENER,NSE,WAAREEENER.NS,Waaree Energies,WAAREEENER|Waaree Energies|Waaree Energies Limited,,INE377N01017,25907,IIFL_SCRIPMASTER
WAAREERTL,NSE,WAAREERTL.NS,Waaree Renewable Tech,WAAREERTL|Waaree Renewable Tech|Waaree Renewable Tech Limited,,INE299N01021,756038,IIFL_SCRIPMASTER
WAKEFIT,NSE,WAKEFIT.NS,Wakefit Innovations,WAKEFIT|Wakefit Innovations|Wakefit Innovations Limited,,INE0E7301029,760259,IIFL_SCRIPMASTER
WALCHANNAG,NSE,WALCHANNAG.NS,Walchandnagar Industries,WALCHANNAG|Walchandnagar Industries,,INE711A01022,3736,IIFL_SCRIPMASTER
TWCGOLDETF,NSE,TWCGOLDETF.NS,Wealth - Twcgoldetf,TWCGOLDETF|Wealth - Twcgoldetf,,INF2F0001370,760482,IIFL_SCRIPMASTER
WEALTH,NSE,WEALTH.NS,Wealth Frst Port. Mg.,WEALTH|Wealth Frst Port. Mg.|Wealth Frst Port. Mg. Limited,,INE658T01017,1923,IIFL_SCRIPMASTER
WEBELSOLAR,NSE,WEBELSOLAR.NS,Websol Energy System,WEBELSOLAR|Websol Energy System|Websol Energy System Limited,,INE855C01023,14602,IIFL_SCRIPMASTER
WEIZMANIND,NSE,WEIZMANIND.NS,Weizmann,WEIZMANIND|Weizmann|Weizmann Limited,,INE080A01014,3748,IIFL_SCRIPMASTER
WELCORP,NSE,WELCORP.NS,Welspun Corp,WELCORP|Welspun Corp|Welspun Corp Limited,,INE191B01025,11821,IIFL_SCRIPMASTER
WELENT,NSE,WELENT.NS,Welspun Enterprises,WELENT|Welspun Enterprises|Welspun Enterprises Limited,,INE625G01013,11626,IIFL_SCRIPMASTER
WELINV,NSE,WELINV.NS,Welspun Inv & Comm,WELINV|Welspun Inv & Comm|Welspun Inv & Comm Limited,,INE389K01018,19800,IIFL_SCRIPMASTER
WELSPUNLIV,NSE,WELSPUNLIV.NS,Welspun Living,WELSPUNLIV|Welspun Living|Welspun Living Limited,,INE192B01031,11253,IIFL_SCRIPMASTER
WELSPLSOL,NSE,WELSPLSOL.NS,Welspun Specialty Sol L,WELSPLSOL|Welspun Specialty Sol L,,INE731F01037,762971,IIFL_SCRIPMASTER
WENDT,NSE,WENDT.NS,Wendt (India),WENDT|Wendt (India)|Wendt (India) Limited,,INE274C01019,4235,IIFL_SCRIPMASTER
WSTCSTPAPR,NSE,WSTCSTPAPR.NS,West Coast Paper Mills Lt,WSTCSTPAPR|West Coast Paper Mills Lt,,INE976A01021,3799,IIFL_SCRIPMASTER
WCIL,NSE,WCIL.NS,Western Carriers (Ind) L,WCIL|Western Carriers (Ind) L,,INE0CJF01024,25403,IIFL_SCRIPMASTER
WESTLIFE,NSE,WESTLIFE.NS,Westlife Foodworld,WESTLIFE|Westlife Foodworld|Westlife Foodworld Limited,,INE274F01020,11580,IIFL_SCRIPMASTER
WEWORK,NSE,WEWORK.NS,Wework India Management L,WEWORK|Wework India Management L,,INE085001019,759434,IIFL_SCRIPMASTER
WHEELS,NSE,WHEELS.NS,Wheels India,WHEELS|Wheels India|Wheels India Limited,,INE715A01015,3766,IIFL_SCRIPMASTER
WHIRLPOOL,NSE,WHIRLPOOL.NS,Whirlpool of India,WHIRLPOOL|Whirlpool of India|Whirlpool of India Limited,,INE716A01013,18011,IIFL_SCRIPMASTER
WILLAMAGOR,NSE,WILLAMAGOR.NS,Williamson Magor,WILLAMAGOR|Williamson Magor,,INE210A01017,3772,IIFL_SCRIPMASTER
WIMPLAST,NSE,WIMPLAST.NS,Wim Plast,WIMPLAST|Wim Plast|Wim Plast Limited,,INE015B01018,3781,IIFL_SCRIPMASTER
WINDLAS,NSE,WINDLAS.NS,Windlas Biotech,WINDLAS|Windlas Biotech|Windlas Biotech Limited,,INE0H5O01029,5366,IIFL_SCRIPMASTER
WINDMACHIN,NSE,WINDMACHIN.NS,Windsor Machines,WINDMACHIN|Windsor Machines|Windsor Machines Limited,,INE052A01021,24969,IIFL_SCRIPMASTER
WIPRO,NSE,WIPRO.NS,Wipro,WIPRO|Wipro|Wipro Limited,,INE075A01022,3787,IIFL_SCRIPMASTER
WOCKPHARMA,NSE,WOCKPHARMA.NS,Wockhardt,WOCKPHARMA|Wockhardt|Wockhardt Limited,,INE049B01025,7506,IIFL_SCRIPMASTER
WEL,NSE,WEL.NS,Wonder Electricals,WEL|Wonder Electricals|Wonder Electricals Limited,,INE02WG01024,7835,IIFL_SCRIPMASTER
WONDERLA,NSE,WONDERLA.NS,Wonderla Holidays,WONDERLA|Wonderla Holidays|Wonderla Holidays Limited,,INE066O01014,3002,IIFL_SCRIPMASTER
WORTHPERI,NSE,WORTHPERI.NS,Worth Peripherals,WORTHPERI|Worth Peripherals|Worth Peripherals Limited,,INE196Y01018,22277,IIFL_SCRIPMASTER
XCHANGING,NSE,XCHANGING.NS,Xchanging Solutions,XCHANGING|Xchanging Solutions|Xchanging Solutions Limited,,INE692G01013,11705,IIFL_SCRIPMASTER
XELPMOC,NSE,XELPMOC.NS,Xelpmoc Design & Tech,XELPMOC|Xelpmoc Design & Tech|Xelpmoc Design & Tech Limited,,INE01P501012,8477,IIFL_SCRIPMASTER
XPROINDIA,NSE,XPROINDIA.NS,Xpro India,XPROINDIA|Xpro India|Xpro India Limited,,INE445C01015,11407,IIFL_SCRIPMASTER
XTGLOBAL,NSE,XTGLOBAL.NS,Xtglobal Infotech,XTGLOBAL|Xtglobal Infotech|Xtglobal Infotech Limited,,INE547B01028,25235,IIFL_SCRIPMASTER
YASHO,NSE,YASHO.NS,Yasho Industries,YASHO|Yasho Industries|Yasho Industries Limited,,INE616Z01012,18131,IIFL_SCRIPMASTER
YATHARTH,NSE,YATHARTH.NS,Yatharth Hosp & Tra C S L,YATHARTH|Yatharth Hosp & Tra C S L,,INE0JO301016,17738,IIFL_SCRIPMASTER
YATRA,NSE,YATRA.NS,Yatra Online,YATRA|Yatra Online|Yatra Online Limited,,INE0JR601024,18760,IIFL_SCRIPMASTER
YESBANK,NSE,YESBANK.NS,Yes Bank,YESBANK|Yes Bank|Yes Bank Limited,,INE528G01035,11915,IIFL_SCRIPMASTER
YUKEN,NSE,YUKEN.NS,Yuken India,YUKEN|Yuken India|Yuken India Limited,,INE384C01016,5501,IIFL_SCRIPMASTER
ZFSTEERING,NSE,ZFSTEERING.NS,Z F Steering Gear (I),Z F Steering Gear (I)|Z F Steering Gear (I) Limited|ZFSTEERING,,INE116C01012,4229,IIFL_SCRIPMASTER
ZAGGLE,NSE,ZAGGLE.NS,Zaggle Prepa Ocean Ser L,ZAGGLE|Zaggle Prepa Ocean Ser L,,INE07K301024,18608,IIFL_SCRIPMASTER
ZEEL,NSE,ZEEL.NS,Zee Entertainment Ent,ZEEL|Zee Entertainment Ent|Zee Entertainment Ent Limited,,INE256A01028,3812,IIFL_SCRIPMASTER
ZEELEARN,NSE,ZEELEARN.NS,Zee Learn,ZEELEARN|Zee Learn|Zee Learn Limited,,INE565L01011,20852,IIFL_SCRIPMASTER
ZEEMEDIA,NSE,ZEEMEDIA.NS,Zee Media,ZEEMEDIA|Zee Media|Zee Media Corporation Limited,,INE966H01019,14003,IIFL_SCRIPMASTER
ZENTEC,NSE,ZENTEC.NS,Zen Technologies,ZENTEC|Zen Technologies|Zen Technologies Limited,,INE251B01027,7508,IIFL_SCRIPMASTER
ZENITHEXPO,NSE,ZENITHEXPO.NS,Zenith Exports,ZENITHEXPO|Zenith Exports|Zenith Exports Limited,,INE058B01018,4176,IIFL_SCRIPMASTER
ZENITHSTL,NSE,ZENITHSTL.NS,Zenith Steel Pip Ind,ZENITHSTL|Zenith Steel Pip Ind|Zenith Steel Pip Ind Limited,,INE318D01020,14562,IIFL_SCRIPMASTER
ZENSARTECH,NSE,ZENSARTECH.NS,Zensar Technologies,ZENSARTECH|Zensar Technologies|Zensar Technologies Limited,,INE520A01027,1076,IIFL_SCRIPMASTER
GOLDCASE,NSE,GOLDCASE.NS,Zerodhaamc - Goldcase,GOLDCASE|Zerodhaamc - Goldcase,,INF0R8F01042,22901,IIFL_SCRIPMASTER
LIQUIDCASE,NSE,LIQUIDCASE.NS,Zerodhaamc - Liquidcase,LIQUIDCASE|Zerodhaamc - Liquidcase,,INF0R8F01034,21750,IIFL_SCRIPMASTER
LTGILTCASE,NSE,LTGILTCASE.NS,Zerodhaamc - Ltgiltcase,LTGILTCASE|Zerodhaamc - Ltgiltcase,,INF0R8F01133,758705,IIFL_SCRIPMASTER
MID150CASE,NSE,MID150CASE.NS,Zerodhaamc - Mid150Case,MID150CASE|Zerodhaamc - Mid150Case,,INF0R8F01059,24077,IIFL_SCRIPMASTER
NIFTYCASE,NSE,NIFTYCASE.NS,Zerodhaamc - Niftycase,NIFTYCASE|Zerodhaamc - Niftycase,,INF0R8F01166,759302,IIFL_SCRIPMASTER
SILVERCASE,NSE,SILVERCASE.NS,Zerodhaamc - Silvercase,SILVERCASE|Zerodhaamc - Silvercase,,INF0R8F01091,30274,IIFL_SCRIPMASTER
SML100CASE,NSE,SML100CASE.NS,Zerodhaamc - Sml100Case,SML100CASE|Zerodhaamc - Sml100Case,,INF0R8F01141,758955,IIFL_SCRIPMASTER
TOP100CASE,NSE,TOP100CASE.NS,Zerodhaamc - Top100Case,TOP100CASE|Zerodhaamc - Top100Case,,INF0R8F01067,24081,IIFL_SCRIPMASTER
ZFCVINDIA,NSE,ZFCVINDIA.NS,Zf Com Ve Ctr Sys Ind,ZFCVINDIA|Zf Com Ve Ctr Sys Ind|Zf Com Ve Ctr Sys Ind Limited,,INE342J01019,16915,IIFL_SCRIPMASTER
ZODIACLOTH,NSE,ZODIACLOTH.NS,Zodiac Clothing Co.,ZODIACLOTH|Zodiac Clothing Co.|Zodiac Clothing Co. Limited,,INE206B01013,3821,IIFL_SCRIPMASTER
ZOTA,NSE,ZOTA.NS,Zota Health Care,ZOTA|Zota Health Care|Zota Health Care Limited,,INE358U01012,11394,IIFL_SCRIPMASTER
ZUARI,NSE,ZUARI.NS,Zuari Agro Chemicals,ZUARI|Zuari Agro Chemicals|Zuari Agro Chemicals Limited,,INE840M01016,29050,IIFL_SCRIPMASTER
ZUARIIND,NSE,ZUARIIND.NS,Zuari Industries,ZUARIIND|Zuari Industries|Zuari Industries Limited,,INE217A01012,3827,IIFL_SCRIPMASTER
ZYDUSLIFE,NSE,ZYDUSLIFE.NS,Zydus Lifesciences,ZYDUSLIFE|Zydus Lifesciences|Zydus Lifesciences Limited,,INE010B01027,7929,IIFL_SCRIPMASTER
ZYDUSWELL,NSE,ZYDUSWELL.NS,Zydus Wellness,ZYDUSWELL|Zydus Wellness|Zydus Wellness Limited,,INE768C01028,17635,IIFL_SCRIPMASTER
091TB190919,BSE,804149.BO,091Tb190919,091TB190919|091Tb190919,,IN002019X128,804149,IIFL_SCRIPMASTER
1018GOI26,BSE,800123.BO,10.18% Goi 2026,10.18% Goi 2026|1018GOI26,,INY020010081,800123,IIFL_SCRIPMASTER
1018GS2026,BSE,800212.BO,1018Goi2026,1018GS2026|1018Goi2026,,IN0020010081,800212,IIFL_SCRIPMASTER
1045GOI2-ML,BSE,440102.BO,1045Goi2018,1045GOI2-ML|1045Goi2018,,,440102,IIFL_SCRIPMASTER
1260GOI2-ML,BSE,440093.BO,1260Goi2018,1260GOI2-ML|1260Goi2018,,,440093,IIFL_SCRIPMASTER
182T121126,BSE,805215.BO,182T121126,182T121126,,IN002026Y063,805215,IIFL_SCRIPMASTER
182T151026,BSE,805203.BO,182T151026,182T151026,,IN002026Y022,805203,IIFL_SCRIPMASTER
182T191126,BSE,805218.BO,182T191126,182T191126,,IN002026Y071,805218,IIFL_SCRIPMASTER
182T221026,BSE,805206.BO,182T221026,182T221026,,IN002026Y030,805206,IIFL_SCRIPMASTER
182T291026,BSE,805209.BO,182T291026,182T291026,,IN002026Y048,805209,IIFL_SCRIPMASTER
182TB04626,BSE,805152.BO,182Tb04626,182TB04626|182Tb04626,,IN002025Y362,805152,IIFL_SCRIPMASTER
182TB10926,BSE,805191.BO,182Tb10926,182TB10926|182Tb10926,,IN002025Y495,805191,IIFL_SCRIPMASTER
182TB11626,BSE,805155.BO,182Tb11626,182TB11626|182Tb11626,,IN002025Y370,805155,IIFL_SCRIPMASTER
182TB13826,BSE,805179.BO,182Tb13826,182TB13826|182Tb13826,,IN002025Y453,805179,IIFL_SCRIPMASTER
182TB17726,BSE,805167.BO,182Tb17726,182TB17726|182Tb17726,,IN002025Y412,805167,IIFL_SCRIPMASTER
182TB18626,BSE,805158.BO,182Tb18626,182TB18626|182Tb18626,,IN002025Y388,805158,IIFL_SCRIPMASTER
182TB18926,BSE,805194.BO,182Tb18926,182TB18926|182Tb18926,,IN002025Y503,805194,IIFL_SCRIPMASTER
182TB21826,BSE,805182.BO,182Tb21826,182TB21826|182Tb21826,,IN002025Y461,805182,IIFL_SCRIPMASTER
182TB23726,BSE,805170.BO,182Tb23726,182TB23726|182Tb23726,,IN002025Y420,805170,IIFL_SCRIPMASTER
182TB25926,BSE,805197.BO,182Tb25926,182TB25926|182Tb25926,,IN002025Y511,805197,IIFL_SCRIPMASTER
182TB26626,BSE,805161.BO,182Tb26626,182TB26626|182Tb26626,,IN002025Y396,805161,IIFL_SCRIPMASTER
182TB27826,BSE,805185.BO,182Tb27826,182TB27826|182Tb27826,,IN002025Y479,805185,IIFL_SCRIPMASTER
182TB30726,BSE,805173.BO,182Tb30726,182TB30726|182Tb30726,,IN002025Y438,805173,IIFL_SCRIPMASTER
182TB30926,BSE,805188.BO,182Tb30926,182TB30926|182Tb30926,,IN002025Y487,805188,IIFL_SCRIPMASTER
182TB51126,BSE,805212.BO,182Tb51126,182TB51126|182Tb51126,,IN002026Y055,805212,IIFL_SCRIPMASTER
182TB60826,BSE,805176.BO,182Tb60826,182TB60826|182Tb60826,,IN002025Y446,805176,IIFL_SCRIPMASTER
182TB81026,BSE,805200.BO,182Tb81026,182TB81026|182Tb81026,,IN002026Y014,805200,IIFL_SCRIPMASTER
182TB90726,BSE,805164.BO,182Tb90726,182TB90726|182Tb90726,,IN002025Y404,805164,IIFL_SCRIPMASTER
20MICRONS,BSE,533022.BO,20 Microns,20 Microns|20 Microns Limited|20MICRONS,,INE144J01027,533022,IIFL_SCRIPMASTER
360ONE,BSE,542772.BO,360 One Wam,360 One Wam|360 One Wam Limited|360ONE,,INE466L01038,542772,IIFL_SCRIPMASTER
364T101226,BSE,805156.BO,364T101226,364T101226,,IN002025Z377,805156,IIFL_SCRIPMASTER
364T121126,BSE,805144.BO,364T121126,364T121126,,IN002025Z336,805144,IIFL_SCRIPMASTER
364T151026,BSE,805132.BO,364T151026,364T151026,,IN002025Z294,805132,IIFL_SCRIPMASTER
364T171226,BSE,805159.BO,364T171226,364T171226,,IN002025Z385,805159,IIFL_SCRIPMASTER
364T191126,BSE,805147.BO,364T191126,364T191126,,IN002025Z344,805147,IIFL_SCRIPMASTER
364T221026,BSE,805135.BO,364T221026,364T221026,,IN002025Z302,805135,IIFL_SCRIPMASTER
364T251226,BSE,805162.BO,364T251226,364T251226,,IN002025Z393,805162,IIFL_SCRIPMASTER
364T261126,BSE,805150.BO,364T261126,364T261126,,IN002025Z351,805150,IIFL_SCRIPMASTER
364T291026,BSE,805138.BO,364T291026,364T291026,,IN002025Z310,805138,IIFL_SCRIPMASTER
364TB04626,BSE,805075.BO,364Tb04626,364TB04626|364Tb04626,,IN002025Z104,805075,IIFL_SCRIPMASTER
364TB06826,BSE,805102.BO,364Tb06826,364TB06826|364Tb06826,,IN002025Z195,805102,IIFL_SCRIPMASTER
364TB10926,BSE,805117.BO,364Tb10926,364TB10926|364Tb10926,,IN002025Z245,805117,IIFL_SCRIPMASTER
364TB11227,BSE,805180.BO,364Tb11227,364TB11227|364Tb11227,,IN002025Z450,805180,IIFL_SCRIPMASTER
364TB11327,BSE,805192.BO,364Tb11327,364TB11327|364Tb11327,,IN002025Z492,805192,IIFL_SCRIPMASTER
364TB11626,BSE,805078.BO,364Tb11626,364TB11626|364Tb11626,,IN002025Z112,805078,IIFL_SCRIPMASTER
364TB13527,BSE,805216.BO,364Tb13527,364TB13527|364Tb13527,,IN002026Z060,805216,IIFL_SCRIPMASTER
364TB13826,BSE,805105.BO,364Tb13826,364TB13826|364Tb13826,,IN002025Z203,805105,IIFL_SCRIPMASTER
364TB15127,BSE,805168.BO,364Tb15127,364TB15127|364Tb15127,,IN002025Z419,805168,IIFL_SCRIPMASTER
364TB15427,BSE,805204.BO,364Tb15427,364TB15427|364Tb15427,,IN002026Z029,805204,IIFL_SCRIPMASTER
364TB16726,BSE,805093.BO,364Tb16726,364TB16726|364Tb16726,,IN002025Z161,805093,IIFL_SCRIPMASTER
364TB17926,BSE,805120.BO,364Tb17926,364TB17926|364Tb17926,,IN002025Z252,805120,IIFL_SCRIPMASTER
364TB18626,BSE,805081.BO,364Tb18626,364TB18626|364Tb18626,,IN002025Z120,805081,IIFL_SCRIPMASTER
364TB19227,BSE,805183.BO,364Tb19227,364TB19227|364Tb19227,,IN002025Z468,805183,IIFL_SCRIPMASTER
364TB19327,BSE,805195.BO,364Tb19327,364TB19327|364Tb19327,,IN002025Z500,805195,IIFL_SCRIPMASTER
364TB20527,BSE,805219.BO,364Tb20527,364TB20527|364Tb20527,,IN002026Z078,805219,IIFL_SCRIPMASTER
364TB20726,BSE,805087.BO,364Tb20726,364TB20726|364Tb20726,,IN002025Z146,805087,IIFL_SCRIPMASTER
364TB20826,BSE,805108.BO,364Tb20826,364TB20826|364Tb20826,,IN002025Z211,805108,IIFL_SCRIPMASTER
364TB21026,BSE,805126.BO,364Tb21026,364TB21026|364Tb21026,,IN002025Z278,805126,IIFL_SCRIPMASTER
364TB21127,BSE,805171.BO,364Tb21127,364TB21127|364Tb21127,,IN002025Z427,805171,IIFL_SCRIPMASTER
364TB22427,BSE,805207.BO,364Tb22427,364TB22427|364Tb22427,,IN002026Z037,805207,IIFL_SCRIPMASTER
364TB23726,BSE,805096.BO,364Tb23726,364TB23726|364Tb23726,,IN002025Z179,805096,IIFL_SCRIPMASTER
364TB24926,BSE,805123.BO,364Tb24926,364TB24926|364Tb24926,,IN002025Z260,805123,IIFL_SCRIPMASTER
364TB25227,BSE,805186.BO,364Tb25227,364TB25227|364Tb25227,,IN002025Z476,805186,IIFL_SCRIPMASTER
364TB25626,BSE,805084.BO,364Tb25626,364TB25626|364Tb25626,,IN002025Z138,805084,IIFL_SCRIPMASTER
364TB26327,BSE,805198.BO,364Tb26327,364TB26327|364Tb26327,,IN002025Z518,805198,IIFL_SCRIPMASTER
364TB28127,BSE,805174.BO,364Tb28127,364TB28127|364Tb28127,,IN002025Z435,805174,IIFL_SCRIPMASTER
364TB28826,BSE,805111.BO,364Tb28826,364TB28826|364Tb28826,,IN002025Z229,805111,IIFL_SCRIPMASTER
364TB29427,BSE,805210.BO,364Tb29427,364TB29427|364Tb29427,,IN002026Z045,805210,IIFL_SCRIPMASTER
364TB30726,BSE,805099.BO,364Tb30726,364TB30726|364Tb30726,,IN002025Z187,805099,IIFL_SCRIPMASTER
364TB30926,BSE,805114.BO,364Tb30926,364TB30926|364Tb30926,,IN002025Z237,805114,IIFL_SCRIPMASTER
364TB31126,BSE,805153.BO,364Tb31126,364TB31126|364Tb31126,,IN002025Z369,805153,IIFL_SCRIPMASTER
364TB40227,BSE,805177.BO,364Tb40227,364TB40227|364Tb40227,,IN002025Z443,805177,IIFL_SCRIPMASTER
364TB40327,BSE,805189.BO,364Tb40327,364TB40327|364Tb40327,,IN002025Z484,805189,IIFL_SCRIPMASTER
364TB60527,BSE,805213.BO,364Tb60527,364TB60527|364Tb60527,,IN002026Z052,805213,IIFL_SCRIPMASTER
364TB61126,BSE,805141.BO,364Tb61126,364TB61126|364Tb61126,,IN002025Z328,805141,IIFL_SCRIPMASTER
364TB70127,BSE,805165.BO,364Tb70127,364TB70127|364Tb70127,,IN002025Z401,805165,IIFL_SCRIPMASTER
364TB80427,BSE,805201.BO,364Tb80427,364TB80427|364Tb80427,,IN002026Z011,805201,IIFL_SCRIPMASTER
364TB81026,BSE,805129.BO,364Tb81026,364TB81026|364Tb81026,,IN002025Z286,805129,IIFL_SCRIPMASTER
364TB90726,BSE,805090.BO,364Tb90726,364TB90726|364Tb90726,,IN002025Z153,805090,IIFL_SCRIPMASTER
3BBLACKBIO,BSE,532067.BO,3B Blackbio Dx,3B Blackbio Dx|3B Blackbio Dx Limited|3BBLACKBIO,,INE994E01018,532067,IIFL_SCRIPMASTER
3CIT,BSE,544190.BO,3C It Solutions and Telecoms (,3C It Solutions and Telecoms (|3CIT,,INE0R7D01018,544190,IIFL_SCRIPMASTER
3IINFOLTD,BSE,532628.BO,3I Infotech,3I Infotech|3I Infotech Limited|3IINFOLTD,,INE748C01038,532628,IIFL_SCRIPMASTER
3MINDIA,BSE,523395.BO,3M India,3M India|3M India Limited|3MINDIA,,INE470A01017,523395,IIFL_SCRIPMASTER
3PLAND,BSE,516092.BO,3P Land Holdings,3P Land Holdings|3P Land Holdings Limited|3PLAND,,INE105C01023,516092,IIFL_SCRIPMASTER
574GS2026,BSE,800583.BO,574Gs2026,574GS2026|574Gs2026,,IN0020210186,800583,IIFL_SCRIPMASTER
579GS2030,BSE,800319.BO,579Goi2030,579GS2030|579Goi2030,,IN0020200070,800319,IIFL_SCRIPMASTER
5PAISA,BSE,540776.BO,5Paisa Capital,5PAISA|5Paisa Capital|5Paisa Capital Limited,,INE618L01018,540776,IIFL_SCRIPMASTER
601GS2028,BSE,800174.BO,601Goi2028,601GS2028|601Goi2028,,IN0020020247,800174,IIFL_SCRIPMASTER
601RJ26,BSE,810780.BO,601Rajsdl26,601RJ26|601Rajsdl26,,IN2920210316,810780,IIFL_SCRIPMASTER
605GOI20-ML,BSE,440076.BO,605Goi2019A,605GOI20-ML|605Goi2019A,,,440076,IIFL_SCRIPMASTER
613GS2028,BSE,800175.BO,613Goi2028,613GS2028|613Goi2028,,IN0020030022,800175,IIFL_SCRIPMASTER
619GS2034,BSE,800323.BO,619Goi2034,619GS2034|619Goi2034,,IN0020200096,800323,IIFL_SCRIPMASTER
624MH26,BSE,810762.BO,624Mahsdl26,624MH26|624Mahsdl26,,IN2220210214,810762,IIFL_SCRIPMASTER
63MOONS,BSE,526881.BO,63 Moons Technologies,63 Moons Technologies|63 Moons Technologies Limited|63MOONS,,INE111B01023,526881,IIFL_SCRIPMASTER
633TN30,BSE,810656.BO,633Tnsdl30,633TN30|633Tnsdl30,,IN3120200222,810656,IIFL_SCRIPMASTER
634RJ27,BSE,810788.BO,634Rjsdl27,634RJ27|634Rjsdl27,,IN2920210340,810788,IIFL_SCRIPMASTER
683GS2039,BSE,800159.BO,638Goi2039,638Goi2039|683GS2039,,IN0020080050,800159,IIFL_SCRIPMASTER
638MH27,BSE,810766.BO,638Mahsdl27,638MH27|638Mahsdl27,,IN2220210230,810766,IIFL_SCRIPMASTER
640TNSDL32,BSE,811062.BO,640Tnsdl32,640TNSDL32|640Tnsdl32,,IN3120250078,811062,IIFL_SCRIPMASTER
643MH27,BSE,810764.BO,643Mahsdl27,643MH27|643Mahsdl27,,IN2220210222,810764,IIFL_SCRIPMASTER
644GJ29,BSE,810654.BO,644Gujsdl29,644GJ29|644Gujsdl29,,IN1520200081,810654,IIFL_SCRIPMASTER
645GS2029,BSE,800311.BO,645Goi2029,645GS2029|645Goi2029,,IN0020190362,800311,IIFL_SCRIPMASTER
645GJ30,BSE,810665.BO,645Gujsdl30,645GJ30|645Gujsdl30,,IN1520200131,810665,IIFL_SCRIPMASTER
649KA31,BSE,810660.BO,649Karsdl31,649KA31|649Karsdl31,,IN1920200145,810660,IIFL_SCRIPMASTER
649MH31,BSE,810659.BO,649Mahsdl31,649MH31|649Mahsdl31,,IN2220200132,810659,IIFL_SCRIPMASTER
64GJ30A,BSE,810679.BO,64Gujsdl30,64GJ30A|64Gujsdl30,,IN1520200180,810679,IIFL_SCRIPMASTER
64KA31,BSE,810657.BO,64Karsdl31,64KA31|64Karsdl31,,IN1920200111,810657,IIFL_SCRIPMASTER
652KA30,BSE,810686.BO,652Karsdl30,652KA30|652Karsdl30,,IN1920200491,810686,IIFL_SCRIPMASTER
653KA30,BSE,810682.BO,653Karsdl30,653KA30|653Karsdl30,,IN1920200459,810682,IIFL_SCRIPMASTER
653TN31,BSE,810690.BO,653Tnsdl31,653TN31|653Tnsdl31,,IN3120200339,810690,IIFL_SCRIPMASTER
654GJ30,BSE,810653.BO,654Gjsdl2030,654GJ30|654Gjsdl2030,,IN1520200073,810653,IIFL_SCRIPMASTER
654GS2032,BSE,800440.BO,654Goi2032,654GS2032|654Goi2032,,IN0020210244,800440,IIFL_SCRIPMASTER
654KA30,BSE,810684.BO,654Karsdl30,654KA30|654Karsdl30,,IN1920200475,810684,IIFL_SCRIPMASTER
654MH30,BSE,810645.BO,654Mahsdl30,654MH30|654Mahsdl30,,IN2220200033,810645,IIFL_SCRIPMASTER
654RJ30,BSE,810648.BO,654Rajsdl30,654RJ30|654Rajsdl30,,IN2920200150,810648,IIFL_SCRIPMASTER
656AP31,BSE,810655.BO,656Adrsdl31,656AP31|656Adrsdl31,,IN1020200235,810655,IIFL_SCRIPMASTER
657GS2033,BSE,800262.BO,657Goi2033,657GS2033|657Goi2033,,IN0020160100,800262,IIFL_SCRIPMASTER
657MH31,BSE,810647.BO,657Mahsdl31,657MH31|657Mahsdl31,,IN2220200058,810647,IIFL_SCRIPMASTER
657TN31,BSE,810699.BO,657Tamsdl31,657TN31|657Tamsdl31,,IN3120200347,810699,IIFL_SCRIPMASTER
659RJ30,BSE,810651.BO,659Rjsdl30,659RJ30|659Rjsdl30,,IN2920200168,810651,IIFL_SCRIPMASTER
65GJ30,BSE,810680.BO,65Gujsdl30,65GJ30|65Gujsdl30,,IN1520200206,810680,IIFL_SCRIPMASTER
65KA30,BSE,810662.BO,65Karsdl30,65KA30|65Karsdl30,,IN1920200152,810662,IIFL_SCRIPMASTER
661MP37,BSE,810691.BO,661Mpsdl37,661MP37|661Mpsdl37,,IN2120200232,810691,IIFL_SCRIPMASTER
662GS2051,BSE,800264.BO,662Goi2051,662GS2051|662Goi2051,,IN0020160092,800264,IIFL_SCRIPMASTER
662KA32A,BSE,810689.BO,662Karsdl32,662KA32A|662Karsdl32,,IN1920200541,810689,IIFL_SCRIPMASTER
662KA32,BSE,810678.BO,662Kasdl32,662KA32|662Kasdl32,,IN1920200343,810678,IIFL_SCRIPMASTER
663GJ29,BSE,810669.BO,663Gujsdl29,663GJ29|663Gujsdl29,,IN1520200149,810669,IIFL_SCRIPMASTER
663KA30,BSE,810664.BO,663Karsdl30,663KA30|663Karsdl30,,IN1920200178,810664,IIFL_SCRIPMASTER
663KA34,BSE,810688.BO,663Karsdl34,663KA34|663Karsdl34,,IN1920200525,810688,IIFL_SCRIPMASTER
663TN55,BSE,810737.BO,663Tmlsdl55,663TN55|663Tmlsdl55,,IN3120200206,810737,IIFL_SCRIPMASTER
664GS2035,BSE,800433.BO,664Goi35,664GS2035|664Goi35,,IN0020210020,800433,IIFL_SCRIPMASTER
664KA32,BSE,810661.BO,664Karsdl32,664KA32|664Karsdl32,,IN1920200160,810661,IIFL_SCRIPMASTER
665GJ30,BSE,810663.BO,665Gujsdl30,665GJ30|665Gujsdl30,,IN1520200123,810663,IIFL_SCRIPMASTER
665KA35,BSE,810687.BO,665Karsdl35,665KA35|665Karsdl35,,IN1920200509,810687,IIFL_SCRIPMASTER
666TN29,BSE,810799.BO,666Tamsdl29,666TN29|666Tamsdl29,,IN3120210254,810799,IIFL_SCRIPMASTER
667GS2035,BSE,800432.BO,667Goi2035,667GS2035|667Goi2035,,IN0020210152,800432,IIFL_SCRIPMASTER
667GS2050,BSE,800330.BO,667Goi2050,667GS2050|667Goi2050,,IN0020200252,800330,IIFL_SCRIPMASTER
667MH31,BSE,810667.BO,667Mahsdl31,667MH31|667Mahsdl31,,IN2220200157,810667,IIFL_SCRIPMASTER
668GS2031,BSE,800272.BO,668Goi2031,668GS2031|668Goi2031,,IN0020170042,800272,IIFL_SCRIPMASTER
668KA36,BSE,810685.BO,668Karsdl36,668KA36|668Karsdl36,,IN1920200483,810685,IIFL_SCRIPMASTER
669KA37,BSE,810683.BO,669Karsdl37,669KA37|669Karsdl37,,IN1920200467,810683,IIFL_SCRIPMASTER
669MP30,BSE,810639.BO,669Madh2030,669MP30|669Madh2030,,IN2120200075,810639,IIFL_SCRIPMASTER
669TN50,BSE,810649.BO,669Tnsdl50,669TN50|669Tnsdl50,,IN3120200131,810649,IIFL_SCRIPMASTER
669UP30,BSE,810640.BO,669Up2030,669UP30|669Up2030,,IN3320200048,810640,IIFL_SCRIPMASTER
66TN29,BSE,810652.BO,66Tnsdl29,66TN29|66Tnsdl29,,IN3120200156,810652,IIFL_SCRIPMASTER
671RJ30,BSE,810638.BO,671Raj2030,671RJ30|671Raj2030,,IN2920200044,810638,IIFL_SCRIPMASTER
671TN29,BSE,810793.BO,671Tnsdl29,671TN29|671Tnsdl29,,IN3120210239,810793,IIFL_SCRIPMASTER
672GJ30,BSE,810734.BO,672Gujsdl30,672GJ30|672Gujsdl30,,IN1520210015,810734,IIFL_SCRIPMASTER
672PN30,BSE,810643.BO,672Punsdl30,672PN30|672Punsdl30,,IN2820200060,810643,IIFL_SCRIPMASTER
673TN30,BSE,810642.BO,673Tamsdl30,673TN30|673Tamsdl30,,IN3120200065,810642,IIFL_SCRIPMASTER
675GJ29,BSE,810782.BO,675Gujsdl29,675GJ29|675Gujsdl29,,IN1520210122,810782,IIFL_SCRIPMASTER
675GJ31,BSE,810738.BO,675Gujsdl31,675GJ31|675Gujsdl31,,IN1520210023,810738,IIFL_SCRIPMASTER
675KA33,BSE,810668.BO,675Karsdl33,675KA33|675Karsdl33,,IN1920200244,810668,IIFL_SCRIPMASTER
675KA34,BSE,810681.BO,675Karsdl34,675KA34|675Karsdl34,,IN1920200400,810681,IIFL_SCRIPMASTER
675KA33A,BSE,810677.BO,675Kasdl33,675KA33A|675Kasdl33,,IN1920200327,810677,IIFL_SCRIPMASTER
676GS2061,BSE,800334.BO,676Goi2061,676GS2061|676Goi2061,,IN0020200401,800334,IIFL_SCRIPMASTER
676MHSDL37,BSE,811061.BO,676Mhsdl37,676MHSDL37|676Mhsdl37,,IN2220250012,811061,IIFL_SCRIPMASTER
678KA32,BSE,810671.BO,678Karsdl32,678KA32|678Karsdl32,,IN1920200269,810671,IIFL_SCRIPMASTER
678MH31,BSE,810754.BO,678Mahsdl31,678MH31|678Mahsdl31,,IN2220210073,810754,IIFL_SCRIPMASTER
678RJ30,BSE,810644.BO,678Rajsdl30,678RJ30|678Rajsdl30,,IN2920200051,810644,IIFL_SCRIPMASTER
678RJ31,BSE,810721.BO,678Rajsdl31,678RJ31|678Rajsdl31,,IN2920210035,810721,IIFL_SCRIPMASTER
679GS2027,BSE,800266.BO,679Goi2027,679GS2027|679Goi2027,,IN0020170026,800266,IIFL_SCRIPMASTER
679GS2029,BSE,800261.BO,679Goi2029,679GS2029|679Goi2029,,IN0020160118,800261,IIFL_SCRIPMASTER
67GJ30,BSE,810670.BO,67Gujsdl30,67GJ30|67Gujsdl30,,IN1520200156,810670,IIFL_SCRIPMASTER
670RJ50,BSE,810650.BO,67Rjsdl2050,670RJ50|67Rjsdl2050,,IN2920200176,810650,IIFL_SCRIPMASTER
682GJSDL27,BSE,811040.BO,682Gjsdl27,682GJSDL27|682Gjsdl27,,IN1520240046,811040,IIFL_SCRIPMASTER
682RJ31,BSE,810722.BO,682Rajsdl31,682RJ31|682Rajsdl31,,IN2920210043,810722,IIFL_SCRIPMASTER
683GJ30,BSE,810673.BO,683Gujsdl30,683GJ30|683Gujsdl30,,IN1520200164,810673,IIFL_SCRIPMASTER
683MH32B,BSE,810739.BO,683Mahsd32,683MH32B|683Mahsd32,,IN2220210123,810739,IIFL_SCRIPMASTER
683MH31,BSE,810743.BO,683Mahsdl31,683MH31|683Mahsdl31,,IN2220210131,810743,IIFL_SCRIPMASTER
683MH32A,BSE,810728.BO,683Mahsdl32,683MH32A|683Mahsdl32,,IN2220210081,810728,IIFL_SCRIPMASTER
683TN31A,BSE,810801.BO,683Tamsdl31,683TN31A|683Tamsdl31,,IN3120210262,810801,IIFL_SCRIPMASTER
684GJSDL31,BSE,811092.BO,684Gjsdl31,684GJSDL31|684Gjsdl31,,IN1520250177,811092,IIFL_SCRIPMASTER
684GJ31A,BSE,810771.BO,684Gujsd31,684GJ31A|684Gujsd31,,IN1520210106,810771,IIFL_SCRIPMASTER
684GJ30,BSE,810675.BO,684Gujsdl30,684GJ30|684Gujsdl30,,IN1520200172,810675,IIFL_SCRIPMASTER
684GJ31,BSE,810719.BO,684Gujsdl31,684GJ31|684Gujsdl31,,IN1520200305,810719,IIFL_SCRIPMASTER
684RJ31,BSE,810732.BO,684Rajsdl31,684RJ31|684Rajsdl31,,IN2920210100,810732,IIFL_SCRIPMASTER
686AP35,BSE,810775.BO,686Apsdl35,686AP35|686Apsdl35,,IN1020210275,810775,IIFL_SCRIPMASTER
686MH32,BSE,810730.BO,686Mahsdl32,686MH32|686Mahsdl32,,IN2220210107,810730,IIFL_SCRIPMASTER
686PN33,BSE,810720.BO,686Punsdl33,686PN33|686Punsdl33,,IN2820200235,810720,IIFL_SCRIPMASTER
686UP30,BSE,810637.BO,686Upsdl30,686UP30|686Upsdl30,,IN3320200030,810637,IIFL_SCRIPMASTER
687KA31,BSE,810795.BO,687Karsdl31,687KA31|687Karsdl31,,IN1920210102,810795,IIFL_SCRIPMASTER
687MH33A,BSE,810726.BO,687Mahsd33,687MH33A|687Mahsd33,,IN2220210065,810726,IIFL_SCRIPMASTER
687MH33,BSE,810723.BO,687Mahsdl33,687MH33|687Mahsdl33,,IN2220210024,810723,IIFL_SCRIPMASTER
687RJ31,BSE,810770.BO,687Rajsdl31,687RJ31|687Rajsdl31,,IN2920210266,810770,IIFL_SCRIPMASTER
688KA32,BSE,810798.BO,688Karsdl32,688KA32|688Karsdl32,,IN1920210144,810798,IIFL_SCRIPMASTER
688MH33,BSE,810725.BO,688Mahsdl33,688MH33|688Mahsdl33,,IN2220210040,810725,IIFL_SCRIPMASTER
689GJ31,BSE,810779.BO,689Gujsdl31,689GJ31|689Gujsdl31,,IN1520210114,810779,IIFL_SCRIPMASTER
689KA33,BSE,810800.BO,689Karsdl33,689KA33|689Karsdl33,,IN1920210169,810800,IIFL_SCRIPMASTER
689MH32,BSE,810742.BO,689Mahsdl32,689MH32|689Mahsdl32,,IN2220210149,810742,IIFL_SCRIPMASTER
68GS2060,BSE,800326.BO,68Goi2060,68GS2060|68Goi2060,,IN0020200187,800326,IIFL_SCRIPMASTER
68MH31,BSE,810740.BO,68Mahsdl31,68MH31|68Mahsdl31,,IN2220210115,810740,IIFL_SCRIPMASTER
68RJ31,BSE,810735.BO,68Rajsdl31,68RJ31|68Rajsdl31,,IN2920210126,810735,IIFL_SCRIPMASTER
690GOI65,BSE,800808.BO,690Goi65,690GOI65|690Goi65,,IN0020250018,800808,IIFL_SCRIPMASTER
691MH33,BSE,810772.BO,691Mahsdl33,691MH33|691Mahsdl33,,IN2220210248,810772,IIFL_SCRIPMASTER
691MH34,BSE,810773.BO,691Mahsdl34,691MH34|691Mahsdl34,,IN2220210255,810773,IIFL_SCRIPMASTER
691RJ31A,BSE,810768.BO,691Rajsdl31,691RJ31A|691Rajsdl31,,IN2920210258,810768,IIFL_SCRIPMASTER
692AP41,BSE,810797.BO,692Apsdl41,692AP41|692Apsdl41,,IN1020210416,810797,IIFL_SCRIPMASTER
692RJ31,BSE,810791.BO,692Rajsdl31,692RJ31|692Rajsdl31,,IN2920210373,810791,IIFL_SCRIPMASTER
693GJ31A,BSE,810787.BO,693Gjsdl31,693GJ31A|693Gjsdl31,,IN1520210148,810787,IIFL_SCRIPMASTER
693GJ31,BSE,810724.BO,693Gujsdl31,693GJ31|693Gujsdl31,,IN1520200263,810724,IIFL_SCRIPMASTER
693KA32,BSE,810778.BO,693Karsdl32,693KA32|693Karsdl32,,IN1920210029,810778,IIFL_SCRIPMASTER
694TN50,BSE,810636.BO,694Tnsdl50,694TN50|694Tnsdl50,,IN3120190266,810636,IIFL_SCRIPMASTER
694TNSDL55,BSE,811063.BO,694Tnsdl55,694TNSDL55|694Tnsdl55,,IN3120250094,811063,IIFL_SCRIPMASTER
695GS2061,BSE,800436.BO,695Goi2061,695GS2061|695Goi2061,,IN0020210202,800436,IIFL_SCRIPMASTER
695GJ31,BSE,810750.BO,695Gujsdl31,695GJ31|695Gujsdl31,,IN1520210056,810750,IIFL_SCRIPMASTER
695MH31,BSE,810751.BO,695Mahsdl31,695MH31|695Mahsdl31,,IN2220210198,810751,IIFL_SCRIPMASTER
695MH32,BSE,810746.BO,695Mahsdl32,695MH32|695Mahsdl32,,IN2220210164,810746,IIFL_SCRIPMASTER
695RJ31,BSE,810695.BO,695Rjsdl31,695RJ31|695Rjsdl31,,IN2920200655,810695,IIFL_SCRIPMASTER
695TN31B,BSE,810767.BO,695Tamsdl31,695TN31B|695Tamsdl31,,IN3120210189,810767,IIFL_SCRIPMASTER
695TN31,BSE,810694.BO,695Tnsdl31,695TN31|695Tnsdl31,,IN3120200362,810694,IIFL_SCRIPMASTER
696TN56,BSE,810727.BO,696Tamsdl56,696TN56|696Tamsdl56,,IN3120210031,810727,IIFL_SCRIPMASTER
696TN51,BSE,810786.BO,696Tansdl51,696TN51|696Tansdl51,,IN3120210023,810786,IIFL_SCRIPMASTER
697GS2026,BSE,800260.BO,697Goi2026,697GS2026|697Goi2026,,IN0020160035,800260,IIFL_SCRIPMASTER
697KA31,BSE,810674.BO,697Karsdl31,697KA31|697Karsdl31,,IN1920200285,810674,IIFL_SCRIPMASTER
697RJ51A,BSE,810693.BO,697Rjsdl51,697RJ51A|697Rjsdl51,,IN2920200713,810693,IIFL_SCRIPMASTER
697TN31,BSE,810755.BO,697Tamil31,697TN31|697Tamil31,,IN3120210122,810755,IIFL_SCRIPMASTER
697TN31B,BSE,810765.BO,697Tamsd31A,697TN31B|697Tamsd31A,,IN3120210171,810765,IIFL_SCRIPMASTER
697TN31A,BSE,810757.BO,697Tamsdl31,697TN31A|697Tamsdl31,,IN3120210148,810757,IIFL_SCRIPMASTER
697TN46,BSE,810729.BO,697Tamsdl46,697TN46|697Tamsdl46,,IN3120210056,810729,IIFL_SCRIPMASTER
698AP36,BSE,810774.BO,698Apsdl36,698AP36|698Apsdl36,,IN1020210267,810774,IIFL_SCRIPMASTER
698GJ31,BSE,810761.BO,698Gujsdl31,698GJ31|698Gujsdl31,,IN1520210080,810761,IIFL_SCRIPMASTER
698TN31A,BSE,810759.BO,698Tamsdl31,698TN31A|698Tamsdl31,,IN3120210155,810759,IIFL_SCRIPMASTER
699GS2051,BSE,800435.BO,699Goi2051,699GS2051|699Goi2051,,IN0020210194,800435,IIFL_SCRIPMASTER
699TS43,BSE,810794.BO,699Telsdl43,699TS43|699Telsdl43,,IN4520210183,810794,IIFL_SCRIPMASTER
699TN41,BSE,810796.BO,699Tnsdl41,699TN41|699Tnsdl41,,IN3120210049,810796,IIFL_SCRIPMASTER
69KA31,BSE,810792.BO,69Karsdl31,69KA31|69Karsdl31,,IN1920210086,810792,IIFL_SCRIPMASTER
0795GOI32,BSE,800145.BO,7.95% Goi 2032,0795GOI32|7.95% Goi 2032,,INY020020106,800145,IIFL_SCRIPMASTER
701MH32,BSE,810748.BO,701Mhsdl32,701MH32|701Mhsdl32,,IN2220210180,810748,IIFL_SCRIPMASTER
702AP37,BSE,810785.BO,702Apsdl37,702AP37|702Apsdl37,,IN1020210366,810785,IIFL_SCRIPMASTER
702GJSDL31,BSE,811117.BO,702Gjsdl31,702GJSDL31|702Gjsdl31,,IN1520250284,811117,IIFL_SCRIPMASTER
702KA33,BSE,810802.BO,702Karsdl33,702KA33|702Karsdl33,,IN1920210185,810802,IIFL_SCRIPMASTER
703KA32,BSE,810783.BO,703Karsdl32,703KA32|703Karsdl32,,IN1920210045,810783,IIFL_SCRIPMASTER
703RJSDL36,BSE,810692.BO,703Rjsdl36,703RJSDL36|703Rjsdl36,,IN2920200698,810692,IIFL_SCRIPMASTER
703TN51,BSE,810731.BO,703Tamsdl51,703TN51|703Tamsdl51,,IN3120210072,810731,IIFL_SCRIPMASTER
704AP34,BSE,810777.BO,704Apsdl34,704AP34|704Apsdl34,,IN1020210317,810777,IIFL_SCRIPMASTER
704GJSDL32,BSE,811048.BO,704Gjsdl32,704GJSDL32|704Gjsdl32,,IN1520240087,811048,IIFL_SCRIPMASTER
704MAHSD40,BSE,811077.BO,704Mahsd40,704MAHSD40|704Mahsd40,,IN2220250129,811077,IIFL_SCRIPMASTER
704RJ36,BSE,810744.BO,704Rajsdl36,704RJ36|704Rajsdl36,,IN2920210175,810744,IIFL_SCRIPMASTER
704TN30,BSE,810808.BO,704Tamsdl30,704TN30|704Tamsdl30,,IN3120210296,810808,IIFL_SCRIPMASTER
705MH32,BSE,810676.BO,705Mahsdl32,705MH32|705Mahsdl32,,IN2220200231,810676,IIFL_SCRIPMASTER
705RJ31,BSE,810718.BO,705Rajsdl31,705RJ31|705Rajsdl31,,IN2920200689,810718,IIFL_SCRIPMASTER
705TS35,BSE,810769.BO,705Telsdl35,705TS35|705Telsdl35,,IN4520210134,810769,IIFL_SCRIPMASTER
705TS41,BSE,810733.BO,705Telsdl41,705TS41|705Telsdl41,,IN4520210043,810733,IIFL_SCRIPMASTER
706GS2046,BSE,800263.BO,706Goi2046,706GS2046|706Goi2046,,IN0020160068,800263,IIFL_SCRIPMASTER
706GS2028,BSE,800581.BO,706Gs28M23,706GS2028|706Gs28M23,,IN0020230010,800581,IIFL_SCRIPMASTER
706GUJSD33,BSE,811087.BO,706Gujsd33,706GUJSD33|706Gujsd33,,IN1520250151,811087,IIFL_SCRIPMASTER
706GJ32,BSE,810820.BO,706Gujsdl32,706GJ32|706Gujsdl32,,IN1520210197,810820,IIFL_SCRIPMASTER
706KL41,BSE,810745.BO,706Kersdl41,706KL41|706Kersdl41,,IN2020210075,810745,IIFL_SCRIPMASTER
707GJSDL32,BSE,811083.BO,707Gjsdl32,707GJSDL32|707Gjsdl32,,IN1520250144,811083,IIFL_SCRIPMASTER
707GJ31,BSE,810696.BO,707Gujsdl31,707GJ31|707Gujsdl31,,IN1520200271,810696,IIFL_SCRIPMASTER
707RJ46,BSE,810736.BO,707Rajsdl46,707RJ46|707Rajsdl46,,IN2920210134,810736,IIFL_SCRIPMASTER
707TN38,BSE,810803.BO,707Tamsdl38,707TN38|707Tamsdl38,,IN3120210270,810803,IIFL_SCRIPMASTER
707TNSDL55,BSE,811068.BO,707Tnsdl55,707TNSDL55|707Tnsdl55,,IN3120250177,811068,IIFL_SCRIPMASTER
708AP35,BSE,810789.BO,708Apsdl35,708AP35|708Apsdl35,,IN1020210374,810789,IIFL_SCRIPMASTER
708GJ31,BSE,810705.BO,708Gjsdl31,708GJ31|708Gjsdl31,,IN1520200289,810705,IIFL_SCRIPMASTER
708GJSDL33,BSE,811047.BO,708Gjsdl33,708GJSDL33|708Gjsdl33,,IN1520240061,811047,IIFL_SCRIPMASTER
708KA34A,BSE,810784.BO,708Karsdl34,708KA34A|708Karsdl34,,IN1920210060,810784,IIFL_SCRIPMASTER
708KASDL34,BSE,811039.BO,708Kasdl34,708KASDL34|708Kasdl34,,IN1920240067,811039,IIFL_SCRIPMASTER
708MAHSD39,BSE,811076.BO,708Mahsd39,708MAHSD39|708Mahsd39,,IN2220250111,811076,IIFL_SCRIPMASTER
708MH31,BSE,810697.BO,708Mahsdl31,708MH31|708Mahsdl31,,IN2220200348,810697,IIFL_SCRIPMASTER
708TNSDL34,BSE,811049.BO,708Tnsdl34,708TNSDL34|708Tnsdl34,,IN3120240418,811049,IIFL_SCRIPMASTER
709AP39,BSE,810776.BO,709Apsdl39,709AP39|709Apsdl39,,IN1020210325,810776,IIFL_SCRIPMASTER
709G251174,BSE,800812.BO,709G251174,709G251174,,IN001174P011,800812,IIFL_SCRIPMASTER
709GOI54,BSE,800618.BO,709Goi54,709GOI54|709Goi54,,IN0020240118,800618,IIFL_SCRIPMASTER
709GOI74,BSE,800807.BO,709Goi74,709GOI74|709Goi74,,IN0020240142,800807,IIFL_SCRIPMASTER
709GJ32,BSE,810822.BO,709Gujsdl32,709GJ32|709Gujsdl32,,IN1520210205,810822,IIFL_SCRIPMASTER
709KL36,BSE,810741.BO,709Kersdl36,709KL36|709Kersdl36,,IN2020210059,810741,IIFL_SCRIPMASTER
709RJSDL35,BSE,811041.BO,709Rjsdl35,709RJSDL35|709Rjsdl35,,IN2920240321,811041,IIFL_SCRIPMASTER
709TLSDL63,BSE,811069.BO,709Tlsdl63,709TLSDL63|709Tlsdl63,,IN4520250254,811069,IIFL_SCRIPMASTER
709TNSDL55,BSE,811064.BO,709Tnsdl55,709TNSDL55|709Tnsdl55,,IN3120250144,811064,IIFL_SCRIPMASTER
71MH36,BSE,810758.BO,710Mahsdl36,710Mahsdl36|71MH36,,IN2220210206,810758,IIFL_SCRIPMASTER
711GJSDL33,BSE,811051.BO,711Gjsdl33,711GJSDL33|711Gjsdl33,,IN1520240103,811051,IIFL_SCRIPMASTER
711GJ31,BSE,810708.BO,711Gujsdl31,711GJ31|711Gujsdl31,,IN1520200297,810708,IIFL_SCRIPMASTER
711TNSDL29,BSE,810666.BO,711Tnsdl29,711TNSDL29|711Tnsdl29,,IN3120190068,810666,IIFL_SCRIPMASTER
712AP35,BSE,810752.BO,712Apsdl35,712AP35|712Apsdl35,,IN1020210192,810752,IIFL_SCRIPMASTER
712GJSDL35,BSE,811052.BO,712Gjsdl35,712GJSDL35|712Gjsdl35,,IN1520240152,811052,IIFL_SCRIPMASTER
712GJ32,BSE,810823.BO,712Gujsdl32,712GJ32|712Gujsdl32,,IN1520210213,810823,IIFL_SCRIPMASTER
712KA34,BSE,810804.BO,712Karsdl34,712KA34|712Karsdl34,,IN1920210201,810804,IIFL_SCRIPMASTER
712KASDL36,BSE,811050.BO,712Kasdl36,712KASDL36|712Kasdl36,,IN1920240133,811050,IIFL_SCRIPMASTER
712MHSDL36,BSE,811053.BO,712Mhsdl36,712MHSDL36|712Mhsdl36,,IN2220240401,811053,IIFL_SCRIPMASTER
712MHSDL38,BSE,811059.BO,712Mhsdl38,712MHSDL38|712Mhsdl38,,IN2220240427,811059,IIFL_SCRIPMASTER
712MHSDL47,BSE,811066.BO,712Mhsdl47,712MHSDL47|712Mhsdl47,,IN2220250186,811066,IIFL_SCRIPMASTER
712TNSDL34,BSE,811046.BO,712Tnsdl34,712TNSDL34|712Tnsdl34,,IN3120240350,811046,IIFL_SCRIPMASTER
713KA38,BSE,810821.BO,713Karsdl38,713KA38|713Karsdl38,,IN1920210383,810821,IIFL_SCRIPMASTER
713MHSDL37,BSE,811058.BO,713Mhsdl37,713MHSDL37|713Mhsdl37,,IN2220240419,811058,IIFL_SCRIPMASTER
713RJ41,BSE,810747.BO,713Rajsdl41,713RJ41|713Rajsdl41,,IN2920210209,810747,IIFL_SCRIPMASTER
713TN30,BSE,810833.BO,713Tnsdl30,713TN30|713Tnsdl30,,IN3120210460,810833,IIFL_SCRIPMASTER
714AP41A,BSE,810781.BO,714Apsd41,714AP41A|714Apsd41,,IN1020210341,810781,IIFL_SCRIPMASTER
714AP36,BSE,810753.BO,714Apsdl36,714AP36|714Apsdl36,,IN1020210200,810753,IIFL_SCRIPMASTER
714AP41,BSE,810760.BO,714Apsdl41,714AP41|714Apsdl41,,IN1020210226,810760,IIFL_SCRIPMASTER
714MH29,BSE,810632.BO,714Mhsdl29,714MH29|714Mhsdl29,,IN2220190093,810632,IIFL_SCRIPMASTER
714MHSDL39,BSE,811060.BO,714Mhsdl39,714MHSDL39|714Mhsdl39,,IN2220240435,811060,IIFL_SCRIPMASTER
714MHSDL45,BSE,811065.BO,714Mhsdl45,714MHSDL45|714Mhsdl45,,IN2220250160,811065,IIFL_SCRIPMASTER
715AP37,BSE,810749.BO,715Apsdl37,715AP37|715Apsdl37,,IN1020210176,810749,IIFL_SCRIPMASTER
715KRSDL36,BSE,811044.BO,715Krsdl36,715KRSDL36|715Krsdl36,,IN1920240091,811044,IIFL_SCRIPMASTER
716GS2050,BSE,800317.BO,716Goi2050,716GS2050|716Goi2050,,IN0020200054,800317,IIFL_SCRIPMASTER
716KA36,BSE,810819.BO,716Karsdl36,716KA36|716Karsdl36,,IN1920210367,810819,IIFL_SCRIPMASTER
716MHSDL50,BSE,811067.BO,716Mhsdl50,716MHSDL50|716Mhsdl50,,IN2220250210,811067,IIFL_SCRIPMASTER
716MHSDL55,BSE,811070.BO,716Mhsdl55,716MHSDL55|716Mhsdl55,,IN2220250236,811070,IIFL_SCRIPMASTER
716TNSDL54,BSE,811045.BO,716Tnsdl54,716TNSDL54|716Tnsdl54,,IN3120240335,811045,IIFL_SCRIPMASTER
717GJSDL34,BSE,811095.BO,717Gjsdl34,717GJSDL34|717Gjsdl34,,IN1520250201,811095,IIFL_SCRIPMASTER
717GS2028,BSE,800286.BO,717Goi2028,717GS2028|717Goi2028,,IN0020170174,800286,IIFL_SCRIPMASTER
717KA29,BSE,810631.BO,717Kasdl29,717KA29|717Kasdl29,,IN1920190106,810631,IIFL_SCRIPMASTER
717MHSDL,BSE,810629.BO,717Mhsdl29,717MHSDL|717Mhsdl29,,IN2220190077,810629,IIFL_SCRIPMASTER
717MHSDL37,BSE,811055.BO,717Mhsdl37,717MHSDL37|717Mhsdl37,,IN2220240443,811055,IIFL_SCRIPMASTER
718GS2033,BSE,800599.BO,718Gs2033,718GS2033|718Gs2033,,IN0020230085,800599,IIFL_SCRIPMASTER
718GS2037,BSE,800598.BO,718Gs2037,718GS2037|718Gs2037,,IN0020230077,800598,IIFL_SCRIPMASTER
718GJ28,BSE,810951.BO,718Gujsdl28,718GJ28|718Gujsdl28,,IN1520230039,810951,IIFL_SCRIPMASTER
718KA33,BSE,810806.BO,718Kasdl33,718KA33|718Kasdl33,,IN1920210227,810806,IIFL_SCRIPMASTER
718MAHSD33,BSE,811082.BO,718Mahsd33,718MAHSD33|718Mahsd33,,IN2220250293,811082,IIFL_SCRIPMASTER
718MH30,BSE,810838.BO,718Mahsdl30,718MH30|718Mahsdl30,,IN2220220023,810838,IIFL_SCRIPMASTER
718MHSDL39,BSE,811056.BO,718Mhsdl39,718MHSDL39|718Mhsdl39,,IN2220240468,811056,IIFL_SCRIPMASTER
719GS2060,BSE,800316.BO,719Goi2060,719GS2060|719Goi2060,,IN0020200039,800316,IIFL_SCRIPMASTER
719KA40,BSE,810710.BO,719Karsdl40,719KA40|719Karsdl40,,IN1920200707,810710,IIFL_SCRIPMASTER
719MHSDL40,BSE,811054.BO,719Mhsdl40,719MHSDL40|719Mhsdl40,,IN2220240476,811054,IIFL_SCRIPMASTER
719TN32,BSE,810827.BO,719Tamsdl32,719TN32|719Tamsdl32,,IN3120210445,810827,IIFL_SCRIPMASTER
719TN42,BSE,810828.BO,719Tamsdl42,719TN42|719Tamsdl42,,IN3120210387,810828,IIFL_SCRIPMASTER
710GS2029,BSE,800444.BO,71Goi2029,710GS2029|71Goi2029,,IN0020220011,800444,IIFL_SCRIPMASTER
71GS2034,BSE,800608.BO,71Goi2034,71GS2034|71Goi2034,,IN0020240019,800608,IIFL_SCRIPMASTER
71KARSDL35,BSE,811042.BO,71Karsdl35,71KARSDL35|71Karsdl35,,IN1920240083,811042,IIFL_SCRIPMASTER
71MH32,BSE,810672.BO,71Mahsdl32,71MH32|71Mahsdl32,,IN2220200207,810672,IIFL_SCRIPMASTER
723KA28,BSE,810630.BO,721Kadsl28,721Kadsl28|723KA28,,IN1920190098,810630,IIFL_SCRIPMASTER
721RJ32,BSE,810816.BO,721Rajsdl32,721RJ32|721Rajsdl32,,IN2920210472,810816,IIFL_SCRIPMASTER
722KA38A,BSE,810700.BO,722Karsdl38,722KA38A|722Karsdl38,,IN1920200640,810700,IIFL_SCRIPMASTER
722KASDL32,BSE,811057.BO,722Kasdl32,722KASDL32|722Kasdl32,,IN1920240299,811057,IIFL_SCRIPMASTER
722KA35,BSE,810805.BO,722Kasdl35,722KA35|722Kasdl35,,IN1920210235,810805,IIFL_SCRIPMASTER
722MHSDL49,BSE,811033.BO,722Mhsdl49,722MHSDL49|722Mhsdl49,,IN2220240211,811033,IIFL_SCRIPMASTER
722RJSDL34,BSE,811031.BO,722Rjsdl34,722RJSDL34|722Rjsdl34,,IN2920240248,811031,IIFL_SCRIPMASTER
723GJSDL27,BSE,811013.BO,723Gjsdl27,723GJSDL27|723Gjsdl27,,IN1520240012,811013,IIFL_SCRIPMASTER
723GS2039,BSE,800655.BO,723Gs2039,723GS2039|723Gs2039,,IN0020240027,800655,IIFL_SCRIPMASTER
723GS39P,BSE,800645.BO,723Gs39P,723GS39P|723Gs39P,,IN000439P019,800645,IIFL_SCRIPMASTER
723MHSDL35,BSE,811035.BO,723Mhsdl35,723MHSDL35|723Mhsdl35,,IN2220240229,811035,IIFL_SCRIPMASTER
724GOI55,BSE,800809.BO,724Goi55,724GOI55|724Goi55,,IN0020250075,800809,IIFL_SCRIPMASTER
724KA37,BSE,810703.BO,724Kasdl37,724KA37|724Kasdl37,,IN1920200657,810703,IIFL_SCRIPMASTER
724KA38,BSE,810707.BO,724Kasdl38,724KA38|724Kasdl38,,IN1920200665,810707,IIFL_SCRIPMASTER
724MHSDL29,BSE,810628.BO,724Mhsdl29,724MHSDL29|724Mhsdl29,,IN2220190051,810628,IIFL_SCRIPMASTER
724MHSDL34,BSE,811114.BO,724Mhsdl34,724MHSDL34|724Mhsdl34,,IN2220250301,811114,IIFL_SCRIPMASTER
724RJ32,BSE,810813.BO,724Rajsdl32,724RJ32|724Rajsdl32,,IN2920210456,810813,IIFL_SCRIPMASTER
724RJ36,BSE,810701.BO,724Rajsdl36,724RJ36|724Rajsdl36,,IN2920200747,810701,IIFL_SCRIPMASTER
724TN51,BSE,810756.BO,724Tamil51,724TN51|724Tamil51,,IN3120210130,810756,IIFL_SCRIPMASTER
725APSDL47,BSE,811036.BO,725Apsdl47,725APSDL47|725Apsdl47,,IN1020240512,811036,IIFL_SCRIPMASTER
725GS2063,BSE,800588.BO,725Goi2063,725GS2063|725Goi2063,,IN0020230044,800588,IIFL_SCRIPMASTER
725GJ32,BSE,810824.BO,725Gujsdl32,725GJ32|725Gujsdl32,,IN1520210221,810824,IIFL_SCRIPMASTER
725TLSDL46,BSE,811038.BO,725Tlsdl46,725TLSDL46|725Tlsdl46,,IN4520240297,811038,IIFL_SCRIPMASTER
726GS2029,BSE,800310.BO,726Goi2029,726GS2029|726Goi2029,,IN0020180454,800310,IIFL_SCRIPMASTER
726GS2032,BSE,800520.BO,726Goi2032,726GS2032|726Goi2032,,IN0020220060,800520,IIFL_SCRIPMASTER
726GS2033,BSE,800576.BO,726Goi2033,726GS2033|726Goi2033,,IN0020220151,800576,IIFL_SCRIPMASTER
726MAHSD42,BSE,811088.BO,726Mahsd42,726MAHSD42|726Mahsd42,,IN2220250335,811088,IIFL_SCRIPMASTER
726MHSDL49,BSE,811029.BO,726Mhsdl49,726MHSDL49|726Mhsdl49,,IN2220240138,811029,IIFL_SCRIPMASTER
726MHSDL50,BSE,811037.BO,726Mhsdl50,726MHSDL50|726Mhsdl50,,IN2220240252,811037,IIFL_SCRIPMASTER
726MPSDL38,BSE,811032.BO,726Mpsdl38,726MPSDL38|726Mpsdl38,,IN2120240030,811032,IIFL_SCRIPMASTER
726TNSDL35,BSE,811084.BO,726Tnsdl35,726TNSDL35|726Tnsdl35,,IN3120250300,811084,IIFL_SCRIPMASTER
727APSDL36,BSE,811034.BO,727Apsdl36,727APSDL36|727Apsdl36,,IN1020240454,811034,IIFL_SCRIPMASTER
727GJ31,BSE,810948.BO,727Gujsdl31,727GJ31|727Gujsdl31,,IN1520230021,810948,IIFL_SCRIPMASTER
727MAHSD36,BSE,811085.BO,727Mahsd36,727MAHSD36|727Mahsd36,,IN2220250319,811085,IIFL_SCRIPMASTER
727MHSDL34,BSE,811026.BO,727Mhsdl34,727MHSDL34|727Mhsdl34,,IN2220240062,811026,IIFL_SCRIPMASTER
727MHSDL39,BSE,811030.BO,727Mhsdl39,727MHSDL39|727Mhsdl39,,IN2220240112,811030,IIFL_SCRIPMASTER
727MHSDL44,BSE,811028.BO,727Mhsdl44,727MHSDL44|727Mhsdl44,,IN2220240120,811028,IIFL_SCRIPMASTER
727MHSGS36,BSE,811128.BO,727Mhsgs36,727MHSGS36|727Mhsgs36,,IN220936P018,811128,IIFL_SCRIPMASTER
727TNSDL54,BSE,811014.BO,727Tnsdl54,727TNSDL54|727Tnsdl54,,IN3120240129,811014,IIFL_SCRIPMASTER
729GJ32,BSE,810834.BO,729Gujsdl32,729GJ32|729Gujsdl32,,IN1520210239,810834,IIFL_SCRIPMASTER
729KA36,BSE,810702.BO,729Karsdl36,729KA36|729Karsdl36,,IN1920200624,810702,IIFL_SCRIPMASTER
729KA39,BSE,810704.BO,729Kasdl39,729KA39|729Kasdl39,,IN1920200673,810704,IIFL_SCRIPMASTER
729KL49,BSE,810950.BO,729Kelsdl49,729KL49|729Kelsdl49,,IN2020230024,810950,IIFL_SCRIPMASTER
729TMSDL54,BSE,811027.BO,729Tmsdl54,729TMSDL54|729Tmsdl54,,IN3120240194,811027,IIFL_SCRIPMASTER
72KARSDL29,BSE,810646.BO,72Karsdl29,72KARSDL29|72Karsdl29,,IN1920190080,810646,IIFL_SCRIPMASTER
72MH28,BSE,810949.BO,72Mahsdl28,72MH28|72Mahsdl28,,IN2220230030,810949,IIFL_SCRIPMASTER
72MHSDL34,BSE,811096.BO,72Mhsdl34,72MHSDL34|72Mhsdl34,,IN2220250384,811096,IIFL_SCRIPMASTER
730MHSDL38,BSE,811023.BO,730Mhsdl38,730MHSDL38|730Mhsdl38,,IN2220240070,811023,IIFL_SCRIPMASTER
730MHSDL39,BSE,811024.BO,730Mhsdl39,730MHSDL39|730Mhsdl39,,IN2220240088,811024,IIFL_SCRIPMASTER
731AP42,BSE,810826.BO,731Apsdl42,731AP42|731Apsdl42,,IN1020210556,810826,IIFL_SCRIPMASTER
731GUJ2029,BSE,810624.BO,731Guj2029,731GUJ2029|731Guj2029,,IN1520190068,810624,IIFL_SCRIPMASTER
731KA35,BSE,810807.BO,731Karsdl35,731KA35|731Karsdl35,,IN1920210268,810807,IIFL_SCRIPMASTER
731TMSDL54,BSE,811018.BO,731Tmsdl54,731TMSDL54|731Tmsdl54,,IN3120240145,811018,IIFL_SCRIPMASTER
731TNSDL34,BSE,811080.BO,731Tnsdl34,731TNSDL34|731Tnsdl34,,IN3120250250,811080,IIFL_SCRIPMASTER
732KA34,BSE,810815.BO,732Karsdl34,732KA34|732Karsdl34,,IN1920210334,810815,IIFL_SCRIPMASTER
732MH32,BSE,810958.BO,732Mhsdl32,732MH32|732Mhsdl32,,IN2220230063,810958,IIFL_SCRIPMASTER
732RJSDL34,BSE,811016.BO,732Rjsdl34,732RJSDL34|732Rjsdl34,,IN2920240172,811016,IIFL_SCRIPMASTER
733APSDL43,BSE,811019.BO,733Apsdl43,733APSDL43|733Apsdl43,,IN1020240405,811019,IIFL_SCRIPMASTER
733GS2026,BSE,800604.BO,733Gs26J24,733GS2026|733Gs26J24,,IN0020230119,800604,IIFL_SCRIPMASTER
733KA37,BSE,810809.BO,733Kasdl37,733KA37|733Kasdl37,,IN1920210284,810809,IIFL_SCRIPMASTER
733KA40,BSE,810811.BO,733Kasdl40,733KA40|733Kasdl40,,IN1920210292,810811,IIFL_SCRIPMASTER
733KRSDL54,BSE,811022.BO,733Krsdl54,733KRSDL54|733Krsdl54,,IN2020240080,811022,IIFL_SCRIPMASTER
733MH31,BSE,810956.BO,733Mahsdl31,733MH31|733Mahsdl31,,IN2220230055,810956,IIFL_SCRIPMASTER
733MHSDL44,BSE,811025.BO,733Mhsdl44,733MHSDL44|733Mhsdl44,,IN2220240096,811025,IIFL_SCRIPMASTER
733MP42,BSE,810814.BO,733Mpsdl42,733MP42|733Mpsdl42,,IN2120210058,810814,IIFL_SCRIPMASTER
734AP40,BSE,810837.BO,734Apsdl40,734AP40|734Apsdl40,,IN1020220027,810837,IIFL_SCRIPMASTER
734GS2064,BSE,800607.BO,734Goi2064,734GS2064|734Goi2064,,IN0020240035,800607,IIFL_SCRIPMASTER
734TMSDL34,BSE,811021.BO,734Tmsdl34,734TMSDL34|734Tmsdl34,,IN3120240160,811021,IIFL_SCRIPMASTER
735KA40,BSE,810698.BO,735Karsdl40,735KA40|735Karsdl40,,IN1920200616,810698,IIFL_SCRIPMASTER
735KA36,BSE,810810.BO,735Kasdl36,735KA36|735Kasdl36,,IN1920210276,810810,IIFL_SCRIPMASTER
735TN33,BSE,810952.BO,735Tnsdl33,735TN33|735Tnsdl33,,IN3120230070,810952,IIFL_SCRIPMASTER
736GS2052,BSE,800452.BO,736Goi2052,736GS2052|736Goi2052,,IN0020220086,800452,IIFL_SCRIPMASTER
736KA34,BSE,810995.BO,736Karsdl34,736KA34|736Karsdl34,,IN1920230316,810995,IIFL_SCRIPMASTER
736KL38,BSE,810955.BO,736Kersdl38,736KL38|736Kersdl38,,IN2020230081,810955,IIFL_SCRIPMASTER
736MH28,BSE,810943.BO,736Mahsdl28,736MH28|736Mahsdl28,,IN2220230014,810943,IIFL_SCRIPMASTER
736RJSDL34,BSE,811020.BO,736Rjsdl34,736RJSDL34|736Rjsdl34,,IN2920240198,811020,IIFL_SCRIPMASTER
736RJSDL46,BSE,811017.BO,736Rjsdl46,736RJSDL46|736Rjsdl46,,IN2920240180,811017,IIFL_SCRIPMASTER
736TN54,BSE,810998.BO,736Tnsdl54,736TN54|736Tnsdl54,,IN3120230476,810998,IIFL_SCRIPMASTER
737APSDL36,BSE,811015.BO,737Apsdl36,737APSDL36|737Apsdl36,,IN1020240363,811015,IIFL_SCRIPMASTER
737GR2054,BSE,800601.BO,737Gs54,737GR2054|737Gs54,,IN0020230176,800601,IIFL_SCRIPMASTER
737KA37,BSE,810996.BO,737Karsdl37,737KA37|737Karsdl37,,IN1920230324,810996,IIFL_SCRIPMASTER
737KA38A,BSE,810997.BO,737Karsdl38,737KA38A|737Karsdl38,,IN1920230332,810997,IIFL_SCRIPMASTER
737KA38,BSE,810812.BO,737Kasdl38,737KA38|737Kasdl38,,IN1920210300,810812,IIFL_SCRIPMASTER
737RJ34,BSE,810831.BO,737Rajsdl34,737RJ34|737Rajsdl34,,IN2920210548,810831,IIFL_SCRIPMASTER
737RJSDL39,BSE,811011.BO,737Rjsdl39,737RJSDL39|737Rjsdl39,,IN2920240099,811011,IIFL_SCRIPMASTER
738GS2027,BSE,800442.BO,738Goi2027,738GS2027|738Goi2027,,IN0020220037,800442,IIFL_SCRIPMASTER
738GJ30,BSE,810945.BO,738Gujsdl30,738GJ30|738Gujsdl30,,IN1520230013,810945,IIFL_SCRIPMASTER
739MAHSDL30,BSE,810658.BO,739Mahsdl30,739MAHSDL30|739Mahsdl30,,IN2220190036,810658,IIFL_SCRIPMASTER
739TN52,BSE,810829.BO,739Tamsdl52,739TN52|739Tamsdl52,,IN3120210452,810829,IIFL_SCRIPMASTER
739TNSDL32,BSE,811012.BO,739Tnsdl32,739TNSDL32|739Tnsdl32,,IN3120240111,811012,IIFL_SCRIPMASTER
739TN33,BSE,810947.BO,739Tnsdl33,739TN33|739Tnsdl33,,IN3120230021,810947,IIFL_SCRIPMASTER
739TN33B,BSE,810959.BO,739Tnsdl33A,739TN33B|739Tnsdl33A,,IN3120230179,810959,IIFL_SCRIPMASTER
739TN42,BSE,810835.BO,739Tnsdl42,739TN42|739Tnsdl42,,IN3120210528,810835,IIFL_SCRIPMASTER
73GS2053,BSE,800584.BO,73Goi2053,73GS2053|73Goi2053,,IN0020230051,800584,IIFL_SCRIPMASTER
73GS2053P,BSE,800805.BO,73Gs2053P,73GS2053P|73Gs2053P,,IN000653P015,800805,IIFL_SCRIPMASTER
730KA32,BSE,810818.BO,73Karsdl32,730KA32|73Karsdl32,,IN1920210342,810818,IIFL_SCRIPMASTER
74GS2035,BSE,800181.BO,740Goi2035,740Goi2035|74GS2035,,IN0020050012,800181,IIFL_SCRIPMASTER
74GJ26,BSE,810978.BO,740Gujsdl26,740Gujsdl26|74GJ26,,IN1520230146,810978,IIFL_SCRIPMASTER
74KL37,BSE,810836.BO,740Kersdl37,740Kersdl37|74KL37,,IN2020210224,810836,IIFL_SCRIPMASTER
74MH32,BSE,810953.BO,740Mhsdl32,740Mhsdl32|74MH32,,IN2220230105,810953,IIFL_SCRIPMASTER
741GJSDL37,BSE,811122.BO,741Gjsdl37,741GJSDL37|741Gjsdl37,,IN1520250359,811122,IIFL_SCRIPMASTER
741GS2036,BSE,800574.BO,741Goi36,741GS2036|741Goi36,,IN0020220102,800574,IIFL_SCRIPMASTER
741GJ26,BSE,810896.BO,741Gujsdl26,741GJ26|741Gujsdl26,,IN1520220121,810896,IIFL_SCRIPMASTER
741RJSDL34,BSE,811010.BO,741Rjsdl34,741RJSDL34|741Rjsdl34,,IN2920240065,811010,IIFL_SCRIPMASTER
742GJ31,BSE,810989.BO,742Gujsdl31,742GJ31|742Gujsdl31,,IN1520230260,810989,IIFL_SCRIPMASTER
742GJ33,BSE,810993.BO,742Gujsdl33,742GJ33|742Gujsdl33,,IN1520230286,810993,IIFL_SCRIPMASTER
742KL34,BSE,810830.BO,742Kersdl34,742KL34|742Kersdl34,,IN2020210190,810830,IIFL_SCRIPMASTER
742MH37,BSE,810999.BO,742Mahsdl37,742MH37|742Mahsdl37,,IN2220230329,810999,IIFL_SCRIPMASTER
743GOI2076,BSE,800815.BO,743Goi2076,743GOI2076|743Goi2076,,IN0020250117,800815,IIFL_SCRIPMASTER
743MH35,BSE,810994.BO,743Mahsdl35,743MH35|743Mahsdl35,,IN2220230253,810994,IIFL_SCRIPMASTER
743MHSDL40,BSE,811098.BO,743Mhsdl40,743MHSDL40|743Mhsdl40,,IN2220250392,811098,IIFL_SCRIPMASTER
743TAMSDL34,BSE,811007.BO,743Tamsdl34,743TAMSDL34|743Tamsdl34,,IN3120240053,811007,IIFL_SCRIPMASTER
743TGNSDL41,BSE,811008.BO,743Tgnsdl41,743TGNSDL41|743Tgnsdl41,,IN4520240065,811008,IIFL_SCRIPMASTER
743TN33,BSE,810962.BO,743Tnsdl33,743TN33|743Tnsdl33,,IN3120230229,810962,IIFL_SCRIPMASTER
743TN43,BSE,810960.BO,743Tnsdl43,743TN43|743Tnsdl43,,IN3120230195,810960,IIFL_SCRIPMASTER
744AP36,BSE,810963.BO,744Apsdl36,744AP36|744Apsdl36,,IN1020230471,810963,IIFL_SCRIPMASTER
744HR32,BSE,810954.BO,744Hrsdl32,744HR32|744Hrsdl32,,IN1620230129,810954,IIFL_SCRIPMASTER
744KA35,BSE,810817.BO,744Karsdl35,744KA35|744Karsdl35,,IN1920210359,810817,IIFL_SCRIPMASTER
744KNSDL36,BSE,811123.BO,744Knsdl36,744KNSDL36|744Knsdl36,,IN1920250306,811123,IIFL_SCRIPMASTER
744TS46,BSE,810992.BO,744Telsdl46,744TS46|744Telsdl46,,IN4520230439,810992,IIFL_SCRIPMASTER
744TLSDL56,BSE,811091.BO,744Tlsdl56,744TLSDL56|744Tlsdl56,,IN4520250494,811091,IIFL_SCRIPMASTER
744TNSD55A,BSE,811094.BO,744Tnsd55A,744TNSD55A|744Tnsd55A,,IN3120250433,811094,IIFL_SCRIPMASTER
744TN33B,BSE,810961.BO,744Tnsdl33,744TN33B|744Tnsdl33,,IN3120230211,810961,IIFL_SCRIPMASTER
744TNSDL55,BSE,811071.BO,744Tnsdl55,744TNSDL55|744Tnsdl55,,IN3120250219,811071,IIFL_SCRIPMASTER
745APSDL33,BSE,811009.BO,745Apsdl33,745APSDL33|745Apsdl33,,IN1020240173,811009,IIFL_SCRIPMASTER
745AP37,BSE,810840.BO,745Apsdl37,745AP37|745Apsdl37,,IN1020220068,810840,IIFL_SCRIPMASTER
745GJ31,BSE,810964.BO,745Gujsdl31,745GJ31|745Gujsdl31,,IN1520230070,810964,IIFL_SCRIPMASTER
745TLSDL57,BSE,811090.BO,745Tlsdl57,745TLSDL57|745Tlsdl57,,IN4520250486,811090,IIFL_SCRIPMASTER
745TNSDL55,BSE,811097.BO,745Tnsdl55,745TNSDL55|745Tnsdl55,,IN3120250524,811097,IIFL_SCRIPMASTER
7466NOV73,BSE,800752.BO,7466Nov73,7466NOV73|7466Nov73,,IN001173P013,800752,IIFL_SCRIPMASTER
746GS2073,BSE,800597.BO,746Goi2073,746GS2073|746Goi2073,,IN0020230127,800597,IIFL_SCRIPMASTER
746KASDL36,BSE,811102.BO,746Kasdl36,746KASDL36|746Kasdl36,,IN1920250058,811102,IIFL_SCRIPMASTER
746MH33,BSE,810965.BO,746Mhsdl33,746MH33|746Mhsdl33,,IN2220230113,810965,IIFL_SCRIPMASTER
746MP32,BSE,810882.BO,746Mpsdl32,746MP32|746Mpsdl32,,IN2120220024,810882,IIFL_SCRIPMASTER
746TS48,BSE,810883.BO,746Telsdl48,746TS48|746Telsdl48,,IN4520220166,810883,IIFL_SCRIPMASTER
746TMSDL55,BSE,811089.BO,746Tmsdl55,746TMSDL55|746Tmsdl55,,IN3120250367,811089,IIFL_SCRIPMASTER
747AP37,BSE,810946.BO,747Apsdl37,747AP37|747Apsdl37,,IN1020230067,810946,IIFL_SCRIPMASTER
747GJSDL36,BSE,811113.BO,747Gjsdl36,747GJSDL36|747Gjsdl36,,IN1520250268,811113,IIFL_SCRIPMASTER
747KL50,BSE,811005.BO,747Kersdl50,747KL50|747Kersdl50,,IN2020240023,811005,IIFL_SCRIPMASTER
747MH34,BSE,810966.BO,747Mhsdl34,747MH34|747Mhsdl34,,IN2220230121,810966,IIFL_SCRIPMASTER
748AP38,BSE,810825.BO,748Apsdl38,748AP38|748Apsdl38,,IN1020210549,810825,IIFL_SCRIPMASTER
748MH35,BSE,810990.BO,748Mahsdl35,748MH35|748Mahsdl35,,IN2220230212,810990,IIFL_SCRIPMASTER
748MHSDL37,BSE,811121.BO,748Mhsdl37,748MHSDL37|748Mhsdl37,,IN2220250483,811121,IIFL_SCRIPMASTER
749GJ26,BSE,810886.BO,749Gujsdl26,749GJ26|749Gujsdl26,,IN1520220097,810886,IIFL_SCRIPMASTER
749GJ28,BSE,810940.BO,749Gujsdl28,749GJ28|749Gujsdl28,,IN1520220337,810940,IIFL_SCRIPMASTER
749MH36,BSE,810991.BO,749Mahsdl36,749MH36|749Mahsdl36,,IN2220230220,810991,IIFL_SCRIPMASTER
749TN44,BSE,811006.BO,749Tamsdl44,749TN44|749Tamsdl44,,IN3120240046,811006,IIFL_SCRIPMASTER
749TN34,BSE,811000.BO,749Tnsdl34,749TN34|749Tnsdl34,,IN3120240038,811000,IIFL_SCRIPMASTER
74GS2062,BSE,800489.BO,74Goi2062,74GS2062|74Goi2062,,IN0020220094,800489,IIFL_SCRIPMASTER
74TN42,BSE,810832.BO,74Tnsdl42,74TN42|74Tnsdl42,,IN3120210486,810832,IIFL_SCRIPMASTER
75AP32,BSE,811002.BO,750Apsdl32,750Apsdl32|75AP32,,IN1020240066,811002,IIFL_SCRIPMASTER
750APSDL45,BSE,811086.BO,750Apsdl45,750APSDL45|750Apsdl45,,IN1020250321,811086,IIFL_SCRIPMASTER
75GS2034,BSE,800180.BO,750Goi2034,750Goi2034|75GS2034,,IN0020040039,800180,IIFL_SCRIPMASTER
750MPSDL44,BSE,811081.BO,750Mpsdl44,750MPSDL44|750Mpsdl44,,IN2120250153,811081,IIFL_SCRIPMASTER
75TN31,BSE,811001.BO,750Tnsdl31,750Tnsdl31|75TN31,,IN3120240020,811001,IIFL_SCRIPMASTER
751APSDL37,BSE,810623.BO,751Apsdl37,751APSDL37|751Apsdl37,,IN1020170107,810623,IIFL_SCRIPMASTER
751KASDL36,BSE,811107.BO,751Kasdl36,751KASDL36|751Kasdl36,,IN1920250090,811107,IIFL_SCRIPMASTER
752APSDL37,BSE,811100.BO,752Apsdl37,752APSDL37|752Apsdl37,,IN1020250420,811100,IIFL_SCRIPMASTER
752AP38,BSE,810839.BO,752Apsdl38,752AP38|752Apsdl38,,IN1020220035,810839,IIFL_SCRIPMASTER
752RJ34,BSE,811004.BO,752Rajsdl34,752RJ34|752Rajsdl34,,IN2920240016,811004,IIFL_SCRIPMASTER
753AP36,BSE,811003.BO,753Apsdl36,753AP36|753Apsdl36,,IN1020240090,811003,IIFL_SCRIPMASTER
754GS2036,BSE,800441.BO,754Goi2036,754GS2036|754Goi2036,,IN0020220029,800441,IIFL_SCRIPMASTER
754KASDL37,BSE,811111.BO,754Kasdl37,754KASDL37|754Kasdl37,,IN1920250124,811111,IIFL_SCRIPMASTER
754MHSDL37,BSE,811116.BO,754Mhsdl37,754MHSDL37|754Mhsdl37,,IN2220250442,811116,IIFL_SCRIPMASTER
754MPSDL46,BSE,811103.BO,754Mpsdl46,754MPSDL46|754Mpsdl46,,IN2120250302,811103,IIFL_SCRIPMASTER
754RJSDL35,BSE,811101.BO,754Rjsdl35,754RJSDL35|754Rjsdl35,,IN2920250338,811101,IIFL_SCRIPMASTER
754RJSDL53,BSE,811072.BO,754Rjsdl53,754RJSDL53|754Rjsdl53,,IN2920250189,811072,IIFL_SCRIPMASTER
754TGSDL55,BSE,811074.BO,754Tgsdl55,754TGSDL55|754Tgsdl55,,IN4520250338,811074,IIFL_SCRIPMASTER
754TRSDL40,BSE,811105.BO,754Trsdl40,754TRSDL40|754Trsdl40,,IN3220250036,811105,IIFL_SCRIPMASTER
755GJ31,BSE,810976.BO,755Gujsdl31,755GJ31|755Gujsdl31,,IN1520230138,810976,IIFL_SCRIPMASTER
756TS40,BSE,810884.BO,756Telsdl40,756TS40|756Telsdl40,,IN4520220182,810884,IIFL_SCRIPMASTER
757GS2033,BSE,800294.BO,757Goi2033,757GS2033|757Goi2033,,IN0020190065,800294,IIFL_SCRIPMASTER
757GJ26,BSE,810904.BO,757Gujsdl26,757GJ26|757Gujsdl26,,IN1520220154,810904,IIFL_SCRIPMASTER
757GJ31,BSE,810916.BO,757Gujsdl31,757GJ31|757Gujsdl31,,IN1520220188,810916,IIFL_SCRIPMASTER
757MPSDL45,BSE,811073.BO,757Mpsdl45,757MPSDL45|757Mpsdl45,,IN2120250138,811073,IIFL_SCRIPMASTER
757TN33,BSE,810919.BO,757Tamsdl33,757TN33|757Tamsdl33,,IN3120220261,810919,IIFL_SCRIPMASTER
758AP40,BSE,810880.BO,758Apsdl40,758AP40|758Apsdl40,,IN1020220472,810880,IIFL_SCRIPMASTER
758AP42,BSE,810881.BO,758Apsdl42,758AP42|758Apsdl42,,IN1020220480,810881,IIFL_SCRIPMASTER
758GJ26,BSE,810972.BO,758Gujsdl26,758GJ26|758Gujsdl26,,IN1520230104,810972,IIFL_SCRIPMASTER
758TNSDL56,BSE,811112.BO,758Tnsdl56,758TNSDL56|758Tnsdl56,,IN3120250649,811112,IIFL_SCRIPMASTER
758WBSDL42,BSE,811104.BO,758Wbsdl42,758WBSDL42|758Wbsdl42,,IN3420250232,811104,IIFL_SCRIPMASTER
759ADSDL47,BSE,811106.BO,759Adsdl47,759ADSDL47|759Adsdl47,,IN1020250495,811106,IIFL_SCRIPMASTER
759GS2029,BSE,800246.BO,759Cg2029,759Cg2029|759GS2029,,IN0020150069,800246,IIFL_SCRIPMASTER
759KA38,BSE,810912.BO,759Karsdl38,759KA38|759Karsdl38,,IN1920220077,810912,IIFL_SCRIPMASTER
759MP38,BSE,810927.BO,759Mp2038,759MP38|759Mp2038,,IN2120220081,810927,IIFL_SCRIPMASTER
759WBSDL47,BSE,811099.BO,759Wbsdl47,759WBSDL47|759Wbsdl47,,IN3420250224,811099,IIFL_SCRIPMASTER
75TELSDL52,BSE,811093.BO,75Telsdl52,75TELSDL52|75Telsdl52,,IN4520250510,811093,IIFL_SCRIPMASTER
75TNSDL37,BSE,811108.BO,75Tnsdl37,75TNSDL37|75Tnsdl37,,IN3120250599,811108,IIFL_SCRIPMASTER
76GJ35,BSE,810923.BO,760Gujsdl35,760Gujsdl35|76GJ35,,IN1520220220,810923,IIFL_SCRIPMASTER
76KA32,BSE,810915.BO,760Karsdl32,760Karsdl32|76KA32,,IN1920220119,810915,IIFL_SCRIPMASTER
76TN32,BSE,810874.BO,760Tmn32,760Tmn32|76TN32,,IN3120220139,810874,IIFL_SCRIPMASTER
761GS2030,BSE,800243.BO,761Cg2030,761Cg2030|761GS2030,,IN0020160019,800243,IIFL_SCRIPMASTER
761GJ32,BSE,810870.BO,761Gujsdl32,761GJ32|761Gujsdl32,,IN1520220071,810870,IIFL_SCRIPMASTER
761HRSDL43,BSE,811109.BO,761Hrsdl43,761HRSDL43|761Hrsdl43,,IN1620250291,811109,IIFL_SCRIPMASTER
761TS44,BSE,810944.BO,761Telsdl44,761TS44|761Telsdl44,,IN4520230017,810944,IIFL_SCRIPMASTER
761TN32,BSE,810878.BO,761Tnsdl32,761TN32|761Tnsdl32,,IN3120220147,810878,IIFL_SCRIPMASTER
761TNSDL56,BSE,811118.BO,761Tnsdl56,761TNSDL56|761Tnsdl56,,IN3120250680,811118,IIFL_SCRIPMASTER
762GS2039,BSE,800304.BO,762Goi2039,762GS2039|762Goi2039,,IN0020190024,800304,IIFL_SCRIPMASTER
762GJ29,BSE,810897.BO,762Gujsdj29,762GJ29|762Gujsdj29,,IN1520220139,810897,IIFL_SCRIPMASTER
762JKSDL41,BSE,811110.BO,762Jksdl41,762JKSDL41|762Jksdl41,,IN4920250227,811110,IIFL_SCRIPMASTER
762MH30A,BSE,810887.BO,762Mhsdl30,762MH30A|762Mhsdl30,,IN2220220106,810887,IIFL_SCRIPMASTER
762MP34,BSE,810925.BO,762Mpsdl34,762MP34|762Mpsdl34,,IN2120220073,810925,IIFL_SCRIPMASTER
762MPSDL39,BSE,811120.BO,762Mpsdl39,762MPSDL39|762Mpsdl39,,IN2120250419,811120,IIFL_SCRIPMASTER
762TN43,BSE,810920.BO,762Tamsdl43,762TN43|762Tamsdl43,,IN3120220287,810920,IIFL_SCRIPMASTER
763AP30,BSE,810845.BO,763Apsdl30,763AP30|763Apsdl30,,IN1020220118,810845,IIFL_SCRIPMASTER
763GS2059,BSE,800300.BO,763Goi2059,763GS2059|763Goi2059,,IN0020190057,800300,IIFL_SCRIPMASTER
763GJ32,BSE,810921.BO,763Gujsdl32,763GJ32|763Gujsdl32,,IN1520220204,810921,IIFL_SCRIPMASTER
763GJ33,BSE,810983.BO,763Gujsdl33,763GJ33|763Gujsdl33,,IN1520230229,810983,IIFL_SCRIPMASTER
763GJ34,BSE,810984.BO,763Gujsdl34,763GJ34|763Gujsdl34,,IN1520230237,810984,IIFL_SCRIPMASTER
763KA37,BSE,810910.BO,763Karsdl37,763KA37|763Karsdl37,,IN1920220051,810910,IIFL_SCRIPMASTER
763KA39,BSE,810913.BO,763Karsdl39,763KA39|763Karsdl39,,IN1920220093,810913,IIFL_SCRIPMASTER
763MH30,BSE,810844.BO,763Mahsdl30,763MH30|763Mahsdl30,,IN2220220049,810844,IIFL_SCRIPMASTER
763MH36,BSE,810987.BO,763Mahsdl36,763MH36|763Mahsdl36,,IN2220230204,810987,IIFL_SCRIPMASTER
763MPSDL48,BSE,811115.BO,763Mpsdl48,763MPSDL48|763Mpsdl48,,IN2120250369,811115,IIFL_SCRIPMASTER
763TN47,BSE,810907.BO,763Tnsdl47,763TN47|763Tnsdl47,,IN3120220212,810907,IIFL_SCRIPMASTER
764GJ31,BSE,810980.BO,764Gujsdl31,764GJ31|764Gujsdl31,,IN1520230187,810980,IIFL_SCRIPMASTER
764KL34,BSE,810918.BO,764Kersdl34,764KL34|764Kersdl34,,IN2020220124,810918,IIFL_SCRIPMASTER
764MH32,BSE,810888.BO,764Mhsdl32,764MH32|764Mhsdl32,,IN2220220114,810888,IIFL_SCRIPMASTER
764TN32,BSE,810871.BO,764Tmn32,764TN32|764Tmn32,,IN3120220105,810871,IIFL_SCRIPMASTER
764TN29,BSE,810885.BO,764Tnsdl29,764TN29|764Tnsdl29,,IN3120220089,810885,IIFL_SCRIPMASTER
765GJ29,BSE,810862.BO,765Gjsdl29,765GJ29|765Gjsdl29,,IN1520220048,810862,IIFL_SCRIPMASTER
765GJ29A,BSE,810973.BO,765Gujsdl29,765GJ29A|765Gujsdl29,,IN1520230112,810973,IIFL_SCRIPMASTER
765GJ33,BSE,810922.BO,765Gujsdl33,765GJ33|765Gujsdl33,,IN1520220212,810922,IIFL_SCRIPMASTER
765TNSDL27,BSE,810626.BO,765Tnsdl27,765TNSDL27|765Tnsdl27,,IN3120170094,810626,IIFL_SCRIPMASTER
765TN30,BSE,810970.BO,765Tnsdl30,765TN30|765Tnsdl30,,IN3120230310,810970,IIFL_SCRIPMASTER
766GJ30A,BSE,810975.BO,766Gjsdl30,766GJ30A|766Gjsdl30,,IN1520230120,810975,IIFL_SCRIPMASTER
766GJ30,BSE,810926.BO,766Gujsdl30,766GJ30|766Gujsdl30,,IN1520220246,810926,IIFL_SCRIPMASTER
766GJ32,BSE,810981.BO,766Gujsdl32,766GJ32|766Gujsdl32,,IN1520230195,810981,IIFL_SCRIPMASTER
766KA42,BSE,810909.BO,766Karsdl42,766KA42|766Karsdl42,,IN1920220044,810909,IIFL_SCRIPMASTER
766MHSDL47,BSE,811124.BO,766Mhsdl47,766MHSDL47|766Mhsdl47,,IN2220250509,811124,IIFL_SCRIPMASTER
767GA33A,BSE,810977.BO,767Goasdl33,767GA33A|767Goasdl33,,IN1420230204,810977,IIFL_SCRIPMASTER
767KA32,BSE,810906.BO,767Karsdl32,767KA32|767Karsdl32,,IN1920220028,810906,IIFL_SCRIPMASTER
767KA42,BSE,810985.BO,767Karsdl42,767KA42|767Karsdl42,,IN1920230241,810985,IIFL_SCRIPMASTER
767UPSDL41,BSE,811132.BO,767Upsdl41,767UPSDL41|767Upsdl41,,IN3320250217,811132,IIFL_SCRIPMASTER
768GJ30,BSE,810924.BO,768Gujsdl30,768GJ30|768Gujsdl30,,IN1520220238,810924,IIFL_SCRIPMASTER
768GJ33,BSE,810935.BO,768Gujsdl33,768GJ33|768Gujsdl33,,IN1520220287,810935,IIFL_SCRIPMASTER
768KA34,BSE,810914.BO,768Karsdl34,768KA34|768Karsdl34,,IN1920220127,810914,IIFL_SCRIPMASTER
769GS2043,BSE,800298.BO,769Goi2043,769GS2043|769Goi2043,,IN0020190040,800298,IIFL_SCRIPMASTER
769KA33A,BSE,810974.BO,769Karsdl33,769KA33A|769Karsdl33,,IN1920230092,810974,IIFL_SCRIPMASTER
769KL40,BSE,810889.BO,769Kersdl40,769KL40|769Kersdl40,,IN2020220066,810889,IIFL_SCRIPMASTER
769KSDL27,BSE,810860.BO,769Ksdl27,769KSDL27|769Ksdl27,,IN1920170124,810860,IIFL_SCRIPMASTER
769MH31,BSE,810934.BO,769Mahsdl31,769MH31|769Mahsdl31,,IN2220220213,810934,IIFL_SCRIPMASTER
76GJSDL26,BSE,810717.BO,76Gjsdl26,76GJSDL26|76Gjsdl26,,IN1520160087,810717,IIFL_SCRIPMASTER
76GJ32,BSE,810911.BO,76Gujsdl32,76GJ32|76Gujsdl32,,IN1520220162,810911,IIFL_SCRIPMASTER
76GJ33,BSE,810986.BO,76Gujsdl33,76GJ33|76Gujsdl33,,IN1520230245,810986,IIFL_SCRIPMASTER
76KA33,BSE,810917.BO,76Karsdl33,76KA33|76Karsdl33,,IN1920220168,810917,IIFL_SCRIPMASTER
76MH30,BSE,810635.BO,76Mhsdl30,76MH30|76Mhsdl30,,IN2220200025,810635,IIFL_SCRIPMASTER
76TN31,BSE,810988.BO,76Tamsdl31,76TN31|76Tamsdl31,,IN3120230401,810988,IIFL_SCRIPMASTER
77KA33,BSE,810967.BO,770Karsdl33,770Karsdl33|77KA33,,IN1920230068,810967,IIFL_SCRIPMASTER
77MH31,BSE,810932.BO,770Mahsdl31,770Mahsdl31|77MH31,,IN2220220197,810932,IIFL_SCRIPMASTER
77MH34,BSE,810969.BO,770Mhsdl34,770Mhsdl34|77MH34,,IN2220230147,810969,IIFL_SCRIPMASTER
77TN42,BSE,810879.BO,770Tmsdl42,770Tmsdl42|77TN42,,IN3120220154,810879,IIFL_SCRIPMASTER
771AP32,BSE,810846.BO,771Apsdl32,771AP32|771Apsdl32,,IN1020220134,810846,IIFL_SCRIPMASTER
771AP33A,BSE,810942.BO,771Apsdl33,771AP33A|771Apsdl33,,IN1020230034,810942,IIFL_SCRIPMASTER
771GOI2066,BSE,800816.BO,771Goi2066,771GOI2066|771Goi2066,,IN0020260033,800816,IIFL_SCRIPMASTER
771GUJ2027,BSE,810575.BO,771Guj2027,771GUJ2027|771Guj2027,,IN1520160202,810575,IIFL_SCRIPMASTER
771GJ33,BSE,810929.BO,771Gujsdl33,771GJ33|771Gujsdl33,,IN1520220253,810929,IIFL_SCRIPMASTER
771GJ34,BSE,810931.BO,771Gujsdl34,771GJ34|771Gujsdl34,,IN1520220279,810931,IIFL_SCRIPMASTER
771MH33,BSE,810968.BO,771Mhsdl33,771MH33|771Mhsdl33,,IN2220230139,810968,IIFL_SCRIPMASTER
772GS2055,BSE,800250.BO,772Cg2055,772Cg2055|772GS2055,,IN0020150077,800250,IIFL_SCRIPMASTER
772GS2049,BSE,800299.BO,772Goi2049,772GS2049|772Goi2049,,IN0020190032,800299,IIFL_SCRIPMASTER
772GJ35,BSE,810933.BO,772Gujsdl35,772GJ35|772Gujsdl35,,IN1520220295,810933,IIFL_SCRIPMASTER
772MH32,BSE,810938.BO,772Mah32,772MH32|772Mah32,,IN2220220239,810938,IIFL_SCRIPMASTER
772MH31,BSE,810928.BO,772Mahsdl31,772MH31|772Mahsdl31,,IN2220220171,810928,IIFL_SCRIPMASTER
772MH34,BSE,810848.BO,772Mahsdl34,772MH34|772Mahsdl34,,IN2220220072,810848,IIFL_SCRIPMASTER
773GS2034,BSE,800241.BO,773Cg2034,773Cg2034|773GS2034,,IN0020150051,800241,IIFL_SCRIPMASTER
773GJ29,BSE,810633.BO,773Gjsdl29,773GJ29|773Gjsdl29,,IN1520200016,810633,IIFL_SCRIPMASTER
773GJ32,BSE,810873.BO,773Gujsdl32,773GJ32|773Gujsdl32,,IN1520220089,810873,IIFL_SCRIPMASTER
773MH32,BSE,810939.BO,773Mahsdl32,773MH32|773Mahsdl32,,IN2220220254,810939,IIFL_SCRIPMASTER
773MH36,BSE,810982.BO,773Mahsdl36,773MH36|773Mahsdl36,,IN2220230188,810982,IIFL_SCRIPMASTER
773RJ2027,BSE,810590.BO,773Rj2027,773RJ2027|773Rj2027,,IN2920160420,810590,IIFL_SCRIPMASTER
774AP38,BSE,810875.BO,774Apsdl38,774AP38|774Apsdl38,,IN1020220431,810875,IIFL_SCRIPMASTER
774KA34,BSE,810979.BO,774Karsdl34,774KA34|774Karsdl34,,IN1920230167,810979,IIFL_SCRIPMASTER
774KA37,BSE,810908.BO,774Karsdl37,774KA37|774Karsdl37,,IN1920220036,810908,IIFL_SCRIPMASTER
774MH33,BSE,810930.BO,774Mahsdl33,774MH33|774Mahsdl33,,IN2220220189,810930,IIFL_SCRIPMASTER
774MP43,BSE,810936.BO,774Mpsdl43,774MP43|774Mpsdl43,,IN2120220131,810936,IIFL_SCRIPMASTER
774TELSD51,BSE,811079.BO,774Telsd51,774TELSD51|774Telsd51,,IN4520250346,811079,IIFL_SCRIPMASTER
775GUJ2027,BSE,810583.BO,775Guj2027,775GUJ2027|775Guj2027,,IN1520170136,810583,IIFL_SCRIPMASTER
775GUJ2028,BSE,810574.BO,775Guj2028,775GUJ2028|775Guj2028,,IN1520170169,810574,IIFL_SCRIPMASTER
775GJ32,BSE,810891.BO,775Gujsdl32,775GJ32|775Gujsdl32,,IN1520220105,810891,IIFL_SCRIPMASTER
775TN30,BSE,810641.BO,775Tn2030,775TN30|775Tn2030,,IN3120200016,810641,IIFL_SCRIPMASTER
775WBSDL47,BSE,811075.BO,775Wbsdl47,775WBSDL47|775Wbsdl47,,IN3420250109,811075,IIFL_SCRIPMASTER
776AP32,BSE,810841.BO,776Apsdl32,776AP32|776Apsdl32,,IN1020220076,810841,IIFL_SCRIPMASTER
776KL38,BSE,810877.BO,776Kersdl38,776KL38|776Kersdl38,,IN2020220033,810877,IIFL_SCRIPMASTER
776MH30,BSE,810890.BO,776Mahsdl30,776MH30|776Mahsdl30,,IN2220220122,810890,IIFL_SCRIPMASTER
777GJ32,BSE,810868.BO,777Gujsdl32,777GJ32|777Gujsdl32,,IN1520220063,810868,IIFL_SCRIPMASTER
777MHSDL44,BSE,811130.BO,777Mhsdl44,777MHSDL44|777Mhsdl44,,IN2220260052,811130,IIFL_SCRIPMASTER
777MP47,BSE,810941.BO,777Mpsdl47,777MP47|777Mpsdl47,,IN2120220149,810941,IIFL_SCRIPMASTER
778AP41,BSE,810842.BO,778Apsdl41,778AP41|778Apsdl41,,IN1020220084,810842,IIFL_SCRIPMASTER
778AP42,BSE,810843.BO,778Apsdl42,778AP42|778Apsdl42,,IN1020220092,810843,IIFL_SCRIPMASTER
778KLSDL45,BSE,811078.BO,778Klsdl45,778KLSDL45|778Klsdl45,,IN2020250154,811078,IIFL_SCRIPMASTER
778MH30,BSE,810898.BO,778Mahsdl30,778MH30|778Mahsdl30,,IN2220220148,810898,IIFL_SCRIPMASTER
778TS34,BSE,810937.BO,778Tlsdl34,778TS34|778Tlsdl34,,IN4520220455,810937,IIFL_SCRIPMASTER
779MHSDL54,BSE,811131.BO,779Mhsdl54,779MHSDL54|779Mhsdl54,,IN2220260060,811131,IIFL_SCRIPMASTER
77KL47,BSE,810892.BO,77Kersdl47,77KL47|77Kersdl47,,IN2020220074,810892,IIFL_SCRIPMASTER
77MH30,BSE,810895.BO,77Mahsdl30,77MH30|77Mahsdl30,,IN2220220130,810895,IIFL_SCRIPMASTER
770MH32,BSE,810847.BO,77Mahsdl32,770MH32|77Mahsdl32,,IN2220220064,810847,IIFL_SCRIPMASTER
77MH33A,BSE,810971.BO,77Mahsdl33,77MH33A|77Mahsdl33,,IN2220230154,810971,IIFL_SCRIPMASTER
78GJ32,BSE,810850.BO,780Gjsdl32,780Gjsdl32|78GJ32,,IN1520220022,810850,IIFL_SCRIPMASTER
780GUJ2027,BSE,810577.BO,780Guj2027,780GUJ2027|780Guj2027,,IN1520170151,810577,IIFL_SCRIPMASTER
78TN42,BSE,810905.BO,780Tnsdl42,780Tnsdl42|78TN42,,IN3120220204,810905,IIFL_SCRIPMASTER
781APSDL56,BSE,811129.BO,781Apsdl56,781APSDL56|781Apsdl56,,IN1020260056,811129,IIFL_SCRIPMASTER
781GJ32,BSE,810893.BO,781Gujsdl32,781GJ32|781Gujsdl32,,IN1520220113,810893,IIFL_SCRIPMASTER
781UP34,BSE,810894.BO,781Upsdl34,781UP34|781Upsdl34,,IN3320220046,810894,IIFL_SCRIPMASTER
782AP42,BSE,810872.BO,782Apsdl42,782AP42|782Apsdl42,,IN1020220381,810872,IIFL_SCRIPMASTER
782GJ32,BSE,810861.BO,782Gjsdl32,782GJ32|782Gjsdl32,,IN1520220030,810861,IIFL_SCRIPMASTER
782RJ32,BSE,810903.BO,782Rajsdl32,782RJ32|782Rajsdl32,,IN2920220216,810903,IIFL_SCRIPMASTER
783MH30,BSE,810634.BO,783Mhsdl30,783MH30|783Mhsdl30,,IN2220200017,810634,IIFL_SCRIPMASTER
783TN42,BSE,810900.BO,783Tnsdl42,783TN42|783Tnsdl42,,IN3120220196,810900,IIFL_SCRIPMASTER
784TGSDL47,BSE,811119.BO,784Tgsdl47,784TGSDL47|784Tgsdl47,,IN4520250700,811119,IIFL_SCRIPMASTER
784TN52,BSE,810858.BO,784Tnsdl52,784TN52|784Tnsdl52,,IN3120220048,810858,IIFL_SCRIPMASTER
785AP37,BSE,810859.BO,785Apsdl37,785AP37|785Apsdl37,,IN1020220225,810859,IIFL_SCRIPMASTER
785KL35,BSE,810876.BO,785Kersdl35,785KL35|785Kersdl35,,IN2020220025,810876,IIFL_SCRIPMASTER
786MH30,BSE,810852.BO,786Mahsdl30,786MH30|786Mahsdl30,,IN2220220080,810852,IIFL_SCRIPMASTER
787TN33,BSE,810864.BO,787Tnsdl33,787TN33|787Tnsdl33,,IN3120220071,810864,IIFL_SCRIPMASTER
788GS2030,BSE,800247.BO,788Cg2030,788Cg2030|788GS2030,,IN0020150028,800247,IIFL_SCRIPMASTER
788MP33,BSE,810901.BO,788Mpsdl33,788MP33|788Mpsdl33,,IN2120220032,810901,IIFL_SCRIPMASTER
789MH32,BSE,810853.BO,789Mahsdl32,789MH32|789Mahsdl32,,IN2220220098,810853,IIFL_SCRIPMASTER
78GJ32A,BSE,810865.BO,78Gujsdl32,78GJ32A|78Gujsdl32,,IN1520220055,810865,IIFL_SCRIPMASTER
78KL45,BSE,810902.BO,78Kersdl45,78KL45|78Kersdl45,,IN2020220090,810902,IIFL_SCRIPMASTER
78TN32A,BSE,810867.BO,78Tamsdl32,78TN32A|78Tamsdl32,,IN3120220097,810867,IIFL_SCRIPMASTER
79AP34,BSE,810849.BO,790Apsdl34,790Apsdl34|79AP34,,IN1020220167,810849,IIFL_SCRIPMASTER
792BRSDL51,BSE,811133.BO,792Brsdl51,792BRSDL51|792Brsdl51,,IN1320260012,811133,IIFL_SCRIPMASTER
794TN32,BSE,810855.BO,794Tnsdl32,794TN32|794Tnsdl32,,IN3120220030,810855,IIFL_SCRIPMASTER
795AP40A,BSE,810863.BO,795Apsdl40,795AP40A|795Apsdl40,,IN1020220290,810863,IIFL_SCRIPMASTER
795GJSDL28,BSE,810596.BO,795Gjsdl28,795GJSDL28|795Gjsdl28,,IN1520180028,810596,IIFL_SCRIPMASTER
795GS2032,BSE,800220.BO,795Goi2032,795GS2032|795Goi2032,,IN0020020106,800220,IIFL_SCRIPMASTER
795TS35,BSE,810866.BO,795Telsdl35,795TS35|795Telsdl35,,IN4520220091,810866,IIFL_SCRIPMASTER
797RJSDL43,BSE,811127.BO,797Rjsdl43,797RJSDL43|797Rjsdl43,,IN2920260014,811127,IIFL_SCRIPMASTER
799TN42,BSE,810854.BO,799Tnsdl42,799TN42|799Tnsdl42,,IN3120220022,810854,IIFL_SCRIPMASTER
70AP38A,BSE,810790.BO,7Apsdl2038,70AP38A|7Apsdl2038,,IN1020210390,810790,IIFL_SCRIPMASTER
7SEASL,BSE,540874.BO,7Seas Entertainment,7SEASL|7Seas Entertainment|7Seas Entertainment Limited,,INE454F01010,540874,IIFL_SCRIPMASTER
70TN31,BSE,810763.BO,7Tamsdl31,70TN31|7Tamsdl31,,IN3120210163,810763,IIFL_SCRIPMASTER
7TNSDL29,BSE,811043.BO,7Tnsdl29,7TNSDL29|7Tnsdl29,,IN3120240319,811043,IIFL_SCRIPMASTER
826GS2027,BSE,800148.BO,8.26% Central Govt 2027,8.26% Central Govt 2027|826GS2027,,IN0020070036,800148,IIFL_SCRIPMASTER
803AP35,BSE,810851.BO,803Apsdl35,803AP35|803Apsdl35,,IN1020220175,810851,IIFL_SCRIPMASTER
804AP37,BSE,810869.BO,804Apsdl37,804AP37|804Apsdl37,,IN1020220365,810869,IIFL_SCRIPMASTER
804AP41,BSE,810856.BO,804Apsdl41,804AP41|804Apsdl41,,IN1020220191,810856,IIFL_SCRIPMASTER
804AP42,BSE,810857.BO,804Apsdl42,804AP42|804Apsdl42,,IN1020220209,810857,IIFL_SCRIPMASTER
805GUJ2028,BSE,810579.BO,805Guj2028,805GUJ2028|805Guj2028,,IN1520170185,810579,IIFL_SCRIPMASTER
805TN2028,BSE,810588.BO,805Tn2028,805TN2028|805Tn2028,,IN3120180010,810588,IIFL_SCRIPMASTER
807MHSDL49,BSE,811125.BO,807Mhsdl49,807MHSDL49|807Mhsdl49,,IN2220260037,811125,IIFL_SCRIPMASTER
807RJ2026,BSE,810580.BO,807Rj2026,807RJ2026|807Rj2026,,IN2920160032,810580,IIFL_SCRIPMASTER
807TGSDL56,BSE,811126.BO,807Tgsdl56,807TGSDL56|807Tgsdl56,,IN4520260022,811126,IIFL_SCRIPMASTER
808GUJSDL28,BSE,810627.BO,808Gujsdl28,808GUJSDL28|808Gujsdl28,,IN1520180234,810627,IIFL_SCRIPMASTER
808MHSDL28,BSE,810607.BO,808Mhsdl28,808MHSDL28|808Mhsdl28,,IN2220180052,810607,IIFL_SCRIPMASTER
813CG2045A,BSE,800249.BO,813Cg2045,813CG2045A|813Cg2045,,IN0020150044,800249,IIFL_SCRIPMASTER
814GJ2029,BSE,810619.BO,814Gj2029,814GJ2029|814Gj2029,,IN1520180333,810619,IIFL_SCRIPMASTER
814GJSDL29,BSE,810622.BO,814Gjsdl29,814GJSDL29|814Gjsdl29,,IN1520190019,810622,IIFL_SCRIPMASTER
815GS2026,BSE,800218.BO,815Goi2026,815GS2026|815Goi2026,,IN0020140060,800218,IIFL_SCRIPMASTER
815MH2030,BSE,810620.BO,815Mh2030,815MH2030|815Mh2030,,IN2220190010,810620,IIFL_SCRIPMASTER
815TN2028,BSE,810594.BO,815Tn2028,815TN2028|815Tn2028,,IN3120180036,810594,IIFL_SCRIPMASTER
816GUJ2028,BSE,810585.BO,816Guj2028,816GUJ2028|816Guj2028,,IN1520180044,810585,IIFL_SCRIPMASTER
817GJ2029,BSE,810621.BO,817Gj2029,817GJ2029|817Gj2029,,IN1520190035,810621,IIFL_SCRIPMASTER
817GS2044,BSE,800257.BO,817Goi2044,817GS2044|817Goi2044,,IN0020140078,800257,IIFL_SCRIPMASTER
818TN2028,BSE,810618.BO,818Tn2028,818TN2028|818Tn2028,,IN3120180192,810618,IIFL_SCRIPMASTER
823GUJ2028,BSE,810578.BO,823Guj2028,823GUJ2028|823Guj2028,,IN1520170219,810578,IIFL_SCRIPMASTER
824GS2027,BSE,800164.BO,824Goi2027,824GS2027|824Goi2027,,IN0020060078,800164,IIFL_SCRIPMASTER
824GS2033,BSE,800211.BO,824Goi2033,824GS2033|824Goi2033,,IN0020140052,800211,IIFL_SCRIPMASTER
825GJSDL29,BSE,810602.BO,825Gjsdl29,825GJSDL29|825Gjsdl29,,IN1520180242,810602,IIFL_SCRIPMASTER
826MHSDL29,BSE,810603.BO,826Mhsdl29,826MHSDL29|826Mhsdl29,,IN2220180060,810603,IIFL_SCRIPMASTER
827GUJ2029,BSE,810608.BO,827Guj2029,827GUJ2029|827Guj2029,,IN1520180259,810608,IIFL_SCRIPMASTER
828GS2027,BSE,800173.BO,828Goi2027,828GS2027|828Goi2027,,IN0020070069,800173,IIFL_SCRIPMASTER
828GS2032,BSE,800178.BO,828Goi2032,828GS2032|828Goi2032,,IN0020060086,800178,IIFL_SCRIPMASTER
828GUJ2029,BSE,810610.BO,828Guj2029,828GUJ2029|828Guj2029,,IN1520180283,810610,IIFL_SCRIPMASTER
828GUJ2029A,BSE,810611.BO,828Guj2029A,828GUJ2029A|828Guj2029A,,IN1520180291,810611,IIFL_SCRIPMASTER
828RJ2028,BSE,810581.BO,828Rj2028,828RJ2028|828Rj2028,,IN2920170197,810581,IIFL_SCRIPMASTER
830GJSDL202,BSE,810609.BO,830Gjsdl2029,830GJSDL202|830Gjsdl2029,,IN1520180275,810609,IIFL_SCRIPMASTER
83GS2040,BSE,800160.BO,830Goi2040,830Goi2040|83GS2040,,IN0020100031,800160,IIFL_SCRIPMASTER
83GS2042,BSE,800162.BO,830Goi2042,830Goi2042|83GS2042,,IN0020120062,800162,IIFL_SCRIPMASTER
831KSDL29,BSE,810615.BO,831Ksdl29,831KSDL29|831Ksdl29,,IN2020180146,810615,IIFL_SCRIPMASTER
832GS2032,BSE,800157.BO,832Goi2032,832GS2032|832Goi2032,,IN0020070044,800157,IIFL_SCRIPMASTER
833GS2026,BSE,800172.BO,833Goi2026,833GS2026|833Goi2026,,IN0020120039,800172,IIFL_SCRIPMASTER
833GS2032,BSE,800179.BO,833Goi2032,833GS2032|833Goi2032,,IN0020070077,800179,IIFL_SCRIPMASTER
833GS2036,BSE,800158.BO,833Goi2036,833GS2036|833Goi2036,,IN0020060045,800158,IIFL_SCRIPMASTER
833GSJUL26,BSE,800796.BO,833Gsjul26,833GSJUL26|833Gsjul26,,IN000726P019,800796,IIFL_SCRIPMASTER
835GJSDL29,BSE,810613.BO,835Gjsdl29,835GJSDL29|835Gjsdl29,,IN1520180317,810613,IIFL_SCRIPMASTER
835GUJ2028,BSE,810576.BO,835Guj2028,835GUJ2028|835Guj2028,,IN1520170227,810576,IIFL_SCRIPMASTER
838GJSDL29,BSE,810612.BO,838Gjsdl29,838GJSDL29|838Gjsdl29,,IN1520180309,810612,IIFL_SCRIPMASTER
83GUJ2029,BSE,810617.BO,83Guj2029,83GUJ2029|83Guj2029,,IN1520180325,810617,IIFL_SCRIPMASTER
844RSDL29,BSE,810614.BO,844Rsdl29,844RSDL29|844Rsdl29,,IN2920180311,810614,IIFL_SCRIPMASTER
84RAJ2029,BSE,810616.BO,84Raj2029,84RAJ2029|84Raj2029,,IN2920180337,810616,IIFL_SCRIPMASTER
850GJSDL28,BSE,810601.BO,850Gjsdl28,850GJSDL28|850Gjsdl28,,IN1520180200,810601,IIFL_SCRIPMASTER
853RJSDL28,BSE,810597.BO,853Rjsdl28,853RJSDL28|853Rjsdl28,,IN2920180170,810597,IIFL_SCRIPMASTER
858GJSDL28,BSE,810600.BO,858Gjsdl28,858GJSDL28|858Gjsdl28,,IN1520180176,810600,IIFL_SCRIPMASTER
86GS2028,BSE,800219.BO,860Goi2028,860Goi2028|86GS2028,,IN0020140011,800219,IIFL_SCRIPMASTER
861GJSDL28,BSE,810599.BO,861Gjsdl28,861GJSDL28|861Gjsdl28,,IN1520180168,810599,IIFL_SCRIPMASTER
870GJSDL28,BSE,810598.BO,870Gjsdl28,870GJSDL28|870Gjsdl28,,IN1520180119,810598,IIFL_SCRIPMASTER
883GS2041,BSE,800161.BO,883Goi2041,883GS2041|883Goi2041,,IN0020110063,800161,IIFL_SCRIPMASTER
895FCI29,BSE,800293.BO,895Fci29,895FCI29|895Fci29,,INE861G08043,800293,IIFL_SCRIPMASTER
897GS2030,BSE,800176.BO,897Goi2030,897GS2030|897Goi2030,,IN0020110055,800176,IIFL_SCRIPMASTER
91TB040626,BSE,805187.BO,91Tb040626,91TB040626|91Tb040626,,IN002025X489,805187,IIFL_SCRIPMASTER
91TB110626,BSE,805190.BO,91Tb110626,91TB110626|91Tb110626,,IN002025X497,805190,IIFL_SCRIPMASTER
91TB13826,BSE,805214.BO,91Tb13826,91TB13826|91Tb13826,,IN002026X065,805214,IIFL_SCRIPMASTER
91TB16726,BSE,805202.BO,91Tb16726,91TB16726|91Tb16726,,IN002026X024,805202,IIFL_SCRIPMASTER
91TB190626,BSE,805193.BO,91Tb190626,91TB190626|91Tb190626,,IN002025X505,805193,IIFL_SCRIPMASTER
91TB20826,BSE,805217.BO,91Tb20826,91TB20826|91Tb20826,,IN002026X073,805217,IIFL_SCRIPMASTER
91TB230726,BSE,805205.BO,91Tb230726,91TB230726|91Tb230726,,IN002026X032,805205,IIFL_SCRIPMASTER
91TB260626,BSE,805196.BO,91Tb260626,91TB260626|91Tb260626,,IN002025X513,805196,IIFL_SCRIPMASTER
91TB300726,BSE,805208.BO,91Tb300726,91TB300726|91Tb300726,,IN002026X040,805208,IIFL_SCRIPMASTER
91TB60826,BSE,805211.BO,91Tb60826,91TB60826|91Tb60826,,IN002026X057,805211,IIFL_SCRIPMASTER
91TB90726,BSE,805199.BO,91Tb90726,91TB90726|91Tb90726,,IN002026X016,805199,IIFL_SCRIPMASTER
92GS2030,BSE,800177.BO,920Goi2030,920Goi2030|92GS2030,,IN0020130053,800177,IIFL_SCRIPMASTER
923GS2043,BSE,800163.BO,923Goi2043,923GS2043|923Goi2043,,IN0020130079,800163,IIFL_SCRIPMASTER
928IOC16I,BSE,990003.BO,928Ioc16I (Permitted),928IOC16I|928Ioc16I (Permitted),,,990003,IIFL_SCRIPMASTER
930REC16I,BSE,990002.BO,930Rec16I (Permitted),930REC16I|930Rec16I (Permitted),,INE020B08633,990002,IIFL_SCRIPMASTER
949PFC16I,BSE,990004.BO,949Pfc16I (Permitted),949PFC16I|949Pfc16I (Permitted),,,990004,IIFL_SCRIPMASTER
ABCOTS,BSE,208474.BO,A B Cotspin India,A B Cotspin India|A B Cotspin India Limited|ABCOTS,,INE08PH01015,208474,IIFL_SCRIPMASTER
ABCOTS,BSE,544522.BO,A B Cotspin India,A B Cotspin India|A B Cotspin India Limited|ABCOTS,,INE08PH01015,544522,IIFL_SCRIPMASTER
ABINFRA,BSE,544281.BO,A B Infrabuild,A B Infrabuild|A B Infrabuild Limited|ABINFRA,,INE00YB01025,544281,IIFL_SCRIPMASTER
AGUL,BSE,210301.BO,A G Universal,A G Universal|A G Universal Limited|AGUL,,INE0O6N01012,210301,IIFL_SCRIPMASTER
A1L,BSE,542012.BO,A-1,A-1|A-1 Limited|A1L,,INE911Z01025,542012,IIFL_SCRIPMASTER
AKCAPIT,BSE,530499.BO,A.K.Capital Services,A.K.Capital Services|A.K.Capital Services Limited|AKCAPIT,,INE701G01012,530499,IIFL_SCRIPMASTER
A2ZINFRA,BSE,533292.BO,A2Z Infra Engineering,A2Z Infra Engineering|A2Z Infra Engineering Limited|A2ZINFRA,,INE619I01012,533292,IIFL_SCRIPMASTER
AAPLUSTRAD,BSE,543319.BO,Aa Plus Tradelink,AAPLUSTRAD|Aa Plus Tradelink|Aa Plus Tradelink Limited,,INE0C5901022,543319,IIFL_SCRIPMASTER
AAATECH,BSE,543671.BO,Aaa Technologies,AAATECH|Aaa Technologies|Aaa Technologies Limited,,INE0D0U01013,543671,IIFL_SCRIPMASTER
AADHARHFC,BSE,544176.BO,Aadhar Housing Finance,AADHARHFC|Aadhar Housing Finance|Aadhar Housing Finance Limited,,INE883F01010,544176,IIFL_SCRIPMASTER
AADIIND,BSE,530027.BO,Aadi Industries,AADIIND|Aadi Industries|Aadi Industries Limited,,INE563D01013,530027,IIFL_SCRIPMASTER
AAKAAR,BSE,213454.BO,Aakaar Medical Techno,AAKAAR|Aakaar Medical Techno|Aakaar Medical Techno Limited,,INE1GYP01013,213454,IIFL_SCRIPMASTER
AAKASH,BSE,208537.BO,Aakash Exploration Ser L,AAKASH|Aakash Exploration Ser L,,INE087Z01024,208537,IIFL_SCRIPMASTER
AARADHYA,BSE,213636.BO,Aaradhya Disposal Indus L,AARADHYA|Aaradhya Disposal Indus L,,INE124401014,213636,IIFL_SCRIPMASTER
AARNAV,BSE,539562.BO,Aarnav Fashions,AARNAV|Aarnav Fashions|Aarnav Fashions Limited,,INE750R01016,539562,IIFL_SCRIPMASTER
AARON,BSE,203282.BO,Aaron Industries,AARON|Aaron Industries|Aaron Industries Limited,,INE721Z01010,203282,IIFL_SCRIPMASTER
AARTECH,BSE,542580.BO,Aartech Solonics,AARTECH|Aartech Solonics|Aartech Solonics Limited,,INE01C001026,542580,IIFL_SCRIPMASTER
AARTIDRUGS,BSE,524348.BO,Aarti Drugs,AARTIDRUGS|Aarti Drugs|Aarti Drugs Limited,,INE767A01016,524348,IIFL_SCRIPMASTER
AARTIIND,BSE,524208.BO,Aarti Industries,AARTIIND|Aarti Industries|Aarti Industries Limited,,INE769A01020,524208,IIFL_SCRIPMASTER
AARTIPHARM,BSE,543748.BO,Aarti Pharmalabs,AARTIPHARM|Aarti Pharmalabs|Aarti Pharmalabs Limited,,INE0LRU01027,543748,IIFL_SCRIPMASTER
AARTISURF,BSE,543210.BO,Aarti Surfactants,AARTISURF|Aarti Surfactants|Aarti Surfactants Limited,,INE09EO01013,543210,IIFL_SCRIPMASTER
AARVI,BSE,202402.BO,Aarvi Encon,AARVI|Aarvi Encon|Aarvi Encon Limited,,INE754X01016,202402,IIFL_SCRIPMASTER
AASHKA,BSE,543346.BO,Aashka Hospitals,AASHKA|Aashka Hospitals|Aashka Hospitals Limited,,INE0EAX01014,543346,IIFL_SCRIPMASTER
AASTAFIN,BSE,511764.BO,Aastamangalam Finance,AASTAFIN|Aastamangalam Finance|Aastamangalam Finance Limited,,INE819K01014,511764,IIFL_SCRIPMASTER
AATMAJ,BSE,210436.BO,Aatmaj Healthcare,AATMAJ|Aatmaj Healthcare|Aatmaj Healthcare Limited,,INE0OB201016,210436,IIFL_SCRIPMASTER
AAVAS,BSE,541988.BO,Aavas Financiers,AAVAS|Aavas Financiers|Aavas Financiers Limited,,INE216P01012,541988,IIFL_SCRIPMASTER
AAYUSHBULL,BSE,540718.BO,Aayush Art and Bullion,AAYUSHBULL|Aayush Art and Bullion|Aayush Art and Bullion Limited,,INE777X01017,540718,IIFL_SCRIPMASTER
AAYUSH,BSE,539528.BO,Aayush Wellness,AAYUSH|Aayush Wellness|Aayush Wellness Limited,,INE430R01023,539528,IIFL_SCRIPMASTER
AFSL,BSE,543712.BO,Abans Financial Services Limit,AFSL|Abans Financial Services Limit,,INE00ZE01026,543712,IIFL_SCRIPMASTER
ABATEAS,BSE,531658.BO,Abate As Industries,ABATEAS|Abate As Industries|Abate As Industries Limited,,INE454E01013,531658,IIFL_SCRIPMASTER
ABB,BSE,500002.BO,Abb India,ABB|Abb India|Abb India Limited,,INE117A01022,500002,IIFL_SCRIPMASTER
ABBOTINDIA,BSE,500488.BO,Abbott India,ABBOTINDIA|Abbott India|Abbott India Limited,,INE358A01014,500488,IIFL_SCRIPMASTER
ABCINDQ,BSE,520123.BO,Abc India,ABCINDQ|Abc India|Abc India Limited,,INE125D01011,520123,IIFL_SCRIPMASTER
ABHAPOWER,BSE,212231.BO,Abha Power N Steel,ABHAPOWER|Abha Power N Steel|Abha Power N Steel Limited,,INE0UYG01015,212231,IIFL_SCRIPMASTER
ABHICAP,BSE,532057.BO,Abhinav Capital Services,ABHICAP|Abhinav Capital Services|Abhinav Capital Services Limited,,INE516F01016,532057,IIFL_SCRIPMASTER
ALFL,BSE,538952.BO,Abhinav Leasing & Finance Limi,ALFL|Abhinav Leasing & Finance Limi,,INE211D01027,538952,IIFL_SCRIPMASTER
ABHIFIN,BSE,538935.BO,Abhishek Finlease,ABHIFIN|Abhishek Finlease|Abhishek Finlease Limited,,INE723C01015,538935,IIFL_SCRIPMASTER
ABHIINFRA,BSE,539544.BO,Abhishek Infraventures,ABHIINFRA|Abhishek Infraventures|Abhishek Infraventures Limited,,INE281P01016,539544,IIFL_SCRIPMASTER
AILIMITED,BSE,208056.BO,Abhishek Integrations,AILIMITED|Abhishek Integrations|Abhishek Integrations Limited,,INE0CAJ01017,208056,IIFL_SCRIPMASTER
ABMINTLLTD,BSE,208186.BO,Abm International,ABMINTLLTD|Abm International|Abm International Limited,,INE251C01025,208186,IIFL_SCRIPMASTER
ABMKNO,BSE,531161.BO,Abm Knowledgeware,ABMKNO|Abm Knowledgeware|Abm Knowledgeware Limited,,INE850B01026,531161,IIFL_SCRIPMASTER
ABRFL,BSE,544422.BO,Abram Food,ABRFL|Abram Food|Abram Food Limited,,INE0ZDY01011,544422,IIFL_SCRIPMASTER
ABRIL,BSE,544500.BO,Abril Paper Tech,ABRIL|Abril Paper Tech|Abril Paper Tech Limited,,INE15MX01014,544500,IIFL_SCRIPMASTER
ABSMARINE,BSE,211582.BO,Abs Marine Services,ABSMARINE|Abs Marine Services|Abs Marine Services Limited,,INE0QRV01016,211582,IIFL_SCRIPMASTER
ACC,BSE,500410.BO,Acc,ACC|Acc|Acc Limited,,INE012A01025,500410,IIFL_SCRIPMASTER
ACCEDERE,BSE,531533.BO,Accedere,ACCEDERE|Accedere|Accedere Limited,,INE578B01015,531533,IIFL_SCRIPMASTER
ACCEL,BSE,517494.BO,Accel,ACCEL|Accel|Accel Limited,,INE258C01038,517494,IIFL_SCRIPMASTER
ACCELYA,BSE,532268.BO,Accelya Solutions India Limite,ACCELYA|Accelya Solutions India Limite,,INE793A01012,532268,IIFL_SCRIPMASTER
ACCENT-RE,BSE,213430.BO,Accent Microcell,ACCENT-RE|Accent Microcell|Accent Microcell Limited,,INE0Q5D20013,213430,IIFL_SCRIPMASTER
ACCENTMIC,BSE,210915.BO,Accent Microcell,ACCENTMIC|Accent Microcell|Accent Microcell Limited,,INE0Q5D01013,210915,IIFL_SCRIPMASTER
ACCORD,BSE,206183.BO,Accord Synergy,ACCORD|Accord Synergy|Accord Synergy Limited,,INE113X01015,206183,IIFL_SCRIPMASTER
ACCORDTS,BSE,544710.BO,Accord Transformer & Switchgea,ACCORDTS|Accord Transformer & Switchgea,,INE132201018,544710,IIFL_SCRIPMASTER
ACCPL,BSE,213326.BO,Accretion Pharma,ACCPL|Accretion Pharma|Accretion Pharma Limited,,INE0T8T01010,213326,IIFL_SCRIPMASTER
ACCURACY,BSE,209473.BO,Accuracy Shipping,ACCURACY|Accuracy Shipping|Accuracy Shipping Limited,,INE648Z01023,209473,IIFL_SCRIPMASTER
ACCURACY,BSE,544598.BO,Accuracy Shipping,ACCURACY|Accuracy Shipping|Accuracy Shipping Limited,,INE648Z01023,544598,IIFL_SCRIPMASTER
ACEALPHA,BSE,544431.BO,Ace Alpha Tech,ACEALPHA|Ace Alpha Tech|Ace Alpha Tech Limited,,INE0S9X01011,544431,IIFL_SCRIPMASTER
ACEINTEG,BSE,205354.BO,Ace Integrated Solu.,ACEINTEG|Ace Integrated Solu.|Ace Integrated Solu. Limited,,INE543V01017,205354,IIFL_SCRIPMASTER
ACEMEN,BSE,539661.BO,Ace Men Engg Works,ACEMEN|Ace Men Engg Works|Ace Men Engg Works Limited,,INE023R01018,539661,IIFL_SCRIPMASTER
ACESEPP,BSE,890230.BO,Ace Software Exports,ACESEPP|Ace Software Exports|Ace Software Exports Limited,,IN9849B01026,890230,IIFL_SCRIPMASTER
ACESOFT,BSE,531525.BO,Ace Software Exports,ACESOFT|Ace Software Exports|Ace Software Exports Limited,,INE849B01010,531525,IIFL_SCRIPMASTER
ACETEC,BSE,215870.BO,Acetech E-Commerce,ACETEC|Acetech E-Commerce|Acetech E-Commerce Limited,,INE1J6M01010,215870,IIFL_SCRIPMASTER
ACHYUT,BSE,543499.BO,Achyut Healthcare,ACHYUT|Achyut Healthcare|Achyut Healthcare Limited,,INE0K1401020,543499,IIFL_SCRIPMASTER
ACIIN,BSE,517356.BO,Aci Infocom,ACIIN|Aci Infocom|Aci Infocom Limited,,INE167B01025,517356,IIFL_SCRIPMASTER
ACKNIT,BSE,530043.BO,Acknit Industries,ACKNIT|Acknit Industries|Acknit Industries Limited,,INE326C01017,530043,IIFL_SCRIPMASTER
ACMESOLAR,BSE,544283.BO,Acme Solar Holdings,ACMESOLAR|Acme Solar Holdings|Acme Solar Holdings Limited,,INE622W01025,544283,IIFL_SCRIPMASTER
ACROW,BSE,513149.BO,Acrow India,ACROW|Acrow India|Acrow India Limited,,INE950D01012,513149,IIFL_SCRIPMASTER
ACSTECH,BSE,530745.BO,Acs Technologies,ACSTECH|Acs Technologies|Acs Technologies Limited,,INE366C01021,530745,IIFL_SCRIPMASTER
ACE,BSE,532762.BO,Action Construction Equipment,ACE|Action Construction Equipment,,INE731H01025,532762,IIFL_SCRIPMASTER
ACTIVE,BSE,541144.BO,Active Clothing Co,ACTIVE|Active Clothing Co|Active Clothing Co Limited,,INE380Z01015,541144,IIFL_SCRIPMASTER
ACTIVEINFR,BSE,213173.BO,Active Infrastructures L,ACTIVEINFR|Active Infrastructures L,,INE0KLO01025,213173,IIFL_SCRIPMASTER
ACUTAAS,BSE,543349.BO,Acutaas Chemicals,ACUTAAS|Acutaas Chemicals|Acutaas Chemicals Limited,,INE00FF01025,543349,IIFL_SCRIPMASTER
ADMANUM,BSE,511359.BO,Ad-Manum Finance,ADMANUM|Ad-Manum Finance|Ad-Manum Finance Limited,,INE556D01017,511359,IIFL_SCRIPMASTER
ADANIENSOL,BSE,539254.BO,Adani Energy Solutions,ADANIENSOL|Adani Energy Solutions|Adani Energy Solutions Limited,,INE931S01010,539254,IIFL_SCRIPMASTER
ADANIENT,BSE,512599.BO,Adani Enterprises,ADANIENT|Adani Enterprises|Adani Enterprises Limited,,INE423A01024,512599,IIFL_SCRIPMASTER
ADANIGREEN,BSE,541450.BO,Adani Green Energy,ADANIGREEN|Adani Green Energy|Adani Green Energy Limited,,INE364U01010,541450,IIFL_SCRIPMASTER
ADANIPORTS,BSE,532921.BO,Adani Ports and Special Econom,ADANIPORTS|Adani Ports and Special Econom,,INE742F01042,532921,IIFL_SCRIPMASTER
ADANIPOWER,BSE,533096.BO,Adani Power,ADANIPOWER|Adani Power|Adani Power Limited,,INE814H01029,533096,IIFL_SCRIPMASTER
ATGL,BSE,542066.BO,Adani Total Gas,ATGL|Adani Total Gas|Adani Total Gas Limited,,INE399L01023,542066,IIFL_SCRIPMASTER
ADARSHPL,BSE,526711.BO,Adarsh Plant Protect,ADARSHPL|Adarsh Plant Protect|Adarsh Plant Protect Limited,,INE627D01016,526711,IIFL_SCRIPMASTER
ADCON,BSE,539506.BO,Adcon Capital Services,ADCON|Adcon Capital Services|Adcon Capital Services Limited,,INE805Q01028,539506,IIFL_SCRIPMASTER
ADCOUNTY,BSE,544435.BO,Adcounty Media India,ADCOUNTY|Adcounty Media India|Adcounty Media India Limited,,INE0W1601012,544435,IIFL_SCRIPMASTER
ASRL,BSE,541865.BO,Add-Shop E-Retail,ASRL|Add-Shop E-Retail|Add-Shop E-Retail Limited,,INE01B501018,541865,IIFL_SCRIPMASTER
ADDIND,BSE,507852.BO,Addi Industries,ADDIND|Addi Industries|Addi Industries Limited,,INE757C01021,507852,IIFL_SCRIPMASTER
ADDICTIVE,BSE,211066.BO,Addictive Learning Tech L,ADDICTIVE|Addictive Learning Tech L,,INE0RDH01021,211066,IIFL_SCRIPMASTER
ADESHWAR,BSE,543309.BO,Adeshwar Meditex,ADESHWAR|Adeshwar Meditex|Adeshwar Meditex Limited,,INE0H8J01015,543309,IIFL_SCRIPMASTER
ADFFOODS,BSE,519183.BO,Adf Foods,ADFFOODS|Adf Foods|Adf Foods Limited,,INE982B01027,519183,IIFL_SCRIPMASTER
ADHHATA,BSE,531286.BO,Adhata Global,ADHHATA|Adhata Global|Adhata Global Limited,,INE586D01014,531286,IIFL_SCRIPMASTER
ADHBHUTIN,BSE,539189.BO,Adhbhut Infrastructure,ADHBHUTIN|Adhbhut Infrastructure|Adhbhut Infrastructure Limited,,INE578L01014,539189,IIFL_SCRIPMASTER
ADISHAKTI,BSE,543377.BO,Adishakti Loha and Ispat Limit,ADISHAKTI|Adishakti Loha and Ispat Limit,,INE0CWK01019,543377,IIFL_SCRIPMASTER
ADISOFT,BSE,216223.BO,Adisoft Technologies,ADISOFT|Adisoft Technologies|Adisoft Technologies Limited,,INE20PL01012,216223,IIFL_SCRIPMASTER
ABCAPITAL,BSE,540691.BO,Aditya Birla Capital,ABCAPITAL|Aditya Birla Capital|Aditya Birla Capital Limited,,INE674K01013,540691,IIFL_SCRIPMASTER
ABCIL,BSE,500057.BO,Aditya Birla Chemicals (India),ABCIL|Aditya Birla Chemicals (India),,INE605B01016,500057,IIFL_SCRIPMASTER
ABFRL,BSE,535755.BO,Aditya Birla Fashion and Retai,ABFRL|Aditya Birla Fashion and Retai,,INE647O01011,535755,IIFL_SCRIPMASTER
ABLBL,BSE,544403.BO,Aditya Birla Lifestyle Brands,ABLBL|Aditya Birla Lifestyle Brands,,INE14LE01019,544403,IIFL_SCRIPMASTER
BIRLAMONEY,BSE,532974.BO,Aditya Birla Money,Aditya Birla Money|Aditya Birla Money Limited|BIRLAMONEY,,INE865C01022,532974,IIFL_SCRIPMASTER
ABREL,BSE,500040.BO,Aditya Birla Real Estate Limit,ABREL|Aditya Birla Real Estate Limit,,INE055A01016,500040,IIFL_SCRIPMASTER
ABSLAMC,BSE,543374.BO,Aditya Birla Sun Life Amc Limi,ABSLAMC|Aditya Birla Sun Life Amc Limi,,INE404A01024,543374,IIFL_SCRIPMASTER
BSLSENETFG,BSE,540008.BO,Aditya Birla Sun Life Bse Sens,Aditya Birla Sun Life Bse Sens|BSLSENETFG,,INF209KB10E8,540008,IIFL_SCRIPMASTER
ABSL10BANK,BSE,544719.BO,Aditya Birla Sun Life Mutual F,ABSL10BANK|Aditya Birla Sun Life Mutual F,,INF209KC1670,544719,IIFL_SCRIPMASTER
ABSLBANETF,BSE,542863.BO,Aditya Birla Sun Life Mutual F,ABSLBANETF|Aditya Birla Sun Life Mutual F,,INF209KB17D5,542863,IIFL_SCRIPMASTER
ABSLMSCIN,BSE,544706.BO,Aditya Birla Sun Life Mutual F,ABSLMSCIN|Aditya Birla Sun Life Mutual F,,INF209KC1662,544706,IIFL_SCRIPMASTER
ABSLNN50ET,BSE,542230.BO,Aditya Birla Sun Life Mutual F,ABSLNN50ET|Aditya Birla Sun Life Mutual F,,INF209KB16D7,542230,IIFL_SCRIPMASTER
ABSLPSE,BSE,544218.BO,Aditya Birla Sun Life Mutual F,ABSLPSE|Aditya Birla Sun Life Mutual F,,INF209KB19Z4,544218,IIFL_SCRIPMASTER
BSLGOLDETF,BSE,533408.BO,Aditya Birla Sun Life Mutual F,Aditya Birla Sun Life Mutual F|BSLGOLDETF,,INF209KB18D3,533408,IIFL_SCRIPMASTER
BSLNIFTY,BSE,543474.BO,Aditya Birla Sun Life Mutual F,Aditya Birla Sun Life Mutual F|BSLNIFTY,,INF209KB19D1,543474,IIFL_SCRIPMASTER
HEALTHY,BSE,543473.BO,Aditya Birla Sun Life Mutual F,Aditya Birla Sun Life Mutual F|HEALTHY,,INF209KB10C2,543473,IIFL_SCRIPMASTER
MOMENTUM,BSE,543575.BO,Aditya Birla Sun Life Mutual F,Aditya Birla Sun Life Mutual F|MOMENTUM,,INF209KB14K7,543575,IIFL_SCRIPMASTER
NIFTYQLITY,BSE,543574.BO,Aditya Birla Sun Life Mutual F,Aditya Birla Sun Life Mutual F|NIFTYQLITY,,INF209KB15K4,543574,IIFL_SCRIPMASTER
SILVER,BSE,543471.BO,Aditya Birla Sun Life Mutual F,Aditya Birla Sun Life Mutual F|SILVER,,INF209KB19F6,543471,IIFL_SCRIPMASTER
TECH,BSE,543472.BO,Aditya Birla Sun Life Mutual F,Aditya Birla Sun Life Mutual F|TECH,,INF209KB11D8,543472,IIFL_SCRIPMASTER
ACML,BSE,540146.BO,Aditya Consumer Marketing Limi,ACML|Aditya Consumer Marketing Limi,,INE427V01013,540146,IIFL_SCRIPMASTER
CPPLUS,BSE,544466.BO,Aditya Infotech,Aditya Infotech|Aditya Infotech Limited|CPPLUS,,INE819V01029,544466,IIFL_SCRIPMASTER
ADITYA,BSE,513513.BO,Aditya Ispat,ADITYA|Aditya Ispat|Aditya Ispat Limited,,INE570B01012,513513,IIFL_SCRIPMASTER
ADITYASP,BSE,521141.BO,Aditya Spinners,ADITYASP|Aditya Spinners|Aditya Spinners Limited,,INE122D01026,521141,IIFL_SCRIPMASTER
AUSL,BSE,211974.BO,Aditya Ultra Steel,AUSL|Aditya Ultra Steel|Aditya Ultra Steel Limited,,INE01YQ01013,211974,IIFL_SCRIPMASTER
AVL,BSE,540205.BO,Aditya Vision,AVL|Aditya Vision|Aditya Vision Limited,,INE679V01027,540205,IIFL_SCRIPMASTER
ADMACH,BSE,544669.BO,Admach Systems,ADMACH|Admach Systems|Admach Systems Limited,,INE0XLO01010,544669,IIFL_SCRIPMASTER
ADOR,BSE,517041.BO,Ador Welding,ADOR|Ador Welding|Ador Welding Limited,,INE045A01017,517041,IIFL_SCRIPMASTER
ADROITINFO,BSE,532172.BO,Adroit Infotech,ADROITINFO|Adroit Infotech|Adroit Infotech Limited,,INE737B01033,532172,IIFL_SCRIPMASTER
ADSDIAG,BSE,523031.BO,Ads Diagnostic,ADSDIAG|Ads Diagnostic|Ads Diagnostic Limited,,0,523031,IIFL_SCRIPMASTER
ADTECH,BSE,544185.BO,Adtech Systems,ADTECH|Adtech Systems|Adtech Systems Limited,,INE257C01014,544185,IIFL_SCRIPMASTER
ADVAIT,BSE,543230.BO,Advait Energy Transitions Limi,ADVAIT|Advait Energy Transitions Limi,,INE0ALI01010,543230,IIFL_SCRIPMASTER
ADVANCE,BSE,544562.BO,Advance Agrolife,ADVANCE|Advance Agrolife|Advance Agrolife Limited,,INE1B0W01010,544562,IIFL_SCRIPMASTER
ADVLIFE,BSE,521048.BO,Advance Lifestyles,ADVLIFE|Advance Lifestyles|Advance Lifestyles Limited,,INE900E01015,521048,IIFL_SCRIPMASTER
AMTL,BSE,534612.BO,Advance Metering Technology Lt,AMTL|Advance Metering Technology Lt,,INE436N01029,534612,IIFL_SCRIPMASTER
ADVENZYMES,BSE,540025.BO,Advanced Enzyme Technologies L,ADVENZYMES|Advanced Enzyme Technologies L,,INE837H01020,540025,IIFL_SCRIPMASTER
ADVANIHOTR,BSE,523269.BO,Advani Hotels & Resorts (India,ADVANIHOTR|Advani Hotels & Resorts (India,,INE199C01026,523269,IIFL_SCRIPMASTER
ADVENTHTL,BSE,544446.BO,Advent Hotels International Li,ADVENTHTL|Advent Hotels International Li,,INE28GN01010,544446,IIFL_SCRIPMASTER
ADVIKCA,BSE,539773.BO,Advik Capital,ADVIKCA|Advik Capital|Advik Capital Limited,,INE178T01024,539773,IIFL_SCRIPMASTER
AEGISLOG,BSE,500003.BO,Aegis Logistics,AEGISLOG|Aegis Logistics|Aegis Logistics Limited,,INE208C01025,500003,IIFL_SCRIPMASTER
AEGISVOPAK,BSE,544407.BO,Aegis Vopak Terminals,AEGISVOPAK|Aegis Vopak Terminals|Aegis Vopak Terminals Limited,,INE0INX01018,544407,IIFL_SCRIPMASTER
ACLD,BSE,544213.BO,Aelea Commodities,ACLD|Aelea Commodities|Aelea Commodities Limited,,INE0T3401029,544213,IIFL_SCRIPMASTER
AEONXDIGI,BSE,524594.BO,Aeonx Digital Technology Limit,AEONXDIGI|Aeonx Digital Technology Limit,,INE994D01010,524594,IIFL_SCRIPMASTER
AEQUS,BSE,544634.BO,Aequs,AEQUS|Aequs|Aequs Limited,,INE947N01017,544634,IIFL_SCRIPMASTER
AEROENTER,BSE,511076.BO,Aeroflex Enterprises,AEROENTER|Aeroflex Enterprises|Aeroflex Enterprises Limited,,INE065D01027,511076,IIFL_SCRIPMASTER
AEROFLEX,BSE,543972.BO,Aeroflex Industries,AEROFLEX|Aeroflex Industries|Aeroflex Industries Limited,,INE024001021,543972,IIFL_SCRIPMASTER
AERONEU,BSE,543743.BO,Aeroflex Neu,AERONEU|Aeroflex Neu|Aeroflex Neu Limited,,INE035801013,543743,IIFL_SCRIPMASTER
AERON,BSE,211937.BO,Aeron Composite,AERON|Aeron Composite|Aeron Composite Limited,,INE0WL801011,211937,IIFL_SCRIPMASTER
AERPACE,BSE,534733.BO,Aerpace Industries,AERPACE|Aerpace Industries|Aerpace Industries Limited,,INE175N01023,534733,IIFL_SCRIPMASTER
AESTHETIK,BSE,211871.BO,Aesthetik Engineers,AESTHETIK|Aesthetik Engineers|Aesthetik Engineers Limited,,INE0TSF01011,211871,IIFL_SCRIPMASTER
AETHER,BSE,543534.BO,Aether Industries,AETHER|Aether Industries|Aether Industries Limited,,INE0BWX01014,543534,IIFL_SCRIPMASTER
AFCOM,BSE,544224.BO,Afcom Holdings,AFCOM|Afcom Holdings|Afcom Holdings Limited,,INE0OXY01013,544224,IIFL_SCRIPMASTER
AFCONS,BSE,544280.BO,Afcons Infrastructure,AFCONS|Afcons Infrastructure|Afcons Infrastructure Limited,,INE101I01011,544280,IIFL_SCRIPMASTER
AFFLE,BSE,542752.BO,Affle 3I,AFFLE|Affle 3I|Affle 3I Limited,,INE00WC01027,542752,IIFL_SCRIPMASTER
AGVENTURES,BSE,506579.BO,Ag Ventures,AGVENTURES|Ag Ventures|Ag Ventures Limited,,INE321D01016,506579,IIFL_SCRIPMASTER
AGARWALFT,BSE,209495.BO,Agarwal Float Glass I,AGARWALFT|Agarwal Float Glass I|Agarwal Float Glass I Limited,,INE0MLA01012,209495,IIFL_SCRIPMASTER
AGARWAL,BSE,530765.BO,Agarwal Fortune India,AGARWAL|Agarwal Fortune India|Agarwal Fortune India Limited,,INE510B01018,530765,IIFL_SCRIPMASTER
AGARIND,BSE,531921.BO,Agarwal Industrial,AGARIND|Agarwal Industrial|Agarwal Industrial Corporation,,INE204E01012,531921,IIFL_SCRIPMASTER
AGARWALTUF,BSE,212234.BO,Agarwal Tough Glass Ind L,AGARWALTUF|Agarwal Tough Glass Ind L,,INE0P8X01016,212234,IIFL_SCRIPMASTER
AGI,BSE,500187.BO,Agi Greenpac,AGI|Agi Greenpac|Agi Greenpac Limited,,INE415A01038,500187,IIFL_SCRIPMASTER
AGIIL,BSE,539042.BO,Agi Infra,AGIIL|Agi Infra|Agi Infra Limited,,INE976R01033,539042,IIFL_SCRIPMASTER
AGIOPAPER,BSE,516020.BO,Agio Paper & Industries,AGIOPAPER|Agio Paper & Industries|Agio Paper & Industries Limited,,INE112C01011,516020,IIFL_SCRIPMASTER
AGNI,BSE,208980.BO,Agni Green Power,AGNI|Agni Green Power|Agni Green Power Limited,,INE0LF301013,208980,IIFL_SCRIPMASTER
AGRITECH,BSE,537292.BO,Agri- Tech (India),AGRITECH|Agri- Tech (India)|Agri- Tech (India) Limited,,INE449G01018,537292,IIFL_SCRIPMASTER
AGRIBIO,BSE,539546.BO,Agribio Spirits,AGRIBIO|Agribio Spirits|Agribio Spirits Limited,,INE679E01015,539546,IIFL_SCRIPMASTER
AGROPHOS,BSE,202972.BO,Agro Phos India,AGROPHOS|Agro Phos India|Agro Phos India Limited,,INE740V01019,202972,IIFL_SCRIPMASTER
AHASOLAR,BSE,543941.BO,Ahasolar Technologies,AHASOLAR|Ahasolar Technologies|Ahasolar Technologies Limited,,INE0NEV01011,543941,IIFL_SCRIPMASTER
AHIMSA,BSE,206241.BO,Ahimsa Industries,AHIMSA|Ahimsa Industries|Ahimsa Industries Limited,,INE136T01014,206241,IIFL_SCRIPMASTER
AHLADA,BSE,202065.BO,Ahlada Engineers,AHLADA|Ahlada Engineers|Ahlada Engineers Limited,,INE00PV01013,202065,IIFL_SCRIPMASTER
AHLUCONT,BSE,532811.BO,Ahluwalia Contracts (India) Lt,AHLUCONT|Ahluwalia Contracts (India) Lt,,INE758C01029,532811,IIFL_SCRIPMASTER
AICHAMP,BSE,532806.BO,Ai Champdany Industries,AICHAMP|Ai Champdany Industries|Ai Champdany Industries Limited,,INE768E01024,532806,IIFL_SCRIPMASTER
AIAENG,BSE,532683.BO,Aia Engineering,AIAENG|Aia Engineering|Aia Engineering Limited,,INE212H01026,532683,IIFL_SCRIPMASTER
AIMCOPEST,BSE,524288.BO,Aimco Pesticides,AIMCOPEST|Aimco Pesticides|Aimco Pesticides Limited,,INE008B01013,524288,IIFL_SCRIPMASTER
AIMTRON,BSE,211636.BO,Aimtron Electronics,AIMTRON|Aimtron Electronics|Aimtron Electronics Limited,,INE0RUV01018,211636,IIFL_SCRIPMASTER
GOLDTECH,BSE,531439.BO,Aion-Tech Solutions,Aion-Tech Solutions|Aion-Tech Solutions Limited|GOLDTECH,,INE805A01014,531439,IIFL_SCRIPMASTER
AIRAN,BSE,543811.BO,Airan,AIRAN|Airan|Airan Limited,,INE645W01026,543811,IIFL_SCRIPMASTER
AIRFLOA,BSE,544516.BO,Airfloa Rail Technology Limite,AIRFLOA|Airfloa Rail Technology Limite,,INE0XBS01012,544516,IIFL_SCRIPMASTER
AIROLAM,BSE,203532.BO,Airo Lam,AIROLAM|Airo Lam|Airo Lam Limited,,INE801L01010,203532,IIFL_SCRIPMASTER
AJANTPHARM,BSE,532331.BO,Ajanta Pharma,AJANTPHARM|Ajanta Pharma|Ajanta Pharma Limited,,INE031B01049,532331,IIFL_SCRIPMASTER
AJANTSOY,BSE,519216.BO,Ajanta Soya,AJANTSOY|Ajanta Soya|Ajanta Soya Limited,,INE601B01023,519216,IIFL_SCRIPMASTER
AJAXENGG,BSE,544356.BO,Ajax Engineering,AJAXENGG|Ajax Engineering|Ajax Engineering Limited,,INE274Y01021,544356,IIFL_SCRIPMASTER
AJCJEWEL,BSE,544425.BO,Ajc Jewel Manufacturers Limite,AJCJEWEL|Ajc Jewel Manufacturers Limite,,INE0XRR01010,544425,IIFL_SCRIPMASTER
AJCON,BSE,511692.BO,Ajcon Global Services,AJCON|Ajcon Global Services|Ajcon Global Services Limited,,INE759C01027,511692,IIFL_SCRIPMASTER
AJMERA,BSE,513349.BO,Ajmera Realty & Infra India Lt,AJMERA|Ajmera Realty & Infra India Lt,,INE298G01035,513349,IIFL_SCRIPMASTER
AJOONI,BSE,209169.BO,Ajooni Biotech,AJOONI|Ajooni Biotech|Ajooni Biotech Limited,,INE820Y01021,209169,IIFL_SCRIPMASTER
AKANKSHA,BSE,210974.BO,Akanksha Power N Infra L,AKANKSHA|Akanksha Power N Infra L,,INE0PCY01014,210974,IIFL_SCRIPMASTER
AAIL,BSE,530621.BO,Akar Auto Industries,AAIL|Akar Auto Industries|Akar Auto Industries Limited,,INE864E01021,530621,IIFL_SCRIPMASTER
AKASH,BSE,202949.BO,Akash Infra-Projects,AKASH|Akash Infra-Projects|Akash Infra-Projects Limited,,INE737W01013,202949,IIFL_SCRIPMASTER
AKG,BSE,202866.BO,Akg Exim,AKG|Akg Exim|Akg Exim Limited,,INE00Y801016,202866,IIFL_SCRIPMASTER
AKI,BSE,542020.BO,Aki India,AKI|Aki India|Aki India Limited,,INE642Z01026,542020,IIFL_SCRIPMASTER
AKIKO,BSE,211721.BO,Akiko Global Services L,AKIKO|Akiko Global Services L,,INE0PMR01017,211721,IIFL_SCRIPMASTER
AKSHAR,BSE,541303.BO,Akshar Spintex,AKSHAR|Akshar Spintex|Akshar Spintex Limited,,INE256Z01025,541303,IIFL_SCRIPMASTER
AKSHARCHEM,BSE,524598.BO,Aksharchem (India),AKSHARCHEM|Aksharchem (India)|Aksharchem (India) Limited,,INE542B01011,524598,IIFL_SCRIPMASTER
AKUMS,BSE,544222.BO,Akums Drugs and Pharmaceutical,AKUMS|Akums Drugs and Pharmaceutical,,INE09XN01023,544222,IIFL_SCRIPMASTER
ALSL,BSE,535916.BO,Alacrity Securities,ALSL|Alacrity Securities|Alacrity Securities Limited,,INE030P01017,535916,IIFL_SCRIPMASTER
ALANSCOTT,BSE,539115.BO,Alan Scott Enterprises,ALANSCOTT|Alan Scott Enterprises|Alan Scott Enterprises Limited,,INE273F01022,539115,IIFL_SCRIPMASTER
ALANKIT,BSE,531082.BO,Alankit,ALANKIT|Alankit,,INE914E01040,531082,IIFL_SCRIPMASTER
ALBERTDAVD,BSE,524075.BO,Albert David,ALBERTDAVD|Albert David|Albert David Limited,,INE155C01010,524075,IIFL_SCRIPMASTER
ALCODIS,BSE,201707.BO,Alcokraft Distillerie,ALCODIS|Alcokraft Distillerie|Alcokraft Distillerie Limited,,INE448V01019,201707,IIFL_SCRIPMASTER
ALEMBICLTD,BSE,506235.BO,Alembic,ALEMBICLTD|Alembic|Alembic Limited,,INE426A01027,506235,IIFL_SCRIPMASTER
APLLTD,BSE,533573.BO,Alembic Pharmaceuticals,APLLTD|Alembic Pharmaceuticals|Alembic Pharmaceuticals Limited,,INE901L01018,533573,IIFL_SCRIPMASTER
ALEXANDER,BSE,511463.BO,Alexander Stamps and Coin Limi,ALEXANDER|Alexander Stamps and Coin Limi,,INE191N01012,511463,IIFL_SCRIPMASTER
ALFAICA,BSE,530973.BO,Alfa Ica (India),ALFAICA|Alfa Ica (India)|Alfa Ica (India) Limited,,INE042C01010,530973,IIFL_SCRIPMASTER
ALFREDHE,BSE,505216.BO,Alfred Herbert (India),ALFREDHE|Alfred Herbert (India)|Alfred Herbert (India) Limited,,INE782D01027,505216,IIFL_SCRIPMASTER
ALGOQUANT,BSE,505725.BO,Algoquant Fintech,ALGOQUANT|Algoquant Fintech|Algoquant Fintech Limited,,INE598D01035,505725,IIFL_SCRIPMASTER
ALICON,BSE,531147.BO,Alicon Castalloy,ALICON|Alicon Castalloy|Alicon Castalloy Limited,,INE062D01024,531147,IIFL_SCRIPMASTER
ALIVUS,BSE,543322.BO,Alivus Life Sciences,ALIVUS|Alivus Life Sciences|Alivus Life Sciences Limited,,INE03Q201024,543322,IIFL_SCRIPMASTER
ALKALI,BSE,533029.BO,Alkali Metals,ALKALI|Alkali Metals|Alkali Metals Limited,,INE773I01017,533029,IIFL_SCRIPMASTER
ALKEM,BSE,539523.BO,Alkem Laboratories,ALKEM|Alkem Laboratories|Alkem Laboratories Limited,,INE540L01014,539523,IIFL_SCRIPMASTER
ALKOSIGN,BSE,543453.BO,Alkosign,ALKOSIGN|Alkosign|Alkosign Limited,,INE0KA601012,543453,IIFL_SCRIPMASTER
ALKYLAMINE,BSE,506767.BO,Alkyl Amines Chemicals,ALKYLAMINE|Alkyl Amines Chemicals|Alkyl Amines Chemicals Limited,,INE150B01039,506767,IIFL_SCRIPMASTER
ALLETEC,BSE,209328.BO,All E Technologies,ALLETEC|All E Technologies|All E Technologies Limited,,INE0M2X01012,209328,IIFL_SCRIPMASTER
ALLTIME,BSE,544479.BO,All Time Plastics,ALLTIME|All Time Plastics|All Time Plastics Limited,,INE0GV601021,544479,IIFL_SCRIPMASTER
ALLCARGO,BSE,532749.BO,Allcargo Logistics,ALLCARGO|Allcargo Logistics|Allcargo Logistics Limited,,INE418H01029,532749,IIFL_SCRIPMASTER
ATL,BSE,543954.BO,Allcargo Terminals,ATL|Allcargo Terminals|Allcargo Terminals Limited,,INE0NN701020,543954,IIFL_SCRIPMASTER
ATLPP,BSE,890228.BO,Allcargo Terminals,ATLPP|Allcargo Terminals|Allcargo Terminals Limited,,IN90NN701011,890228,IIFL_SCRIPMASTER
ALLDIGI,BSE,532633.BO,Alldigi Tech,ALLDIGI|Alldigi Tech|Alldigi Tech Limited,,INE835G01018,532633,IIFL_SCRIPMASTER
AIML,BSE,534064.BO,Alliance Integrated Metaliks L,AIML|Alliance Integrated Metaliks L,,INE123D01024,534064,IIFL_SCRIPMASTER
ABDL,BSE,544203.BO,Allied Blenders and Distillers,ABDL|Allied Blenders and Distillers,,INE552Z01027,544203,IIFL_SCRIPMASTER
ADSL,BSE,532875.BO,Allied Digital Services,ADSL|Allied Digital Services|Allied Digital Services Limited,,INE102I01027,532875,IIFL_SCRIPMASTER
ALMONDZ,BSE,531400.BO,Almondz Global Securities,ALMONDZ|Almondz Global Securities|Almondz Global Securities Limited,,INE326B01035,531400,IIFL_SCRIPMASTER
ALOKINDS,BSE,521070.BO,Alok Industries,ALOKINDS|Alok Industries|Alok Industries Limited,,INE270A01029,521070,IIFL_SCRIPMASTER
ALPA,BSE,532878.BO,Alpa Laboratories,ALPA|Alpa Laboratories|Alpa Laboratories Limited,,INE385I01010,532878,IIFL_SCRIPMASTER
ALPEXSOLAR,BSE,211127.BO,Alpex Solar,ALPEXSOLAR|Alpex Solar|Alpex Solar Limited,,INE0R4701017,211127,IIFL_SCRIPMASTER
ALPHAGEO,BSE,526397.BO,Alphageo (India),ALPHAGEO|Alphageo (India)|Alphageo (India) Limited,,INE137C01018,526397,IIFL_SCRIPMASTER
ALPHAIND,BSE,543937.BO,Alphalogic Industries,ALPHAIND|Alphalogic Industries|Alphalogic Industries Limited,,INE0NZF01019,543937,IIFL_SCRIPMASTER
ALPINEHOU,BSE,526519.BO,Alpine Housing Development Cor,ALPINEHOU|Alpine Housing Development Cor,,INE840D01015,526519,IIFL_SCRIPMASTER
ALTIUSINVIT,BSE,543225.BO,Altius Telecom Infrastructure,ALTIUSINVIT|Altius Telecom Infrastructure,,INE0BWS23018,543225,IIFL_SCRIPMASTER
ALUFLUOR,BSE,524634.BO,Alufluoride,ALUFLUOR|Alufluoride|Alufluoride Limited,,INE058F01019,524634,IIFL_SCRIPMASTER
ALUWIND,BSE,211499.BO,Aluwind Infra-Tech,ALUWIND|Aluwind Infra-Tech|Aluwind Infra-Tech Limited,,INE0STM01017,211499,IIFL_SCRIPMASTER
AMAGI,BSE,544679.BO,Amagi Media Labs,AMAGI|Amagi Media Labs|Amagi Media Labs Limited,,INE121R01077,544679,IIFL_SCRIPMASTER
AMAL,BSE,506597.BO,Amal,AMAL|Amal|Amal Limited,,INE841D01013,506597,IIFL_SCRIPMASTER
AMALGAM,BSE,501622.BO,Amalgamated Electricity Co.,AMALGAM|Amalgamated Electricity Co.|Amalgamated Electricity Co.Limited,,INE492N01022,501622,IIFL_SCRIPMASTER
AMANAYA,BSE,543804.BO,Amanaya Ventures,AMANAYA|Amanaya Ventures|Amanaya Ventures Limited,,INE0G1V01016,543804,IIFL_SCRIPMASTER
AMANTA,BSE,544502.BO,Amanta Healthcare,AMANTA|Amanta Healthcare|Amanta Healthcare Limited,,INE084K01015,544502,IIFL_SCRIPMASTER
ARE&M,BSE,500008.BO,Amara Raja Energy & Mobility L,ARE&M|Amara Raja Energy & Mobility L,,INE885A01032,500008,IIFL_SCRIPMASTER
AMARJOTHI,BSE,521097.BO,Amarjothi Spinning Mills,AMARJOTHI|Amarjothi Spinning Mills|Amarjothi Spinning Mills Limited,,INE484D01012,521097,IIFL_SCRIPMASTER
AMARSEC,BSE,538465.BO,Amarnath Securities,AMARSEC|Amarnath Securities|Amarnath Securities Limited,,INE745P01010,538465,IIFL_SCRIPMASTER
AMBAAUTO,BSE,216238.BO,Amba Auto Sales and Ser L,AMBAAUTO|Amba Auto Sales and Ser L,,INE293601014,216238,IIFL_SCRIPMASTER
AEL,BSE,539196.BO,Amba Enterprises,AEL|Amba Enterprises|Amba Enterprises Limited,,INE829P01020,539196,IIFL_SCRIPMASTER
AMBALALSA,BSE,500009.BO,Ambalal Sarabhai Enterprises L,AMBALALSA|Ambalal Sarabhai Enterprises L,,INE432A01017,500009,IIFL_SCRIPMASTER
AMBANIORGO,BSE,201064.BO,Ambani Orgochem,AMBANIORGO|Ambani Orgochem|Ambani Orgochem Limited,,INE00C501018,201064,IIFL_SCRIPMASTER
AMBARPIL,BSE,519471.BO,Ambar Protein Industries Limit,AMBARPIL|Ambar Protein Industries Limit,,INE072V01017,519471,IIFL_SCRIPMASTER
AMBER,BSE,540902.BO,Amber Enterprises India Limite,AMBER|Amber Enterprises India Limite,,INE371P01015,540902,IIFL_SCRIPMASTER
AMBEY,BSE,211754.BO,Ambey Laboratories,AMBEY|Ambey Laboratories|Ambey Laboratories Limited,,INE0M3I01029,211754,IIFL_SCRIPMASTER
AMBICAAGAR,BSE,532335.BO,Ambica Agarbathies & Aroma Ind,AMBICAAGAR|Ambica Agarbathies & Aroma Ind,,INE792B01012,532335,IIFL_SCRIPMASTER
AMBIKCO,BSE,531978.BO,Ambika Cotton Mills,AMBIKCO|Ambika Cotton Mills|Ambika Cotton Mills Limited,,INE540G01014,531978,IIFL_SCRIPMASTER
AMBIT,BSE,526439.BO,Ambitious Plastomac Company Lt,AMBIT|Ambitious Plastomac Company Lt,,INE267C01013,526439,IIFL_SCRIPMASTER
AMBOAGRI,BSE,543678.BO,Ambo Agritec,AMBOAGRI|Ambo Agritec|Ambo Agritec Limited,,INE0N6V01016,543678,IIFL_SCRIPMASTER
AMBUJACEM,BSE,500425.BO,Ambuja Cements,AMBUJACEM|Ambuja Cements|Ambuja Cements Limited,,INE079A01024,500425,IIFL_SCRIPMASTER
AMCOIND,BSE,530133.BO,Amco India,AMCOIND|Amco India|Amco India Limited,,INE924B01011,530133,IIFL_SCRIPMASTER
AMDIND,BSE,532828.BO,Amd Industries,AMDIND|Amd Industries|Amd Industries Limited,,INE005I01014,532828,IIFL_SCRIPMASTER
AMEENJI,BSE,544555.BO,Ameenji Rubber,AMEENJI|Ameenji Rubber|Ameenji Rubber Limited,,INE14QA01016,544555,IIFL_SCRIPMASTER
AMERISE,BSE,531681.BO,Amerise Biosciences,AMERISE|Amerise Biosciences|Amerise Biosciences Limited,,INE673C01020,531681,IIFL_SCRIPMASTER
AMEYA,BSE,209085.BO,Ameya Precision Eng,AMEYA|Ameya Precision Eng|Ameya Precision Eng Limited,,INE0KT901015,209085,IIFL_SCRIPMASTER
AMFORG,BSE,513117.BO,Amforge Industries,AMFORG|Amforge Industries|Amforge Industries Limited,,INE991A01020,513117,IIFL_SCRIPMASTER
AMIABLE,BSE,209239.BO,Amiable Logistics (I),AMIABLE|Amiable Logistics (I)|Amiable Logistics (I) Limited,,INE0MTP01013,209239,IIFL_SCRIPMASTER
AMIC,BSE,544037.BO,Amic Forging,AMIC|Amic Forging|Amic Forging Limited,,INE0P9J01013,544037,IIFL_SCRIPMASTER
AMNPLST,BSE,506248.BO,Amines & Plasticizers,AMNPLST|Amines & Plasticizers|Amines & Plasticizers Limited,,INE275D01022,506248,IIFL_SCRIPMASTER
AMIRCHAND,BSE,544743.BO,Amir Chand Jagdish Kumar (Expo,AMIRCHAND|Amir Chand Jagdish Kumar (Expo,,INE05TO01019,544743,IIFL_SCRIPMASTER
AMITSEC,BSE,531557.BO,Amit Securities,AMITSEC|Amit Securities|Amit Securities Limited,,INE137E01014,531557,IIFL_SCRIPMASTER
AMJLAND,BSE,500343.BO,Amj Land Holdings,AMJLAND|Amj Land Holdings|Amj Land Holdings Limited,,INE606A01024,500343,IIFL_SCRIPMASTER
AMKAY,BSE,544169.BO,Amkay Products,AMKAY|Amkay Products|Amkay Products Limited,,INE0QSB01016,544169,IIFL_SCRIPMASTER
AMRAPLIN,BSE,526241.BO,Amrapali Industries,AMRAPLIN|Amrapali Industries|Amrapali Industries Limited,,INE762C01021,526241,IIFL_SCRIPMASTER
AMRAAGRI,BSE,531991.BO,Amraworld Agrico,AMRAAGRI|Amraworld Agrico|Amraworld Agrico Limited,,INE735C01027,531991,IIFL_SCRIPMASTER
AMRUTANJAN,BSE,590006.BO,Amrutanjan Health Care,AMRUTANJAN|Amrutanjan Health Care|Amrutanjan Health Care Limited,,INE098F01031,590006,IIFL_SCRIPMASTER
ARSSBL,BSE,544530.BO,Anand Rathi Share and Stock Br,ARSSBL|Anand Rathi Share and Stock Br,,INE549H01021,544530,IIFL_SCRIPMASTER
ANANDRATHI,BSE,543415.BO,Anand Rathi Wealth,ANANDRATHI|Anand Rathi Wealth|Anand Rathi Wealth Limited,,INE463V01026,543415,IIFL_SCRIPMASTER
ARL,BSE,542721.BO,Anand Rayons,ARL|Anand Rayons|Anand Rayons Limited,,INE02GA01012,542721,IIFL_SCRIPMASTER
ANANTRAJ,BSE,515055.BO,Anant Raj,ANANTRAJ|Anant Raj|Anant Raj Limited,,INE242C01024,515055,IIFL_SCRIPMASTER
ANANTAM,BSE,544579.BO,Anantam Highways Trust,ANANTAM|Anantam Highways Trust,,INE1UA823019,544579,IIFL_SCRIPMASTER
AMCL,BSE,213646.BO,Anb Metal Cast,AMCL|Anb Metal Cast|Anb Metal Cast Limited,,INE0VG001016,213646,IIFL_SCRIPMASTER
ACL,BSE,532141.BO,Andhra Cements,ACL|Andhra Cements|Andhra Cements Limited,,INE666E01020,532141,IIFL_SCRIPMASTER
ANDHRAPAP,BSE,502330.BO,Andhra Paper,ANDHRAPAP|Andhra Paper|Andhra Paper Limited,,INE435A01051,502330,IIFL_SCRIPMASTER
ANDHRAPET,BSE,500012.BO,Andhra Petrochemicals,ANDHRAPET|Andhra Petrochemicals|Andhra Petrochemicals Limited,,INE714B01016,500012,IIFL_SCRIPMASTER
ANDHRSUGAR,BSE,590062.BO,Andhra Sugars,ANDHRSUGAR|Andhra Sugars|Andhra Sugars Limited,,INE715B01021,590062,IIFL_SCRIPMASTER
ANDREWYU,BSE,526173.BO,Andrew Yule & Company,ANDREWYU|Andrew Yule & Company|Andrew Yule & Company Limited,,INE449C01025,526173,IIFL_SCRIPMASTER
ANG,BSE,540694.BO,Ang Lifesciences India,ANG|Ang Lifesciences India|Ang Lifesciences India Limited,,INE236W01016,540694,IIFL_SCRIPMASTER
ANGEL,BSE,541006.BO,Angel Fibers,ANGEL|Angel Fibers|Angel Fibers Limited,,INE339Z01011,541006,IIFL_SCRIPMASTER
ANGELONE,BSE,543235.BO,Angel One,ANGELONE|Angel One|Angel One Limited,,INE732I01021,543235,IIFL_SCRIPMASTER
AISL,BSE,200742.BO,Ani Integrated Serv,AISL|Ani Integrated Serv|Ani Integrated Serv Limited,,INE635Y01015,200742,IIFL_SCRIPMASTER
ANJANIFIN,BSE,531878.BO,Anjani Finance,ANJANIFIN|Anjani Finance|Anjani Finance Limited,,INE283D01018,531878,IIFL_SCRIPMASTER
ANJANIFOODS,BSE,511153.BO,Anjani Foods,ANJANIFOODS|Anjani Foods|Anjani Foods Limited,,INE096I01021,511153,IIFL_SCRIPMASTER
APCL,BSE,518091.BO,Anjani Portland Cement,APCL|Anjani Portland Cement|Anjani Portland Cement Limited,,INE071F01012,518091,IIFL_SCRIPMASTER
ANJANI,BSE,531223.BO,Anjani Synthetics,ANJANI|Anjani Synthetics|Anjani Synthetics Limited,,INE364D01032,531223,IIFL_SCRIPMASTER
ANKIN,BSE,531673.BO,Anka India,ANKIN|Anka India|Anka India Limited,,INE067C01025,531673,IIFL_SCRIPMASTER
AHCL,BSE,544497.BO,Anlon Healthcare,AHCL|Anlon Healthcare|Anlon Healthcare Limited,,INE0Y8W01025,544497,IIFL_SCRIPMASTER
ANLON,BSE,209379.BO,Anlon Technology Sol,ANLON|Anlon Technology Sol|Anlon Technology Sol Limited,,INE0LR101013,209379,IIFL_SCRIPMASTER
ANMOL,BSE,542437.BO,Anmol India,ANMOL|Anmol India|Anmol India Limited,,INE02AR01019,542437,IIFL_SCRIPMASTER
ANNAINFRA,BSE,530799.BO,Anna Infrastructures,ANNAINFRA|Anna Infrastructures|Anna Infrastructures Limited,,INE336D01014,530799,IIFL_SCRIPMASTER
ANNAPURNA,BSE,209126.BO,Annapurna Swadisht,ANNAPURNA|Annapurna Swadisht|Annapurna Swadisht Limited,,INE0MGM01017,209126,IIFL_SCRIPMASTER
ANNVRPP,BSE,890229.BO,Annvrridhhi Ventures,ANNVRPP|Annvrridhhi Ventures|Annvrridhhi Ventures Limited,,IN9075K01029,890229,IIFL_SCRIPMASTER
ANVRDHI,BSE,538539.BO,Annvrridhhi Ventures,ANVRDHI|Annvrridhhi Ventures|Annvrridhhi Ventures Limited,,INE075K01013,538539,IIFL_SCRIPMASTER
ANONDITA,BSE,213679.BO,Anondita Medicare,ANONDITA|Anondita Medicare|Anondita Medicare Limited,,INE0VTV01012,213679,IIFL_SCRIPMASTER
ANSALBU,BSE,523007.BO,Ansal Buildwell,ANSALBU|Ansal Buildwell|Ansal Buildwell Limited,,INE030C01015,523007,IIFL_SCRIPMASTER
ANSALHSG,BSE,507828.BO,Ansal Housing,ANSALHSG|Ansal Housing|Ansal Housing Limited,,INE880B01015,507828,IIFL_SCRIPMASTER
ANTGRAPHIC,BSE,201552.BO,Antarctica,ANTGRAPHIC|Antarctica|Antarctica Limited,,INE414B01021,201552,IIFL_SCRIPMASTER
ANTELOPUS,BSE,530075.BO,Antelopus Selan Energy,ANTELOPUS|Antelopus Selan Energy|Antelopus Selan Energy Limited,,INE818A01017,530075,IIFL_SCRIPMASTER
ANTHEM,BSE,544449.BO,Anthem Biosciences,ANTHEM|Anthem Biosciences|Anthem Biosciences Limited,,INE0CZ201020,544449,IIFL_SCRIPMASTER
AWHCL,BSE,543254.BO,Antony Waste Handling Cell Lim,AWHCL|Antony Waste Handling Cell Lim,,INE01BK01022,543254,IIFL_SCRIPMASTER
ANUHPHR,BSE,506260.BO,Anuh Pharma,ANUHPHR|Anuh Pharma|Anuh Pharma Limited,,INE489G01022,506260,IIFL_SCRIPMASTER
ANUPAM,BSE,530109.BO,Anupam Finserv,ANUPAM|Anupam Finserv|Anupam Finserv Limited,,INE069B01023,530109,IIFL_SCRIPMASTER
ANURAS,BSE,543275.BO,Anupam Rasayan India,ANURAS|Anupam Rasayan India|Anupam Rasayan India Limited,,INE930P01018,543275,IIFL_SCRIPMASTER
ANUROOP,BSE,542865.BO,Anuroop Packaging,ANUROOP|Anuroop Packaging|Anuroop Packaging Limited,,INE490Z01012,542865,IIFL_SCRIPMASTER
ANYA,BSE,212338.BO,Anya Polytech & Ferti,ANYA|Anya Polytech & Ferti|Anya Polytech & Ferti Limited,,INE0SI601032,212338,IIFL_SCRIPMASTER
ANZEN,BSE,543655.BO,Anzen India Energy Yield Plus,ANZEN|Anzen India Energy Yield Plus,,INE0MIZ23019,543655,IIFL_SCRIPMASTER
APARINDS,BSE,532259.BO,Apar Industries,APARINDS|Apar Industries|Apar Industries Limited,,INE372A01015,532259,IIFL_SCRIPMASTER
APCOTEXIND,BSE,523694.BO,Apcotex Industries,APCOTEXIND|Apcotex Industries|Apcotex Industries Limited,,INE116A01032,523694,IIFL_SCRIPMASTER
PARKHOTELS,BSE,544111.BO,Apeejay Surrendra Park Hotels,Apeejay Surrendra Park Hotels|PARKHOTELS,,INE988S01028,544111,IIFL_SCRIPMASTER
APEXECO,BSE,212230.BO,Apex Ecotech,APEXECO|Apex Ecotech|Apex Ecotech Limited,,INE0T4V01015,212230,IIFL_SCRIPMASTER
APEX,BSE,540692.BO,Apex Frozen Foods,APEX|Apex Frozen Foods|Apex Frozen Foods Limited,,INE346W01013,540692,IIFL_SCRIPMASTER
APIS,BSE,506166.BO,Apis India,APIS|Apis India|Apis India Limited,,INE070K01014,506166,IIFL_SCRIPMASTER
APLAPOLLO,BSE,533758.BO,Apl Apollo Tubes,APLAPOLLO|Apl Apollo Tubes|Apl Apollo Tubes Limited,,INE702C01027,533758,IIFL_SCRIPMASTER
APMIN,BSE,523537.BO,Apm Industries,APMIN|Apm Industries|Apm Industries Limited,,INE170D01025,523537,IIFL_SCRIPMASTER
APOLLOFI,BSE,512437.BO,Apollo Finvest (India),APOLLOFI|Apollo Finvest (India)|Apollo Finvest (India) Limited,,INE412D01013,512437,IIFL_SCRIPMASTER
APOLLOHOSP,BSE,508869.BO,Apollo Hospitals Enterprise Lt,APOLLOHOSP|Apollo Hospitals Enterprise Lt,,INE437A01024,508869,IIFL_SCRIPMASTER
APOLLO,BSE,540879.BO,Apollo Micro Systems,APOLLO|Apollo Micro Systems|Apollo Micro Systems Limited,,INE713T01028,540879,IIFL_SCRIPMASTER
APOLLOPIPE,BSE,531761.BO,Apollo Pipes,APOLLOPIPE|Apollo Pipes|Apollo Pipes Limited,,INE126J01016,531761,IIFL_SCRIPMASTER
APOLSINHOT,BSE,205935.BO,Apollo Sindoori Hotel,APOLSINHOT|Apollo Sindoori Hotel|Apollo Sindoori Hotel Limited,,INE451F01024,205935,IIFL_SCRIPMASTER
ATIL,BSE,544671.BO,Apollo Techno Industries Limit,ATIL|Apollo Techno Industries Limit,,INE0X4A01013,544671,IIFL_SCRIPMASTER
APOLLOTYRE,BSE,500877.BO,Apollo Tyres,APOLLOTYRE|Apollo Tyres|Apollo Tyres Limited,,INE438A01022,500877,IIFL_SCRIPMASTER
APOORVA,BSE,539545.BO,Apoorva Leasing Finance & Inve,APOORVA|Apoorva Leasing Finance & Inve,,INE217S01014,539545,IIFL_SCRIPMASTER
APRAMEYA,BSE,211804.BO,Aprameya Engineering,APRAMEYA|Aprameya Engineering|Aprameya Engineering Limited,,INE0LQG01010,211804,IIFL_SCRIPMASTER
APSISAERO,BSE,215920.BO,Apsis Aerocom,APSISAERO|Apsis Aerocom|Apsis Aerocom Limited,,INE1OOJ01011,215920,IIFL_SCRIPMASTER
APTECHT,BSE,532475.BO,Aptech,APTECHT|Aptech|Aptech Limited,,INE266F01018,532475,IIFL_SCRIPMASTER
APTUS,BSE,543335.BO,Aptus Value Housing Finance In,APTUS|Aptus Value Housing Finance In,,INE852O01025,543335,IIFL_SCRIPMASTER
AQYLON,BSE,530943.BO,Aqylon Nexus,AQYLON|Aqylon Nexus|Aqylon Nexus Limited,,INE416A01051,530943,IIFL_SCRIPMASTER
ARABIAN,BSE,210687.BO,Arabian Petroleum,ARABIAN|Arabian Petroleum|Arabian Petroleum Limited,,INE08NJ01024,210687,IIFL_SCRIPMASTER
ARAVALIS,BSE,512344.BO,Aravali Securities & Finance L,ARAVALIS|Aravali Securities & Finance L,,INE068C01015,512344,IIFL_SCRIPMASTER
ARCFIN,BSE,540135.BO,Arc Finance,ARCFIN|Arc Finance|Arc Finance Limited,,INE202R01026,540135,IIFL_SCRIPMASTER
ARCIIL,BSE,213677.BO,Arc Insulation & Insu,ARCIIL|Arc Insulation & Insu|Arc Insulation & Insu Limited,,INE0YDV01010,213677,IIFL_SCRIPMASTER
ACI,BSE,543657.BO,Archean Chemical Industries Li,ACI|Archean Chemical Industries Li,,INE128X01021,543657,IIFL_SCRIPMASTER
ADL,BSE,543231.BO,Archidply Decor,ADL|Archidply Decor|Archidply Decor Limited,,INE0CHO01012,543231,IIFL_SCRIPMASTER
ARCHIDPLY,BSE,532994.BO,Archidply Industries,ARCHIDPLY|Archidply Industries|Archidply Industries Limited,,INE877I01016,532994,IIFL_SCRIPMASTER
ARCHIES,BSE,532212.BO,Archies,ARCHIES|Archies|Archies Limited,,INE731A01020,532212,IIFL_SCRIPMASTER
ARCHITORG,BSE,524640.BO,Archit Organosys,ARCHITORG|Archit Organosys|Archit Organosys Limited,,INE078I01011,524640,IIFL_SCRIPMASTER
ARCL,BSE,543993.BO,Arcl Organics,ARCL|Arcl Organics|Arcl Organics Limited,,INE372M01010,543993,IIFL_SCRIPMASTER
AREXMIS,BSE,526851.BO,Arex Industries,AREXMIS|Arex Industries|Arex Industries Limited,,INE480H01011,526851,IIFL_SCRIPMASTER
ARFIN,BSE,539151.BO,Arfin India,ARFIN|Arfin India|Arfin India Limited,,INE784R01023,539151,IIFL_SCRIPMASTER
ARHAM,BSE,209299.BO,Arham Technologies,ARHAM|Arham Technologies|Arham Technologies Limited,,INE0L2Y01011,209299,IIFL_SCRIPMASTER
ARIES,BSE,532935.BO,Aries Agro,ARIES|Aries Agro|Aries Agro Limited,,INE298I01015,532935,IIFL_SCRIPMASTER
ARIGATO,BSE,530267.BO,Arigato Universe,ARIGATO|Arigato Universe|Arigato Universe Limited,,INE021N01011,530267,IIFL_SCRIPMASTER
ARIHANTACA,BSE,209347.BO,Arihant Academy,ARIHANTACA|Arihant Academy|Arihant Academy Limited,,INE0NCC01015,209347,IIFL_SCRIPMASTER
ARIHANTCAP,BSE,511605.BO,Arihant Capital Markets,ARIHANTCAP|Arihant Capital Markets|Arihant Capital Markets Limited,,INE420B01036,511605,IIFL_SCRIPMASTER
ARIHANT,BSE,531381.BO,Arihant Foundations & Housing,ARIHANT|Arihant Foundations & Housing,,INE413D01011,531381,IIFL_SCRIPMASTER
ARIHANTSUP,BSE,506194.BO,Arihant Superstructures Limite,ARIHANTSUP|Arihant Superstructures Limite,,INE643K01018,506194,IIFL_SCRIPMASTER
ARISE,BSE,531017.BO,Arihants Securities,ARISE|Arihants Securities|Arihants Securities Limited,,INE190D01015,531017,IIFL_SCRIPMASTER
ARIS,BSE,544419.BO,Arisinfra Solutions,ARIS|Arisinfra Solutions|Arisinfra Solutions Limited,,INE0H9P01028,544419,IIFL_SCRIPMASTER
ARISTO,BSE,209425.BO,Aristo Bio T and Lifesc L,ARISTO|Aristo Bio T and Lifesc L,,INE082101010,209425,IIFL_SCRIPMASTER
ARKADE,BSE,544261.BO,Arkade Developers,ARKADE|Arkade Developers|Arkade Developers Limited,,INE0QRL01017,544261,IIFL_SCRIPMASTER
ARMANFIN,BSE,531179.BO,Arman Financial Services,ARMANFIN|Arman Financial Services|Arman Financial Services Limited,,INE109C01017,531179,IIFL_SCRIPMASTER
ARMAN,BSE,538556.BO,Arman Holdings,ARMAN|Arman Holdings|Arman Holdings Limited,,INE510P01018,538556,IIFL_SCRIPMASTER
ARMOUR,BSE,215621.BO,Armour Security (India) L,ARMOUR|Armour Security (India) L,,INE0TZX01019,215621,IIFL_SCRIPMASTER
ARNOLD,BSE,537069.BO,Arnold Holdings,ARNOLD|Arnold Holdings|Arnold Holdings Limited,,INE185K01036,537069,IIFL_SCRIPMASTER
AROGRANITE,BSE,513729.BO,Aro Granite Industries,AROGRANITE|Aro Granite Industries|Aro Granite Industries Limited,,INE210C01013,513729,IIFL_SCRIPMASTER
ARROWGREEN,BSE,516064.BO,Arrow Greentech,ARROWGREEN|Arrow Greentech|Arrow Greentech Limited,,INE570D01018,516064,IIFL_SCRIPMASTER
ARROWHEAD,BSE,544025.BO,Arrowhead Seperation Engineeri,ARROWHEAD|Arrowhead Seperation Engineeri,,INE0PP401015,544025,IIFL_SCRIPMASTER
ARTNIRMAN,BSE,205945.BO,Art Nirman,ARTNIRMAN|Art Nirman|Art Nirman Limited,,INE738V01013,205945,IIFL_SCRIPMASTER
ARTEFACT,BSE,531297.BO,Artefact Projects,ARTEFACT|Artefact Projects|Artefact Projects Limited,,INE885B01014,531297,IIFL_SCRIPMASTER
AEPL,BSE,542670.BO,Artemis Electricals and Projec,AEPL|Artemis Electricals and Projec,,INE757T01025,542670,IIFL_SCRIPMASTER
ARTEMISMED,BSE,542919.BO,Artemis Medicare Services Limi,ARTEMISMED|Artemis Medicare Services Limi,,INE025R01021,542919,IIFL_SCRIPMASTER
AEIM,BSE,526443.BO,Artificial Electronics Intelli,AEIM|Artificial Electronics Intelli,,INE072B01027,526443,IIFL_SCRIPMASTER
ARTSON,BSE,522134.BO,Artson,ARTSON|Artson|Artson Limited,,INE133D01023,522134,IIFL_SCRIPMASTER
ARUNAHTEL,BSE,500016.BO,Aruna Hotels,ARUNAHTEL|Aruna Hotels|Aruna Hotels Limited,,INE957C01019,500016,IIFL_SCRIPMASTER
ARUNAYA,BSE,213270.BO,Arunaya Organics,ARUNAYA|Arunaya Organics|Arunaya Organics Limited,,INE0TTG01017,213270,IIFL_SCRIPMASTER
ABVL,BSE,530881.BO,Arunjyoti Bio Ventures,ABVL|Arunjyoti Bio Ventures|Arunjyoti Bio Ventures Limited,,INE485K01022,530881,IIFL_SCRIPMASTER
ARVEE,BSE,205428.BO,Arvee Laboratories I,ARVEE|Arvee Laboratories I|Arvee Laboratories I Limited,,INE006Z01016,205428,IIFL_SCRIPMASTER
ARVIND,BSE,500101.BO,Arvind,ARVIND|Arvind|Arvind Limited,,INE034A01011,500101,IIFL_SCRIPMASTER
ARVINDFASN,BSE,542484.BO,Arvind Fashions,ARVINDFASN|Arvind Fashions|Arvind Fashions Limited,,INE955V01021,542484,IIFL_SCRIPMASTER
ARVINDPORT,BSE,210730.BO,Arvind Port and Infra,ARVINDPORT|Arvind Port and Infra|Arvind Port and Infra Limited,,INE0P4T01013,210730,IIFL_SCRIPMASTER
ARVSMART,BSE,539301.BO,Arvind Smartspaces,ARVSMART|Arvind Smartspaces|Arvind Smartspaces Limited,,INE034S01021,539301,IIFL_SCRIPMASTER
ARYACAPM,BSE,538716.BO,Aryaman Capital Markets Limite,ARYACAPM|Aryaman Capital Markets Limite,,INE229R01011,538716,IIFL_SCRIPMASTER
ARYAMAN,BSE,530245.BO,Aryaman Financial Services,ARYAMAN|Aryaman Financial Services|Aryaman Financial Services Limited,,INE032E01017,530245,IIFL_SCRIPMASTER
ARYAN,BSE,542176.BO,Aryan Share & Stock Brokers Lt,ARYAN|Aryan Share & Stock Brokers Lt,,INE016X01010,542176,IIFL_SCRIPMASTER
ARYAVAN,BSE,539455.BO,Aryavan Enterprise,ARYAVAN|Aryavan Enterprise|Aryavan Enterprise Limited,,INE360S01012,539455,IIFL_SCRIPMASTER
ASAHIINDIA,BSE,515030.BO,Asahi India Glass,ASAHIINDIA|Asahi India Glass|Asahi India Glass Limited,,INE439A01020,515030,IIFL_SCRIPMASTER
ASAHISONG,BSE,532853.BO,Asahi Songwon Colors,ASAHISONG|Asahi Songwon Colors|Asahi Songwon Colors Limited,,INE228I01012,532853,IIFL_SCRIPMASTER
ASARFI,BSE,543943.BO,Asarfi Hospital,ASARFI|Asarfi Hospital|Asarfi Hospital Limited,,INE0DN001027,543943,IIFL_SCRIPMASTER
ASCENSIVE,BSE,543443.BO,Ascensive Educare,ASCENSIVE|Ascensive Educare|Ascensive Educare Limited,,INE0E4I01027,543443,IIFL_SCRIPMASTER
ASCOM,BSE,206558.BO,Ascom Leasin & Invest,ASCOM|Ascom Leasin & Invest|Ascom Leasin & Invest Limited,,INE08KD01015,206558,IIFL_SCRIPMASTER
ASGARD,BSE,512025.BO,Asgard Alcobev,ASGARD|Asgard Alcobev|Asgard Alcobev Limited,,INE767M01029,512025,IIFL_SCRIPMASTER
ASHALOG,BSE,211831.BO,Ashapura Logistics,ASHALOG|Ashapura Logistics|Ashapura Logistics Limited,,INE0LAA01017,211831,IIFL_SCRIPMASTER
ASHAPURMIN,BSE,527001.BO,Ashapura Minechem,ASHAPURMIN|Ashapura Minechem|Ashapura Minechem Limited,,INE348A01023,527001,IIFL_SCRIPMASTER
AGOL,BSE,542579.BO,Ashapuri Gold Ornament,AGOL|Ashapuri Gold Ornament|Ashapuri Gold Ornament Limited,,INE05FR01029,542579,IIFL_SCRIPMASTER
ASHIANA,BSE,523716.BO,Ashiana Housing,ASHIANA|Ashiana Housing|Ashiana Housing Limited,,INE365D01021,523716,IIFL_SCRIPMASTER
ASHIKA,BSE,543766.BO,Ashika Credit Capital,ASHIKA|Ashika Credit Capital|Ashika Credit Capital Limited,,INE094B01013,543766,IIFL_SCRIPMASTER
ASHIMASYN,BSE,514286.BO,Ashima,ASHIMASYN|Ashima|Ashima Limited,,INE440A01010,514286,IIFL_SCRIPMASTER
ASHCAP,BSE,512247.BO,Ashirwad Capital,ASHCAP|Ashirwad Capital|Ashirwad Capital Limited,,INE894A01026,512247,IIFL_SCRIPMASTER
ASHSI,BSE,526847.BO,Ashirwad Steels & Industries L,ASHSI|Ashirwad Steels & Industries L,,INE338C01012,526847,IIFL_SCRIPMASTER
ASHISHPO,BSE,530429.BO,Ashish Polyplast,ASHISHPO|Ashish Polyplast|Ashish Polyplast Limited,,INE831C01016,530429,IIFL_SCRIPMASTER
ASHNI,BSE,541702.BO,Ashnisha Industries,ASHNI|Ashnisha Industries|Ashnisha Industries Limited,,INE694W01024,541702,IIFL_SCRIPMASTER
ASHNOOR,BSE,507872.BO,Ashnoor Textile Mills,ASHNOOR|Ashnoor Textile Mills|Ashnoor Textile Mills Limited,,INE372I01018,507872,IIFL_SCRIPMASTER
ASHOKLEY,BSE,500477.BO,Ashok Leyland,ASHOKLEY|Ashok Leyland|Ashok Leyland Limited,,INE208A01029,500477,IIFL_SCRIPMASTER
ASHOKA,BSE,533271.BO,Ashoka Buildcon,ASHOKA|Ashoka Buildcon|Ashoka Buildcon Limited,,INE442H01029,533271,IIFL_SCRIPMASTER
ASHOKAMET,BSE,540923.BO,Ashoka Metcast,ASHOKAMET|Ashoka Metcast|Ashoka Metcast Limited,,INE760Y01011,540923,IIFL_SCRIPMASTER
ASHRAM,BSE,526187.BO,Ashram Online.Com,ASHRAM|Ashram Online.Com|Ashram Online.Com Limited,,INE293C01019,526187,IIFL_SCRIPMASTER
ASHUTPM,BSE,531568.BO,Ashutosh Paper Mills,ASHUTPM|Ashutosh Paper Mills|Ashutosh Paper Mills Limited,,INE723K01018,531568,IIFL_SCRIPMASTER
ASHWINI,BSE,215457.BO,Ashwini Container Mover L,ASHWINI|Ashwini Container Mover L,,INE1A6Q01010,215457,IIFL_SCRIPMASTER
ASIIL,BSE,502015.BO,Asi Industries,ASIIL|Asi Industries|Asi Industries Limited,,INE443A01030,502015,IIFL_SCRIPMASTER
ASIAPAK,BSE,530899.BO,Asia Pack,ASIAPAK|Asia Pack|Asia Pack Limited,,INE784M01016,530899,IIFL_SCRIPMASTER
ASIANENE,BSE,530355.BO,Asian Energy Services,ASIANENE|Asian Energy Services|Asian Energy Services Limited,,INE276G01015,530355,IIFL_SCRIPMASTER
ASIANTILES,BSE,532888.BO,Asian Granito India,ASIANTILES|Asian Granito India|Asian Granito India Limited,,INE022I01019,532888,IIFL_SCRIPMASTER
AHLEAST,BSE,533227.BO,Asian Hotels (East),AHLEAST|Asian Hotels (East)|Asian Hotels (East) Limited,,INE926K01017,533227,IIFL_SCRIPMASTER
ASIANHOTNR,BSE,500023.BO,Asian Hotels (North),ASIANHOTNR|Asian Hotels (North)|Asian Hotels (North) Limited,,INE363A01022,500023,IIFL_SCRIPMASTER
ASIANPAINT,BSE,500820.BO,Asian Paints,ASIANPAINT|Asian Paints|Asian Paints Limited,,INE021A01026,500820,IIFL_SCRIPMASTER
ASINPET,BSE,524434.BO,Asian Petroproducts & Exports,ASINPET|Asian Petroproducts & Exports,,INE810M01019,524434,IIFL_SCRIPMASTER
ASTAR,BSE,531847.BO,Asian Star Co.,ASTAR|Asian Star Co.|Asian Star Co.Limited,,INE194D01017,531847,IIFL_SCRIPMASTER
ASIANTNE,BSE,519532.BO,Asian Tea & Exports,ASIANTNE|Asian Tea & Exports|Asian Tea & Exports Limited,,INE822B01017,519532,IIFL_SCRIPMASTER
ASIAN,BSE,543927.BO,Asian Warehousing,ASIAN|Asian Warehousing|Asian Warehousing Limited,,INE04Z101016,543927,IIFL_SCRIPMASTER
ASITCFIN,BSE,530723.BO,Asit C.Mehta Financial Service,ASITCFIN|Asit C.Mehta Financial Service,,INE041B01014,530723,IIFL_SCRIPMASTER
ASKAUTOLTD,BSE,544022.BO,Ask Automotive,ASKAUTOLTD|Ask Automotive|Ask Automotive Limited,,INE491J01022,544022,IIFL_SCRIPMASTER
ASMTEC,BSE,526433.BO,Asm Technologies,ASMTEC|Asm Technologies|Asm Technologies Limited,,INE867C01010,526433,IIFL_SCRIPMASTER
ASPINWALL,BSE,204739.BO,Aspinwall & Co,ASPINWALL|Aspinwall & Co|Aspinwall & Co Limited,,INE991I01015,204739,IIFL_SCRIPMASTER
ASPIRE,BSE,211473.BO,Aspire & Innovative Adv L,ASPIRE|Aspire & Innovative Adv L,,INE0S7801010,211473,IIFL_SCRIPMASTER
ASSAMENT,BSE,542911.BO,Assam Entrade,ASSAMENT|Assam Entrade|Assam Entrade Limited,,INE165G01010,542911,IIFL_SCRIPMASTER
ASALCBR,BSE,507526.BO,Associated Alcohols & Brewerie,ASALCBR|Associated Alcohols & Brewerie,,INE073G01016,507526,IIFL_SCRIPMASTER
ASSOCER,BSE,531168.BO,Associated Ceramics,ASSOCER|Associated Ceramics|Associated Ceramics Limited,,INE771E01010,531168,IIFL_SCRIPMASTER
ASSOCIATED,BSE,544183.BO,Associated Coaters,ASSOCIATED|Associated Coaters|Associated Coaters Limited,,INE0RIQ01013,544183,IIFL_SCRIPMASTER
APL,BSE,544445.BO,Asston Pharmaceuticals,APL|Asston Pharmaceuticals|Asston Pharmaceuticals Limited,,INE0SJX01015,544445,IIFL_SCRIPMASTER
ASTALLTD,BSE,512600.BO,Astal Laboratories,ASTALLTD|Astal Laboratories|Astal Laboratories Limited,,INE307N01014,512600,IIFL_SCRIPMASTER
ASTEC,BSE,533138.BO,Astec Lifesciences,ASTEC|Astec Lifesciences|Astec Lifesciences Limited,,INE563J01010,533138,IIFL_SCRIPMASTER
ASTERDM,BSE,540975.BO,Aster Dm Healthcare,ASTERDM|Aster Dm Healthcare|Aster Dm Healthcare Limited,,INE914M01019,540975,IIFL_SCRIPMASTER
ASTONEALAB,BSE,544409.BO,Astonea Labs,ASTONEALAB|Astonea Labs|Astonea Labs Limited,,INE0TG901011,544409,IIFL_SCRIPMASTER
ASTRAMICRO,BSE,532493.BO,Astra Microwave Products,ASTRAMICRO|Astra Microwave Products|Astra Microwave Products Limited,,INE386C01029,532493,IIFL_SCRIPMASTER
ASTRAL,BSE,532830.BO,Astral,ASTRAL|Astral|Astral Limited,,INE006I01046,532830,IIFL_SCRIPMASTER
ASTRAZEN,BSE,506820.BO,Astrazeneca Pharma India,ASTRAZEN|Astrazeneca Pharma India|Astrazeneca Pharma India Limited,,INE203A01020,506820,IIFL_SCRIPMASTER
ATALREAL,BSE,543911.BO,Atal Realtech,ATALREAL|Atal Realtech|Atal Realtech Limited,,INE0ALR01029,543911,IIFL_SCRIPMASTER
ATAM,BSE,543236.BO,Atam Valves,ATAM|Atam Valves|Atam Valves Limited,,INE09KD01013,543236,IIFL_SCRIPMASTER
ATCENERGY,BSE,213181.BO,Atc Energies System,ATCENERGY|Atc Energies System|Atc Energies System Limited,,INE0V0Q01019,213181,IIFL_SCRIPMASTER
ATHARVENT,BSE,530187.BO,Atharv Enterprises,ATHARVENT|Atharv Enterprises|Atharv Enterprises Limited,,INE354E01031,530187,IIFL_SCRIPMASTER
ATHCON,BSE,539099.BO,Athena Constructions,ATHCON|Athena Constructions|Athena Constructions Limited,,INE291R01011,539099,IIFL_SCRIPMASTER
ATHERENERG,BSE,544397.BO,Ather Energy,ATHERENERG|Ather Energy|Ather Energy Limited,,INE0LEZ01016,544397,IIFL_SCRIPMASTER
ATISHAY,BSE,538713.BO,Atishay,ATISHAY|Atishay|Atishay Limited,,INE011R01013,538713,IIFL_SCRIPMASTER
ATLANTAELE,BSE,544527.BO,Atlanta Electricals,ATLANTAELE|Atlanta Electricals|Atlanta Electricals Limited,,INE0Z4F01028,544527,IIFL_SCRIPMASTER
ATLANTAA,BSE,532759.BO,Atlantaa,ATLANTAA|Atlantaa|Atlantaa Limited,,INE285H01022,532759,IIFL_SCRIPMASTER
ATLASCYCLE,BSE,505029.BO,Atlas Cycles (Haryana),ATLASCYCLE|Atlas Cycles (Haryana)|Atlas Cycles (Haryana) Limited,,INE446A01025,505029,IIFL_SCRIPMASTER
ATMASTCO,BSE,211171.BO,Atmastco,ATMASTCO|Atmastco|Atmastco Limited,,INE05DH01017,211171,IIFL_SCRIPMASTER
ATUL,BSE,500027.BO,Atul,ATUL|Atul|Atul Limited,,INE100A01010,500027,IIFL_SCRIPMASTER
ATULAUTO,BSE,531795.BO,Atul Auto,ATULAUTO|Atul Auto|Atul Auto Limited,,INE951D01028,531795,IIFL_SCRIPMASTER
ATVPR,BSE,500028.BO,Atv Projects India,ATVPR|Atv Projects India|Atv Projects India Limited,,INE447A01015,500028,IIFL_SCRIPMASTER
AUBANK,BSE,540611.BO,Au Small Finance Bank,AUBANK|Au Small Finance Bank|Au Small Finance Bank Limited,,INE949L01017,540611,IIFL_SCRIPMASTER
AURIGROW,BSE,208643.BO,Auri Grow India,AURIGROW|Auri Grow India|Auri Grow India Limited,,INE925Y01036,208643,IIFL_SCRIPMASTER
AURIONPRO,BSE,532668.BO,Aurionpro Solutions,AURIONPRO|Aurionpro Solutions|Aurionpro Solutions Limited,,INE132H01018,532668,IIFL_SCRIPMASTER
AUROIMPEX,BSE,210338.BO,Auro Impex & Chemicals L,AUROIMPEX|Auro Impex & Chemicals L,,INE0NUL01018,210338,IIFL_SCRIPMASTER
AUROLAB,BSE,530233.BO,Auro Laboratories,AUROLAB|Auro Laboratories|Auro Laboratories Limited,,INE292C01011,530233,IIFL_SCRIPMASTER
AUROPHARMA,BSE,524804.BO,Aurobindo Pharma,AUROPHARMA|Aurobindo Pharma|Aurobindo Pharma Limited,,INE406A01037,524804,IIFL_SCRIPMASTER
AURUM,BSE,539289.BO,Aurum Proptech,AURUM|Aurum Proptech|Aurum Proptech Limited,,INE898S01029,539289,IIFL_SCRIPMASTER
AUSTERE,BSE,544505.BO,Austere Systems,AUSTERE|Austere Systems|Austere Systems Limited,,INE104201012,544505,IIFL_SCRIPMASTER
AUSTENG,BSE,522005.BO,Austin Engineering Co.,AUSTENG|Austin Engineering Co.|Austin Engineering Co.Limited,,INE759F01012,522005,IIFL_SCRIPMASTER
APS,BSE,211016.BO,Australian Prem Solar I L,APS|Australian Prem Solar I L,,INE0P0001010,211016,IIFL_SCRIPMASTER
AIIL,BSE,539177.BO,Authum Investment & Infrastruc,AIIL|Authum Investment & Infrastruc,,INE206F01022,539177,IIFL_SCRIPMASTER
ACGL,BSE,505036.BO,Automobile of Goa,ACGL|Automobile Corporation of Goa|Automobile of Goa,,INE451C01013,505036,IIFL_SCRIPMASTER
AUTOAXLES,BSE,505010.BO,Automotive Axles,AUTOAXLES|Automotive Axles|Automotive Axles Limited,,INE449A01011,505010,IIFL_SCRIPMASTER
ASAL,BSE,520119.BO,Automotive Stampings & Assembl,ASAL|Automotive Stampings & Assembl,,INE900C01027,520119,IIFL_SCRIPMASTER
AUTOINT,BSE,512277.BO,Autoriders International,AUTOINT|Autoriders International|Autoriders International Limited,,INE340U01010,512277,IIFL_SCRIPMASTER
AVAILFC,BSE,531310.BO,Available Finance,AVAILFC|Available Finance|Available Finance Limited,,INE325G01010,531310,IIFL_SCRIPMASTER
AVALON,BSE,543896.BO,Avalon Technologies,AVALON|Avalon Technologies|Avalon Technologies Limited,,INE0LCL01028,543896,IIFL_SCRIPMASTER
AVANA,BSE,215615.BO,Avana Electrosystems,AVANA|Avana Electrosystems|Avana Electrosystems Limited,,INE1KU201016,215615,IIFL_SCRIPMASTER
AVANCE,BSE,512149.BO,Avance Technologies,AVANCE|Avance Technologies|Avance Technologies Limited,,INE758A01072,512149,IIFL_SCRIPMASTER
AVANTEL,BSE,532406.BO,Avantel,AVANTEL|Avantel|Avantel Limited,,INE005B01027,532406,IIFL_SCRIPMASTER
AVANTIFEED,BSE,512573.BO,Avanti Feeds,AVANTIFEED|Avanti Feeds|Avanti Feeds Limited,,INE871C01038,512573,IIFL_SCRIPMASTER
AVATAR,BSE,206195.BO,Avatar Industries,AVATAR|Avatar Industries|Avatar Industries Limited,,INE617I01024,206195,IIFL_SCRIPMASTER
AVEER,BSE,543737.BO,Aveer Foods,AVEER|Aveer Foods|Aveer Foods Limited,,INE09BN01011,543737,IIFL_SCRIPMASTER
DMART,BSE,540376.BO,Avenue Supermarts,Avenue Supermarts|Avenue Supermarts Limited|DMART,,INE192R01011,540376,IIFL_SCRIPMASTER
CCAVENUE,BSE,539807.BO,Avenuesai,Avenuesai|Avenuesai Limited|CCAVENUE,,INE483S01020,539807,IIFL_SCRIPMASTER
AVG,BSE,543910.BO,Avg Logistics,AVG|Avg Logistics|Avg Logistics Limited,,INE680Z01018,543910,IIFL_SCRIPMASTER
AVIANSH,BSE,212040.BO,Avi Ansh Textile,AVIANSH|Avi Ansh Textile|Avi Ansh Textile Limited,,INE0TFB01017,212040,IIFL_SCRIPMASTER
AVIVA,BSE,512109.BO,Aviva Industries,AVIVA|Aviva Industries|Aviva Industries Limited,,INE461H01011,512109,IIFL_SCRIPMASTER
AVONMORE,BSE,511589.BO,Avonmore Capital & Management,AVONMORE|Avonmore Capital & Management,,INE323B01024,511589,IIFL_SCRIPMASTER
AVPINFRA,BSE,211289.BO,Avp Infracon,AVPINFRA|Avp Infracon|Avp Infracon Limited,,INE0R9401019,211289,IIFL_SCRIPMASTER
AVROIND,BSE,543512.BO,Avro India,AVROIND|Avro India|Avro India Limited,,INE652Z01025,543512,IIFL_SCRIPMASTER
AVSL,BSE,205279.BO,Avsl Industries,AVSL|Avsl Industries|Avsl Industries Limited,,INE522V01011,205279,IIFL_SCRIPMASTER
AVTNPL,BSE,519105.BO,Avt Natural Products,AVTNPL|Avt Natural Products|Avt Natural Products Limited,,INE488D01021,519105,IIFL_SCRIPMASTER
AWFIS,BSE,544181.BO,Awfis Space Solutions,AWFIS|Awfis Space Solutions|Awfis Space Solutions Limited,,INE108V01019,544181,IIFL_SCRIPMASTER
AWL,BSE,543458.BO,Awl Agri Business,AWL|Awl Agri Business|Awl Agri Business Limited,,INE699H01024,543458,IIFL_SCRIPMASTER
AXELPOLY,BSE,513642.BO,Axel Polymers,AXELPOLY|Axel Polymers|Axel Polymers Limited,,INE197C01012,513642,IIFL_SCRIPMASTER
AXISBANK,BSE,532215.BO,Axis Bank,AXISBANK|Axis Bank|Axis Bank Limited,,INE238A01034,532215,IIFL_SCRIPMASTER
AXISCADES,BSE,532395.BO,Axiscades Technologies,AXISCADES|Axiscades Technologies|Axiscades Technologies Limited,,INE555B01013,532395,IIFL_SCRIPMASTER
AXITA,BSE,542285.BO,Axita Cotton,AXITA|Axita Cotton|Axita Cotton Limited,,INE02EZ01022,542285,IIFL_SCRIPMASTER
AXONVL,BSE,505506.BO,Axon Ventures,AXONVL|Axon Ventures|Axon Ventures Limited,,INE663D01011,505506,IIFL_SCRIPMASTER
AXTEL,BSE,523850.BO,Axtel Industries,AXTEL|Axtel Industries|Axtel Industries Limited,,INE767C01012,523850,IIFL_SCRIPMASTER
AYE,BSE,544699.BO,Aye Finance,AYE|Aye Finance|Aye Finance Limited,,INE501X01029,544699,IIFL_SCRIPMASTER
AYMSYNTEX,BSE,508933.BO,Aym Syntex,AYMSYNTEX|Aym Syntex|Aym Syntex Limited,,INE193B01039,508933,IIFL_SCRIPMASTER
AZAD,BSE,544061.BO,Azad Engineering,AZAD|Azad Engineering|Azad Engineering Limited,,INE02IJ01035,544061,IIFL_SCRIPMASTER
AZADIND,BSE,504731.BO,Azad India Mobility,AZADIND|Azad India Mobility|Azad India Mobility Limited,,INE566M01017,504731,IIFL_SCRIPMASTER
AZTEC,BSE,544177.BO,Aztec Fluids & Machinery Limit,AZTEC|Aztec Fluids & Machinery Limit,,INE0SCB01016,544177,IIFL_SCRIPMASTER
BNALTD,BSE,508136.BO,B & A,B & A|B & A Limited|BNALTD,,INE489D01011,508136,IIFL_SCRIPMASTER
BAPACK,BSE,523186.BO,B&A Packaging India,B&A Packaging India|B&A Packaging India Limited|BAPACK,,INE00FM01013,523186,IIFL_SCRIPMASTER
BBTCL,BSE,543668.BO,B&B Triplewall Containers Limi,B&B Triplewall Containers Limi|BBTCL,,INE01EE01011,543668,IIFL_SCRIPMASTER
BRRL,BSE,543543.BO,B-Right Realestate,B-Right Realestate|B-Right Realestate Limited|BRRL,,INE0IZQ01016,543543,IIFL_SCRIPMASTER
BDI,BSE,544468.BO,B. D. Industries (Pune) Limite,B. D. Industries (Pune) Limite|BDI,,INE1LJ801017,544468,IIFL_SCRIPMASTER
BAGDIGITAL,BSE,215182.BO,B.A.G.Convergence,B.A.G.Convergence|B.A.G.Convergence Limited|BAGDIGITAL,,INE17CQ01015,215182,IIFL_SCRIPMASTER
BAGFILMS,BSE,532507.BO,B.A.G.Films & Media,B.A.G.Films & Media|B.A.G.Films & Media Limited|BAGFILMS,,INE116D01028,532507,IIFL_SCRIPMASTER
BCP,BSE,537766.BO,B.C. Power Controls,B.C. Power Controls|B.C. Power Controls Limited|BCP,,INE905P01028,537766,IIFL_SCRIPMASTER
BLKASHYAP,BSE,532719.BO,B.L.Kashyap and Sons,B.L.Kashyap and Sons|B.L.Kashyap and Sons Limited|BLKASHYAP,,INE350H01032,532719,IIFL_SCRIPMASTER
BNRSEC,BSE,523019.BO,B.N.Rathi Securities,B.N.Rathi Securities|B.N.Rathi Securities Limited|BNRSEC,,INE710D01028,523019,IIFL_SCRIPMASTER
BRGIL,BSE,544335.BO,B.R.Goyal Infrastructure Limit,B.R.Goyal Infrastructure Limit|BRGIL,,INE00ST01011,544335,IIFL_SCRIPMASTER
B2BSOFT,BSE,531268.BO,B2B Software Technologies,B2B Software Technologies|B2B Software Technologies Limited|B2BSOFT,,INE151B01011,531268,IIFL_SCRIPMASTER
BABA,BSE,532380.BO,Baba Arts,BABA|Baba Arts|Baba Arts Limited,,INE893A01036,532380,IIFL_SCRIPMASTER
BABAFP,BSE,210809.BO,Baba Food Processing,BABAFP|Baba Food Processing,,INE0QW501012,210809,IIFL_SCRIPMASTER
BACPHAR,BSE,524516.BO,Bacil Pharma,BACPHAR|Bacil Pharma|Bacil Pharma Limited,,INE711D01018,524516,IIFL_SCRIPMASTER
BAFNAPH,BSE,532989.BO,Bafna Pharmaceuticals,BAFNAPH|Bafna Pharmaceuticals|Bafna Pharmaceuticals Limited,,INE878I01022,532989,IIFL_SCRIPMASTER
BAGMANE,BSE,544758.BO,Bagmane Prime Office Reit,BAGMANE|Bagmane Prime Office Reit,,INE2OVN25015,544758,IIFL_SCRIPMASTER
BAHETI,BSE,209291.BO,Baheti Recycling Ind,BAHETI|Baheti Recycling Ind|Baheti Recycling Ind Limited,,INE029Q01017,209291,IIFL_SCRIPMASTER
BAIKAKAJI,BSE,544670.BO,Bai-Kakaji Polymers,BAIKAKAJI|Bai-Kakaji Polymers|Bai-Kakaji Polymers Limited,,INE1IJQ01026,544670,IIFL_SCRIPMASTER
BAIDFIN,BSE,511724.BO,Baid Finserv,BAIDFIN|Baid Finserv|Baid Finserv Limited,,INE020D01022,511724,IIFL_SCRIPMASTER
BAJAJ-AUTO,BSE,532977.BO,Bajaj Auto,BAJAJ-AUTO|Bajaj Auto|Bajaj Auto Limited,,INE917I01010,532977,IIFL_SCRIPMASTER
BAJAJCON,BSE,533229.BO,Bajaj Consumer Care,BAJAJCON|Bajaj Consumer Care|Bajaj Consumer Care Limited,,INE933K01021,533229,IIFL_SCRIPMASTER
BAJAJELEC,BSE,500031.BO,Bajaj Electricals,BAJAJELEC|Bajaj Electricals|Bajaj Electricals Limited,,INE193E01025,500031,IIFL_SCRIPMASTER
BAJFINANCE,BSE,500034.BO,Bajaj Finance,BAJFINANCE|Bajaj Finance|Bajaj Finance Limited,,INE296A01032,500034,IIFL_SCRIPMASTER
BAJAJFINSV,BSE,532978.BO,Bajaj Finserv,BAJAJFINSV|Bajaj Finserv|Bajaj Finserv Limited,,INE918I01026,532978,IIFL_SCRIPMASTER
BAJAJHCARE,BSE,539872.BO,Bajaj Healthcare,BAJAJHCARE|Bajaj Healthcare|Bajaj Healthcare Limited,,INE411U01027,539872,IIFL_SCRIPMASTER
BAJAJHIND,BSE,500032.BO,Bajaj Hindusthan Sugar,BAJAJHIND|Bajaj Hindusthan Sugar|Bajaj Hindusthan Sugar Limited,,INE306A01021,500032,IIFL_SCRIPMASTER
BAJAJHLDNG,BSE,500490.BO,Bajaj Holdings & Investment Lt,BAJAJHLDNG|Bajaj Holdings & Investment Lt,,INE118A01012,500490,IIFL_SCRIPMASTER
BAJAJHFL,BSE,544252.BO,Bajaj Housing Finance,BAJAJHFL|Bajaj Housing Finance|Bajaj Housing Finance Limited,,INE377Y01014,544252,IIFL_SCRIPMASTER
BAJAJST,BSE,507944.BO,Bajaj Steel Industries,BAJAJST|Bajaj Steel Industries|Bajaj Steel Industries Limited,,INE704G01024,507944,IIFL_SCRIPMASTER
BAJEL,BSE,544042.BO,Bajel Projects,BAJEL|Bajel Projects|Bajel Projects Limited,,INE0KQN01018,544042,IIFL_SCRIPMASTER
BALPHARMA,BSE,524824.BO,Bal Pharma,BALPHARMA|Bal Pharma|Bal Pharma Limited,,INE083D01012,524824,IIFL_SCRIPMASTER
BALAMINES,BSE,530999.BO,Balaji Amines,BALAMINES|Balaji Amines|Balaji Amines Limited,,INE050E01027,530999,IIFL_SCRIPMASTER
BALAJIPHOS,BSE,212610.BO,Balaji Phosphates,BALAJIPHOS|Balaji Phosphates|Balaji Phosphates Limited,,INE0PQ601019,212610,IIFL_SCRIPMASTER
BALAJITELE,BSE,532382.BO,Balaji Telefilms,BALAJITELE|Balaji Telefilms|Balaji Telefilms Limited,,INE794B01026,532382,IIFL_SCRIPMASTER
BALAXI,BSE,211608.BO,Balaxi Pharma,BALAXI|Balaxi Pharma|Balaxi Pharma Limited,,INE618N01022,211608,IIFL_SCRIPMASTER
BALGOPAL,BSE,539834.BO,Balgopal Commercial,BALGOPAL|Balgopal Commercial|Balgopal Commercial Limited,,INE119R01014,539834,IIFL_SCRIPMASTER
BALKRISIND,BSE,502355.BO,Balkrishna Industries,BALKRISIND|Balkrishna Industries|Balkrishna Industries Limited,,INE787D01026,502355,IIFL_SCRIPMASTER
BALKRISHNA,BSE,539251.BO,Balkrishna Paper Mills,BALKRISHNA|Balkrishna Paper Mills|Balkrishna Paper Mills Limited,,INE875R01011,539251,IIFL_SCRIPMASTER
BALMLAWRIE,BSE,523319.BO,Balmer Lawrie & Co.,BALMLAWRIE|Balmer Lawrie & Co.|Balmer Lawrie & Co.Limited,,INE164A01016,523319,IIFL_SCRIPMASTER
BLIL,BSE,532485.BO,Balmer Lawrie Investments,BLIL|Balmer Lawrie Investments|Balmer Lawrie Investments Limited,,INE525F01025,532485,IIFL_SCRIPMASTER
BALRAMCHIN,BSE,500038.BO,Balrampur Chini Mills,BALRAMCHIN|Balrampur Chini Mills|Balrampur Chini Mills Limited,,INE119A01028,500038,IIFL_SCRIPMASTER
BALUFORGE,BSE,531112.BO,Balu Forge Industries,BALUFORGE|Balu Forge Industries|Balu Forge Industries Limited,,INE011E01029,531112,IIFL_SCRIPMASTER
BALTE,BSE,520127.BO,Balurghat Technologies,BALTE|Balurghat Technologies|Balurghat Technologies Limited,,INE654B01014,520127,IIFL_SCRIPMASTER
BAMBINO,BSE,519295.BO,Bambino Agro Industries,BAMBINO|Bambino Agro Industries|Bambino Agro Industries Limited,,INE921D01013,519295,IIFL_SCRIPMASTER
BAMPSL,BSE,531591.BO,Bampsl Securities,BAMPSL|Bampsl Securities|Bampsl Securities Limited,,INE802A01037,531591,IIFL_SCRIPMASTER
BANARBEADS,BSE,526849.BO,Banaras Beads,BANARBEADS|Banaras Beads|Banaras Beads Limited,,INE655B01011,526849,IIFL_SCRIPMASTER
BANASFN,BSE,509053.BO,Banas Finance,BANASFN|Banas Finance|Banas Finance Limited,,INE521L01030,509053,IIFL_SCRIPMASTER
BANCOINDIA,BSE,500039.BO,Banco Products (India),BANCOINDIA|Banco Products (India)|Banco Products (India) Limited,,INE213C01025,500039,IIFL_SCRIPMASTER
BANDARAM,BSE,524602.BO,Bandaram Pharma Packtech Limit,BANDARAM|Bandaram Pharma Packtech Limit,,INE875N01036,524602,IIFL_SCRIPMASTER
BANDHANBNK,BSE,541153.BO,Bandhan Bank,BANDHANBNK|Bandhan Bank|Bandhan Bank Limited,,INE545U01014,541153,IIFL_SCRIPMASTER
BANG,BSE,532946.BO,Bang Overseas,BANG|Bang Overseas|Bang Overseas Limited,,INE863I01016,532946,IIFL_SCRIPMASTER
BANKBARODA,BSE,532134.BO,Bank of Baroda,BANKBARODA|Bank of Baroda,,INE028A01039,532134,IIFL_SCRIPMASTER
BANKINDIA,BSE,532149.BO,Bank of India,BANKINDIA|Bank of India,,INE084A01016,532149,IIFL_SCRIPMASTER
MAHABANK,BSE,532525.BO,Bank of Maharashtra,Bank of Maharashtra|MAHABANK,,INE457A01014,532525,IIFL_SCRIPMASTER
BANKA,BSE,203099.BO,Banka Bioloo,BANKA|Banka Bioloo|Banka Bioloo Limited,,INE862Y01015,203099,IIFL_SCRIPMASTER
BANKEX,BSE,999903.BO,Bankex,BANKEX|Bankex,,BANKEX,999903,IIFL_SCRIPMASTER
BASML,BSE,532674.BO,Bannari Amman Spinning Mills L,BASML|Bannari Amman Spinning Mills L,,INE186H01022,532674,IIFL_SCRIPMASTER
BANARISUG,BSE,500041.BO,Bannari Amman Sugars,BANARISUG|Bannari Amman Sugars|Bannari Amman Sugars Limited,,INE459A01010,500041,IIFL_SCRIPMASTER
BRPL,BSE,538546.BO,Bansal Roofing Products,BRPL|Bansal Roofing Products|Bansal Roofing Products Limited,,INE319Q01012,538546,IIFL_SCRIPMASTER
BANSALWIRE,BSE,544209.BO,Bansal Wire Industries,BANSALWIRE|Bansal Wire Industries|Bansal Wire Industries Limited,,INE0B9K01025,544209,IIFL_SCRIPMASTER
BANSWRAS,BSE,503722.BO,Banswara Syntex,BANSWRAS|Banswara Syntex|Banswara Syntex Limited,,INE629D01020,503722,IIFL_SCRIPMASTER
BVCL,BSE,532916.BO,Barak Valley Cements,BVCL|Barak Valley Cements|Barak Valley Cements Limited,,INE139I01011,532916,IIFL_SCRIPMASTER
BARFLEX,BSE,212394.BO,Barflex Polyfilms,BARFLEX|Barflex Polyfilms|Barflex Polyfilms Limited,,INE0QX401014,212394,IIFL_SCRIPMASTER
BAROEXT,BSE,513502.BO,Baroda Extrusion,BAROEXT|Baroda Extrusion|Baroda Extrusion Limited,,INE927K01023,513502,IIFL_SCRIPMASTER
BARODARY,BSE,500270.BO,Baroda Rayon,BARODARY|Baroda Rayon|Baroda Rayon Corporation Limited,,INE461A01024,500270,IIFL_SCRIPMASTER
ASMS,BSE,532694.BO,Bartronics India,ASMS|Bartronics India|Bartronics India Limited,,INE855F01042,532694,IIFL_SCRIPMASTER
BASANTGL,BSE,524687.BO,Basant Agro Tech (India),BASANTGL|Basant Agro Tech (India)|Basant Agro Tech (India) Limited,,INE473E01021,524687,IIFL_SCRIPMASTER
BASF,BSE,500042.BO,Basf India,BASF|Basf India|Basf India Limited,,INE373A01013,500042,IIFL_SCRIPMASTER
BASILIC,BSE,210598.BO,Basilic Fly Studio,BASILIC|Basilic Fly Studio|Basilic Fly Studio Limited,,INE0OCC01013,210598,IIFL_SCRIPMASTER
BATAINDIA,BSE,500043.BO,Bata India,BATAINDIA|Bata India|Bata India Limited,,INE176A01028,500043,IIFL_SCRIPMASTER
BATLIBOI,BSE,522004.BO,Batliboi,BATLIBOI|Batliboi|Batliboi Limited,,INE177C01022,522004,IIFL_SCRIPMASTER
BAWEJA,BSE,211096.BO,Baweja Studios,BAWEJA|Baweja Studios|Baweja Studios Limited,,INE0JFJ01011,211096,IIFL_SCRIPMASTER
BAYERCROP,BSE,506285.BO,Bayer Cropscience,BAYERCROP|Bayer Cropscience|Bayer Cropscience Limited,,INE462A01022,506285,IIFL_SCRIPMASTER
BAZELINTER,BSE,539946.BO,Bazel International,BAZELINTER|Bazel International|Bazel International Limited,,INE217E01014,539946,IIFL_SCRIPMASTER
BCLIND,BSE,524332.BO,Bcl Industries,BCLIND|Bcl Industries|Bcl Industries Limited,,INE412G01024,524332,IIFL_SCRIPMASTER
BCPL,BSE,542057.BO,Bcpl Railway Infrastructure Li,BCPL|Bcpl Railway Infrastructure Li,,INE00SW01015,542057,IIFL_SCRIPMASTER
BDH,BSE,524828.BO,Bdh Industries,BDH|Bdh Industries|Bdh Industries Limited,,INE278D01018,524828,IIFL_SCRIPMASTER
BEACON,BSE,211633.BO,Beacon Trusteeship,BEACON|Beacon Trusteeship|Beacon Trusteeship Limited,,INE639X01027,211633,IIFL_SCRIPMASTER
BEARDSELL,BSE,211781.BO,Beardsell,BEARDSELL|Beardsell|Beardsell Limited,,INE520H01022,211781,IIFL_SCRIPMASTER
BEDMUTHA,BSE,533270.BO,Bedmutha Industries,BEDMUTHA|Bedmutha Industries|Bedmutha Industries Limited,,INE844K01012,533270,IIFL_SCRIPMASTER
BEEKAY,BSE,539018.BO,Beekay Steel Industries,BEEKAY|Beekay Steel Industries|Beekay Steel Industries Limited,,INE213D01015,539018,IIFL_SCRIPMASTER
BEEYU,BSE,532645.BO,Beeyu Overseas,BEEYU|Beeyu Overseas|Beeyu Overseas Limited,,INE052B01011,532645,IIFL_SCRIPMASTER
BEEZAASAN,BSE,544369.BO,Beezaasan Explotech,BEEZAASAN|Beezaasan Explotech|Beezaasan Explotech Limited,,INE13VU01016,544369,IIFL_SCRIPMASTER
BEFOUNDMOL,BSE,511585.BO,Befound Movement,BEFOUNDMOL|Befound Movement|Befound Movement Limited,,INE425F01028,511585,IIFL_SCRIPMASTER
BELDING,BSE,513307.BO,Belding India,BELDING|Belding India|Belding India Limited,,INE363L01045,513307,IIFL_SCRIPMASTER
BELLACASA,BSE,539399.BO,Bella Casa Fashion & Retail Li,BELLACASA|Bella Casa Fashion & Retail Li,,INE344T01014,539399,IIFL_SCRIPMASTER
BELRISE,BSE,544405.BO,Belrise Industries,BELRISE|Belrise Industries|Belrise Industries Limited,,INE894V01022,544405,IIFL_SCRIPMASTER
BEMHY,BSE,522650.BO,Bemco Hydraulics,BEMHY|Bemco Hydraulics|Bemco Hydraulics Limited,,INE142E01022,522650,IIFL_SCRIPMASTER
BEML,BSE,500048.BO,Beml,BEML|Beml|Beml Limited,,INE258A01024,500048,IIFL_SCRIPMASTER
BLAL,BSE,543898.BO,Beml Land Assets,BLAL|Beml Land Assets|Beml Land Assets Limited,,INE0N7W01012,543898,IIFL_SCRIPMASTER
BENARAS,BSE,509438.BO,Benares Hotels,BENARAS|Benares Hotels|Benares Hotels Limited,,INE664D01019,509438,IIFL_SCRIPMASTER
BENCHMARK,BSE,544052.BO,Benchmark Computer Solutions L,BENCHMARK|Benchmark Computer Solutions L,,INE0Q2Z01013,544052,IIFL_SCRIPMASTER
BENGALASM,BSE,533095.BO,Bengal & Assam Company,BENGALASM|Bengal & Assam Company|Bengal & Assam Company Limited,,INE083K01017,533095,IIFL_SCRIPMASTER
BENGALT,BSE,532230.BO,Bengal Tea & Fabrics,BENGALT|Bengal Tea & Fabrics|Bengal Tea & Fabrics Limited,,INE665D01016,532230,IIFL_SCRIPMASTER
BERGEPAINT,BSE,509480.BO,Berger Paints India,BERGEPAINT|Berger Paints India|Berger Paints India Limited,,INE463A01038,509480,IIFL_SCRIPMASTER
BERVINL,BSE,531340.BO,Bervin Investment & Leasing Lt,BERVINL|Bervin Investment & Leasing Lt,,INE348I01018,531340,IIFL_SCRIPMASTER
BERLDRG,BSE,524606.BO,Beryl Drugs,BERLDRG|Beryl Drugs|Beryl Drugs Limited,,INE415H01017,524606,IIFL_SCRIPMASTER
BESTAGRO,BSE,539660.BO,Best Agrolife,BESTAGRO|Best Agrolife|Best Agrolife Limited,,INE052T01021,539660,IIFL_SCRIPMASTER
BESTEAST,BSE,508664.BO,Best Eastern Hotels,BESTEAST|Best Eastern Hotels|Best Eastern Hotels Limited,,INE553F01035,508664,IIFL_SCRIPMASTER
BETA,BSE,203739.BO,Beta Drugs,BETA|Beta Drugs|Beta Drugs Limited,,INE351Y01019,203739,IIFL_SCRIPMASTER
BETXIND,BSE,512477.BO,Betex India,BETXIND|Betex India|Betex India Limited,,INE765L01017,512477,IIFL_SCRIPMASTER
BEWLTD,BSE,208204.BO,Bew Engineering,BEWLTD|Bew Engineering|Bew Engineering Limited,,INE0HQI01014,208204,IIFL_SCRIPMASTER
BFINVEST,BSE,533303.BO,Bf Investment,BFINVEST|Bf Investment|Bf Investment Limited,,INE878K01010,533303,IIFL_SCRIPMASTER
BFUTILITIE,BSE,532430.BO,Bf UTIlities,BFUTILITIE|Bf UTIlities|Bf UTIlities Limited,,INE243D01012,532430,IIFL_SCRIPMASTER
BFLAFL,BSE,539662.BO,Bfl Asset Finvest,BFLAFL|Bfl Asset Finvest|Bfl Asset Finvest Limited,,INE948Q01018,539662,IIFL_SCRIPMASTER
BGIL,BSE,511664.BO,Bgil Films & Technologies,BGIL|Bgil Films & Technologies|Bgil Films & Technologies Limited,,INE443D01018,511664,IIFL_SCRIPMASTER
BHADORA,BSE,213637.BO,Bhadora Industries,BHADORA|Bhadora Industries|Bhadora Industries Limited,,INE0ZRC01017,213637,IIFL_SCRIPMASTER
BHAGERIA,BSE,530803.BO,Bhageria Industries,BHAGERIA|Bhageria Industries|Bhageria Industries Limited,,INE354C01027,530803,IIFL_SCRIPMASTER
BHAGCHEM,BSE,531719.BO,Bhagiradha Chemicals & Industr,BHAGCHEM|Bhagiradha Chemicals & Industr,,INE414D01027,531719,IIFL_SCRIPMASTER
BGWTATO,BSE,504646.BO,Bhagwati Autocast,BGWTATO|Bhagwati Autocast|Bhagwati Autocast Limited,,INE106G01014,504646,IIFL_SCRIPMASTER
BHAGWOX,BSE,509449.BO,Bhagwati Oxygen,BHAGWOX|Bhagwati Oxygen|Bhagwati Oxygen Limited,,INE026I01010,509449,IIFL_SCRIPMASTER
BEPL,BSE,500052.BO,Bhansali Engineering Polymers,BEPL|Bhansali Engineering Polymers,,INE922A01025,500052,IIFL_SCRIPMASTER
BHARATAGRI,BSE,531862.BO,Bharat Agri Fert & Realty,BHARATAGRI|Bharat Agri Fert & Realty|Bharat Agri Fert & Realty Limited,,INE842D01029,531862,IIFL_SCRIPMASTER
BHARAT,BSE,511501.BO,Bharat Bhushan Finance & Commo,BHARAT|Bharat Bhushan Finance & Commo,,INE900A01013,511501,IIFL_SCRIPMASTER
BBL,BSE,503960.BO,Bharat Bijlee,BBL|Bharat Bijlee|Bharat Bijlee Limited,,INE464A01036,503960,IIFL_SCRIPMASTER
BHARATCOAL,BSE,544678.BO,Bharat Coking Coal,BHARATCOAL|Bharat Coking Coal|Bharat Coking Coal Limited,,INE05XR01022,544678,IIFL_SCRIPMASTER
BDL,BSE,541143.BO,Bharat Dynamics,BDL|Bharat Dynamics|Bharat Dynamics Limited,,INE171Z01026,541143,IIFL_SCRIPMASTER
BEL,BSE,500049.BO,Bharat Electronics,BEL|Bharat Electronics|Bharat Electronics Limited,,INE263A01024,500049,IIFL_SCRIPMASTER
BHARATFORG,BSE,500493.BO,Bharat Forge,BHARATFORG|Bharat Forge|Bharat Forge Limited,,INE465A01025,500493,IIFL_SCRIPMASTER
BHARATGEAR,BSE,505688.BO,Bharat Gears,BHARATGEAR|Bharat Gears|Bharat Gears Limited,,INE561C01019,505688,IIFL_SCRIPMASTER
BGDL,BSE,521238.BO,Bharat Global Developers Limit,BGDL|Bharat Global Developers Limit,,INE893C01032,521238,IIFL_SCRIPMASTER
BHEL,BSE,500103.BO,Bharat Heavy Electricals,BHEL|Bharat Heavy Electricals|Bharat Heavy Electricals Limited,,INE257A01026,500103,IIFL_SCRIPMASTER
BIBCL,BSE,524663.BO,Bharat Immunologicals & Biolog,BIBCL|Bharat Immunologicals & Biolog,,INE994B01014,524663,IIFL_SCRIPMASTER
BPLPHARMA,BSE,541096.BO,Bharat Parenterals,BPLPHARMA|Bharat Parenterals|Bharat Parenterals Limited,,INE365Y01019,541096,IIFL_SCRIPMASTER
BPCL,BSE,500547.BO,Bharat Petroleum L,BPCL|Bharat Petroleum Corporation L|Bharat Petroleum L,,INE029A01011,500547,IIFL_SCRIPMASTER
BHARATRAS,BSE,590021.BO,Bharat Rasayan,BHARATRAS|Bharat Rasayan|Bharat Rasayan Limited,,INE838B01021,590021,IIFL_SCRIPMASTER
BRNL,BSE,540700.BO,Bharat Road Network,BRNL|Bharat Road Network|Bharat Road Network Limited,,INE727S01012,540700,IIFL_SCRIPMASTER
BHARATSE,BSE,523229.BO,Bharat Seats,BHARATSE|Bharat Seats|Bharat Seats Limited,,INE415D01024,523229,IIFL_SCRIPMASTER
BHARATWIRE,BSE,539799.BO,Bharat Wire Ropes,BHARATWIRE|Bharat Wire Ropes|Bharat Wire Ropes Limited,,INE316L01019,539799,IIFL_SCRIPMASTER
BHARATROHAN,BSE,544535.BO,Bharatrohan Airborne Innovatio,BHARATROHAN|Bharatrohan Airborne Innovatio,,INE0QMV01017,544535,IIFL_SCRIPMASTER
BHARTIARTL,BSE,532454.BO,Bharti Airtel,BHARTIARTL|Bharti Airtel|Bharti Airtel Limited,,INE397D01024,532454,IIFL_SCRIPMASTER
BHARTIHEXA,BSE,544162.BO,Bharti Hexacom,BHARTIHEXA|Bharti Hexacom|Bharti Hexacom Limited,,INE343G01021,544162,IIFL_SCRIPMASTER
BIL,BSE,526666.BO,Bhartiya International,BIL|Bhartiya International|Bhartiya International Limited,,INE828A01016,526666,IIFL_SCRIPMASTER
BCCL,BSE,543497.BO,Bhatia Colour Chem,BCCL|Bhatia Colour Chem|Bhatia Colour Chem Limited,,INE0KQ001017,543497,IIFL_SCRIPMASTER
BHATIA,BSE,540956.BO,Bhatia Communications & Retail,BHATIA|Bhatia Communications & Retail,,INE341Z01025,540956,IIFL_SCRIPMASTER
BHAVIK,BSE,544551.BO,Bhavik Enterprises,BHAVIK|Bhavik Enterprises|Bhavik Enterprises Limited,,INE18PB01017,544551,IIFL_SCRIPMASTER
BHILSPIN,BSE,514272.BO,Bhilwara Spinners,BHILSPIN|Bhilwara Spinners|Bhilwara Spinners Limited,,INE436C01014,514272,IIFL_SCRIPMASTER
BTTL,BSE,533108.BO,Bhilwara Technical Textiles Lt,BTTL|Bhilwara Technical Textiles Lt,,INE274K01012,533108,IIFL_SCRIPMASTER
BIGBLOC,BSE,540061.BO,Bigbloc Construction,BIGBLOC|Bigbloc Construction|Bigbloc Construction Limited,,INE412U01025,540061,IIFL_SCRIPMASTER
BIHSPONG,BSE,500058.BO,Bihar Sponge Iron,BIHSPONG|Bihar Sponge Iron|Bihar Sponge Iron Limited,,INE819C01011,500058,IIFL_SCRIPMASTER
BIKAJI,BSE,543653.BO,Bikaji Foods International Lim,BIKAJI|Bikaji Foods International Lim,,INE00E101023,543653,IIFL_SCRIPMASTER
BIKEWO,BSE,212039.BO,Bikewo Green Tech,BIKEWO|Bikewo Green Tech|Bikewo Green Tech Limited,,INE0SQH01013,212039,IIFL_SCRIPMASTER
BI,BSE,526853.BO,Bilcare,BI|Bilcare|Bilcare Limited,,INE986A01012,526853,IIFL_SCRIPMASTER
GROWW,BSE,544603.BO,Billionbrains Garage Ventures,Billionbrains Garage Ventures|GROWW,,INE0HOQ01053,544603,IIFL_SCRIPMASTER
BILLWIN,BSE,543209.BO,Billwin Industries,BILLWIN|Billwin Industries|Billwin Industries Limited,,INE0CRS01012,543209,IIFL_SCRIPMASTER
BIMETAL,BSE,505681.BO,Bimetal Bearings,BIMETAL|Bimetal Bearings|Bimetal Bearings Limited,,INE469A01019,505681,IIFL_SCRIPMASTER
BIOCON,BSE,532523.BO,Biocon,BIOCON|Biocon|Biocon Limited,,INE376G01013,532523,IIFL_SCRIPMASTER
BIOFILCHEM,BSE,524396.BO,Biofil Chemicals & Pharmaceuti,BIOFILCHEM|Biofil Chemicals & Pharmaceuti,,INE829A01014,524396,IIFL_SCRIPMASTER
BIOGEN,BSE,531752.BO,Biogen Pharmachem Industries L,BIOGEN|Biogen Pharmachem Industries L,,INE703D01023,531752,IIFL_SCRIPMASTER
BIOPOL,BSE,215725.BO,Biopol Chemicals,BIOPOL|Biopol Chemicals|Biopol Chemicals Limited,,INE0XW001014,215725,IIFL_SCRIPMASTER
BIRLACORPN,BSE,500335.BO,Birla,BIRLACORPN|Birla|Birla Corporation Limited,,INE340A01012,500335,IIFL_SCRIPMASTER
BIRLAPREC,BSE,522105.BO,Birla Precision Technologies L,BIRLAPREC|Birla Precision Technologies L,,INE372E01025,522105,IIFL_SCRIPMASTER
BIRLANU,BSE,509675.BO,Birlanu,BIRLANU|Birlanu|Birlanu Limited,,INE557A01011,509675,IIFL_SCRIPMASTER
BSOFT,BSE,532400.BO,Birlasoft,BSOFT|Birlasoft|Birlasoft Limited,,INE836A01035,532400,IIFL_SCRIPMASTER
BITS,BSE,526709.BO,Bits,BITS|Bits|Bits Limited,,INE839A01021,526709,IIFL_SCRIPMASTER
BKV,BSE,519500.BO,Bkv Industries,BKV|Bkv Industries|Bkv Industries Limited,,INE356C01022,519500,IIFL_SCRIPMASTER
BBOX,BSE,500463.BO,Black Box,BBOX|Black Box|Black Box Limited,,INE676A01027,500463,IIFL_SCRIPMASTER
BLACKROSE,BSE,514183.BO,Black Rose Industries,BLACKROSE|Black Rose Industries|Black Rose Industries Limited,,INE761G01016,514183,IIFL_SCRIPMASTER
BLACKBUCK,BSE,544288.BO,Blackbuck,BLACKBUCK|Blackbuck|Blackbuck Limited,,INE0UIZ01018,544288,IIFL_SCRIPMASTER
BLISSGVS,BSE,506197.BO,Bliss Gvs Pharma,BLISSGVS|Bliss Gvs Pharma|Bliss Gvs Pharma Limited,,INE416D01022,506197,IIFL_SCRIPMASTER
BLOIN,BSE,513422.BO,Bloom Industries,BLOIN|Bloom Industries|Bloom Industries Limited,,INE373E01015,513422,IIFL_SCRIPMASTER
BLSE,BSE,544107.BO,Bls E-Services,BLSE|Bls E-Services|Bls E-Services Limited,,INE0NLT01010,544107,IIFL_SCRIPMASTER
BLS,BSE,540073.BO,Bls International Services,BLS|Bls International Services|Bls International Services Limited,,INE153T01027,540073,IIFL_SCRIPMASTER
BLT,BSE,544474.BO,Blt Logistics,BLT|Blt Logistics|Blt Logistics Limited,,INE0W4K01013,544474,IIFL_SCRIPMASTER
BLUECHIP,BSE,531936.BO,Blue Chip India,BLUECHIP|Blue Chip India|Blue Chip India Limited,,INE657B01025,531936,IIFL_SCRIPMASTER
BLUECHIPT,BSE,506981.BO,Blue Chip Tex Industries,BLUECHIPT|Blue Chip Tex Industries|Blue Chip Tex Industries Limited,,INE472D01017,506981,IIFL_SCRIPMASTER
BLUECLOUDS,BSE,539607.BO,Blue Cloud Softech Solutions L,BLUECLOUDS|Blue Cloud Softech Solutions L,,INE373T01047,539607,IIFL_SCRIPMASTER
BLUEDART,BSE,526612.BO,Blue Dart Express,BLUEDART|Blue Dart Express|Blue Dart Express Limited,,INE233B01017,526612,IIFL_SCRIPMASTER
BLUEJET,BSE,544009.BO,Blue Jet Healthcare,BLUEJET|Blue Jet Healthcare|Blue Jet Healthcare Limited,,INE0KBH01020,544009,IIFL_SCRIPMASTER
BPAGRI,BSE,514440.BO,Blue Pearl Agriventures Limite,BPAGRI|Blue Pearl Agriventures Limite,,INE439N01031,514440,IIFL_SCRIPMASTER
BLUEPEBBLE,BSE,211474.BO,Blue Pebble,BLUEPEBBLE|Blue Pebble|Blue Pebble Limited,,INE0SAK01011,211474,IIFL_SCRIPMASTER
BLUESTARCO,BSE,500067.BO,Blue Star,BLUESTARCO|Blue Star|Blue Star Limited,,INE472A01039,500067,IIFL_SCRIPMASTER
BLUESTINFO,BSE,532346.BO,Blue Star Infotech,BLUESTINFO|Blue Star Infotech|Blue Star Infotech Limited,,INE504B01011,532346,IIFL_SCRIPMASTER
BLUEWATER,BSE,213372.BO,Blue Water Logistics,BLUEWATER|Blue Water Logistics|Blue Water Logistics Limited,,INE0X3M01010,213372,IIFL_SCRIPMASTER
BLUESTONE,BSE,544484.BO,Bluestone Jewellery and Lifest,BLUESTONE|Bluestone Jewellery and Lifest,,INE304W01038,544484,IIFL_SCRIPMASTER
BLUSPRING,BSE,544414.BO,Bluspring Enterprises,BLUSPRING|Bluspring Enterprises|Bluspring Enterprises Limited,,INE0U4101014,544414,IIFL_SCRIPMASTER
BMW,BSE,542669.BO,Bmw Industries,BMW|Bmw Industries|Bmw Industries Limited,,INE374E01021,542669,IIFL_SCRIPMASTER
BMWVENTLTD,BSE,544543.BO,Bmw Ventures,BMWVENTLTD|Bmw Ventures|Bmw Ventures Limited,,INE965W01036,544543,IIFL_SCRIPMASTER
BNRUDY,BSE,530809.BO,Bnr Udyog,BNRUDY|Bnr Udyog|Bnr Udyog Limited,,INE355C01016,530809,IIFL_SCRIPMASTER
BTML,BSE,543767.BO,Bodhi Tree Multimedia,BTML|Bodhi Tree Multimedia|Bodhi Tree Multimedia Limited,,INE0EEJ01023,543767,IIFL_SCRIPMASTER
BOHRAIND,BSE,209193.BO,Bohra Industries,BOHRAIND|Bohra Industries|Bohra Industries Limited,,INE802W01023,209193,IIFL_SCRIPMASTER
BOMBCYC,BSE,501430.BO,Bombay Cycle & Motor Agency Lt,BOMBCYC|Bombay Cycle & Motor Agency Lt,,INE691K01017,501430,IIFL_SCRIPMASTER
BOMDYEING,BSE,500020.BO,Bombay Dyeing & Mfg.Co.,BOMDYEING|Bombay Dyeing & Mfg.Co.|Bombay Dyeing & Mfg.Co.Limited,,INE032A01023,500020,IIFL_SCRIPMASTER
BMETRICS,BSE,208301.BO,Bombay Metrics S C,BMETRICS|Bombay Metrics S C|Bombay Metrics S C Limited,,INE0I3Y01014,208301,IIFL_SCRIPMASTER
BOMOXY-B1,BSE,509470.BO,Bombay Oxygen Investments Limi,BOMOXY-B1|Bombay Oxygen Investments Limi,,INE01TL01014,509470,IIFL_SCRIPMASTER
BSHSL,BSE,209123.BO,Bombay Super Hybrid Seeds,BSHSL|Bombay Super Hybrid Seeds,,INE032Z01020,209123,IIFL_SCRIPMASTER
BOMSS,BSE,531276.BO,Bombay Swadeshi Stores,BOMSS|Bombay Swadeshi Stores|Bombay Swadeshi Stores Limited,,INE595B01027,531276,IIFL_SCRIPMASTER
BOMTALKIES,BSE,511246.BO,Bombay Talkies,BOMTALKIES|Bombay Talkies|Bombay Talkies Limited,,INE910D01024,511246,IIFL_SCRIPMASTER
BOMBWIR,BSE,504648.BO,Bombay Wire Ropes,BOMBWIR|Bombay Wire Ropes|Bombay Wire Ropes Limited,,INE089T01023,504648,IIFL_SCRIPMASTER
BONDADA,BSE,543971.BO,Bondada Engineering,BONDADA|Bondada Engineering|Bondada Engineering Limited,,INE0Q8P01029,543971,IIFL_SCRIPMASTER
BONLON,BSE,543211.BO,Bonlon Industries,BONLON|Bonlon Industries|Bonlon Industries Limited,,INE0B9A01018,543211,IIFL_SCRIPMASTER
BORANA,BSE,544404.BO,Borana Weaves,BORANA|Borana Weaves|Borana Weaves Limited,,INE16SF01016,544404,IIFL_SCRIPMASTER
BOROLTD,BSE,543212.BO,Borosil,BOROLTD|Borosil|Borosil Limited,,INE02PY01013,543212,IIFL_SCRIPMASTER
BORORENEW,BSE,502219.BO,Borosil Renewables,BORORENEW|Borosil Renewables|Borosil Renewables Limited,,INE666D01022,502219,IIFL_SCRIPMASTER
BOROSCI,BSE,544184.BO,Borosil Scientific,BOROSCI|Borosil Scientific|Borosil Scientific Limited,,INE02L001032,544184,IIFL_SCRIPMASTER
BOSCHLTD,BSE,500530.BO,Bosch,BOSCHLTD|Bosch|Bosch Limited,,INE323A01026,500530,IIFL_SCRIPMASTER
BOSCH-HCIL,BSE,523398.BO,Bosch Home Comfort India Limit,BOSCH-HCIL|Bosch Home Comfort India Limit,,INE782A01015,523398,IIFL_SCRIPMASTER
BOSS,BSE,211955.BO,Boss Packaging Solu,BOSS|Boss Packaging Solu|Boss Packaging Solu Limited,,INE0QNI01012,211955,IIFL_SCRIPMASTER
BMAL,BSE,535279.BO,Bothra Metals & Alloys,BMAL|Bothra Metals & Alloys|Bothra Metals & Alloys Limited,,INE583M01012,535279,IIFL_SCRIPMASTER
BPL,BSE,500074.BO,Bpl,BPL|Bpl|Bpl Limited,,INE110A01019,500074,IIFL_SCRIPMASTER
BRACEPORT,BSE,211898.BO,Brace Port Logistics,BRACEPORT|Brace Port Logistics|Brace Port Logistics Limited,,INE0R4Z01018,211898,IIFL_SCRIPMASTER
BRADYM,BSE,505690.BO,Brady & Morris Engineering Co.,BRADYM|Brady & Morris Engineering Co.,,INE856A01017,505690,IIFL_SCRIPMASTER
BRAHMINFRA,BSE,535693.BO,Brahmaputra Infrastructure,BRAHMINFRA|Brahmaputra Infrastructure|Brahmaputra Infrastructure Limited,,INE320I01017,535693,IIFL_SCRIPMASTER
FIRSTCRY,BSE,544226.BO,Brainbees Solutions,Brainbees Solutions|Brainbees Solutions Limited|FIRSTCRY,,INE02RE01045,544226,IIFL_SCRIPMASTER
BCONCEPTS,BSE,543442.BO,Brand Concepts,BCONCEPTS|Brand Concepts|Brand Concepts Limited,,INE977Y01011,543442,IIFL_SCRIPMASTER
BRANDMAN,BSE,215719.BO,Brandman Retail,BRANDMAN|Brandman Retail|Brandman Retail Limited,,INE0XUD01014,215719,IIFL_SCRIPMASTER
BRAWN,BSE,530207.BO,Brawn Biotech,BRAWN|Brawn Biotech|Brawn Biotech Limited,,INE899B01015,530207,IIFL_SCRIPMASTER
BRIGADE,BSE,532929.BO,Brigade Enterprises,BRIGADE|Brigade Enterprises|Brigade Enterprises Limited,,INE791I01019,532929,IIFL_SCRIPMASTER
BRIGHOTEL,BSE,544457.BO,Brigade Hotel Ventures,BRIGHOTEL|Brigade Hotel Ventures|Brigade Hotel Ventures Limited,,INE03NU01014,544457,IIFL_SCRIPMASTER
BRIGHTBR,BSE,526731.BO,Bright Brothers,BRIGHTBR|Bright Brothers|Bright Brothers Limited,,INE630D01010,526731,IIFL_SCRIPMASTER
BRIGHT,BSE,543831.BO,Bright Outdoor Media,BRIGHT|Bright Outdoor Media|Bright Outdoor Media Limited,,INE0OMI01019,543831,IIFL_SCRIPMASTER
BCG,BSE,532368.BO,Brightcom Group,BCG|Brightcom Group|Brightcom Group Limited,,INE425B01027,532368,IIFL_SCRIPMASTER
BRIJLEAS,BSE,532113.BO,Brijlaxmi Leasing & Finance Lt,BRIJLEAS|Brijlaxmi Leasing & Finance Lt,,INE957E01031,532113,IIFL_SCRIPMASTER
BRIPORT,BSE,539434.BO,Brilliant Portfolios,BRIPORT|Brilliant Portfolios|Brilliant Portfolios Limited,,INE661F01010,539434,IIFL_SCRIPMASTER
BRISK,BSE,544101.BO,Brisk Technovision,BRISK|Brisk Technovision|Brisk Technovision Limited,,INE0Q6L01014,544101,IIFL_SCRIPMASTER
BRITANNIA,BSE,500825.BO,Britannia Industries,BRITANNIA|Britannia Industries|Britannia Industries Limited,,INE216A01030,500825,IIFL_SCRIPMASTER
BROACH,BSE,544231.BO,Broach Lifecare Hospital Limit,BROACH|Broach Lifecare Hospital Limit,,INE0SFZ01018,544231,IIFL_SCRIPMASTER
BIRET,BSE,543261.BO,Brookfield India Real Estate T,BIRET|Brookfield India Real Estate T,,INE0FDU25010,543261,IIFL_SCRIPMASTER
BSE,BSE,201890.BO,Bse,BSE|Bse|Bse Limited,,INE118H01025,201890,IIFL_SCRIPMASTER
BSELALGO,BSE,532123.BO,Bsel Algo,BSELALGO|Bsel Algo|Bsel Algo Limited,,INE395A01016,532123,IIFL_SCRIPMASTER
BSL,BSE,514045.BO,Bsl,BSL|Bsl|Bsl Limited,,INE594B01012,514045,IIFL_SCRIPMASTER
BULKCORP,BSE,211834.BO,Bulkcorp International L,BULKCORP|Bulkcorp International L,,INE0SZ301012,211834,IIFL_SCRIPMASTER
BUTTERFLY,BSE,517421.BO,Butterfly Gandhimathi Applianc,BUTTERFLY|Butterfly Gandhimathi Applianc,,INE295F01017,517421,IIFL_SCRIPMASTER
CKKRETAIL,BSE,215693.BO,C K K Retail Mart,C K K Retail Mart|C K K Retail Mart Limited|CKKRETAIL,,INE0SMX01019,215693,IIFL_SCRIPMASTER
CPS,BSE,210584.BO,C P S Shapers,C P S Shapers|C P S Shapers Limited|CPS,,INE0QBU01012,210584,IIFL_SCRIPMASTER
MAPMYINDIA,BSE,543425.BO,C.E. Info Systems,C.E. Info Systems|C.E. Info Systems Limited|MAPMYINDIA,,INE0BV301023,543425,IIFL_SCRIPMASTER
CJGEL,BSE,507515.BO,C.J.Gelatine Products,C.J.Gelatine Products|C.J.Gelatine Products Limited|CJGEL,,INE557D01015,507515,IIFL_SCRIPMASTER
C2C,BSE,212226.BO,C2C Advanced Systems,C2C|C2C Advanced Systems|C2C Advanced Systems Limited,,INE0U7V01015,212226,IIFL_SCRIPMASTER
CADSYS,BSE,206071.BO,Cadsys (India),CADSYS|Cadsys (India)|Cadsys (India) Limited,,INE090Y01013,206071,IIFL_SCRIPMASTER
CALCOM,BSE,517236.BO,Calcom Vision,CALCOM|Calcom Vision|Calcom Vision Limited,,INE216C01010,517236,IIFL_SCRIPMASTER
CTE,BSE,532801.BO,Cambridge Technology Enterpris,CTE|Cambridge Technology Enterpris,,INE627H01017,532801,IIFL_SCRIPMASTER
CAMEXLTD,BSE,524440.BO,Camex,CAMEXLTD|Camex|Camex Limited,,INE198C01010,524440,IIFL_SCRIPMASTER
CAMLINFINE,BSE,532834.BO,Camlin Fine Sciences,CAMLINFINE|Camlin Fine Sciences|Camlin Fine Sciences Limited,,INE052I01032,532834,IIFL_SCRIPMASTER
CAMPUS,BSE,543523.BO,Campus Activewear,CAMPUS|Campus Activewear|Campus Activewear Limited,,INE278Y01022,543523,IIFL_SCRIPMASTER
CANFINHOME,BSE,511196.BO,Can Fin Homes,CANFINHOME|Can Fin Homes|Can Fin Homes Limited,,INE477A01020,511196,IIFL_SCRIPMASTER
CANBK,BSE,532483.BO,Canara Bank,CANBK|Canara Bank,,INE476A01022,532483,IIFL_SCRIPMASTER
CANHLIFE,BSE,544583.BO,Canara Hsbc Life Insurance Com,CANHLIFE|Canara Hsbc Life Insurance Com,,INE01TY01017,544583,IIFL_SCRIPMASTER
CRAMC,BSE,544580.BO,Canara Robeco Asset Management,CRAMC|Canara Robeco Asset Management,,INE218I01013,544580,IIFL_SCRIPMASTER
CANARYS,BSE,210695.BO,Canarys Automations,CANARYS|Canarys Automations|Canarys Automations Limited,,INE0QG301017,210695,IIFL_SCRIPMASTER
CANDOUR,BSE,522292.BO,Candour Techtex,CANDOUR|Candour Techtex|Candour Techtex Limited,,INE713D01055,522292,IIFL_SCRIPMASTER
CANTABIL,BSE,533267.BO,Cantabil Retail India,CANTABIL|Cantabil Retail India|Cantabil Retail India Limited,,INE068L01024,533267,IIFL_SCRIPMASTER
CAPACITE,BSE,540710.BO,Capacite Infraprojects Limite,CAPACITE|Capacite Infraprojects Limite,,INE264T01014,540710,IIFL_SCRIPMASTER
CAPILLARY,BSE,544614.BO,Capillary Technologies India L,CAPILLARY|Capillary Technologies India L,,INE0ILV01024,544614,IIFL_SCRIPMASTER
CIFL,BSE,530879.BO,Capital India Finance,CIFL|Capital India Finance|Capital India Finance Limited,,INE345H01024,530879,IIFL_SCRIPMASTER
CAPINVIT,BSE,544338.BO,Capital Infra Trust,CAPINVIT|Capital Infra Trust,,INE0Z8Z23013,544338,IIFL_SCRIPMASTER
CAPITALSFB,BSE,544120.BO,Capital Small Finance Bank,CAPITALSFB|Capital Small Finance Bank|Capital Small Finance Bank Limited,,INE646H01017,544120,IIFL_SCRIPMASTER
CTL,BSE,538476.BO,Capital Trade Links,CTL|Capital Trade Links|Capital Trade Links Limited,,INE172D01021,538476,IIFL_SCRIPMASTER
CNINFOTECH,BSE,544343.BO,Capitalnumbers Infotech Limit,CNINFOTECH|Capitalnumbers Infotech Limit,,INE0WXM01011,544343,IIFL_SCRIPMASTER
CAPLIPOINT,BSE,524742.BO,Caplin Point Laboratories,CAPLIPOINT|Caplin Point Laboratories|Caplin Point Laboratories Limited,,INE475E01026,524742,IIFL_SCRIPMASTER
CGCL,BSE,531595.BO,Capri Global Capital,CGCL|Capri Global Capital|Capri Global Capital Limited,,INE180C01042,531595,IIFL_SCRIPMASTER
CAPRIHANS,BSE,509486.BO,Caprihans India,CAPRIHANS|Caprihans India|Caprihans India Limited,,INE479A01018,509486,IIFL_SCRIPMASTER
CAPRO,BSE,507486.BO,Caprolactam Chemicals,CAPRO|Caprolactam Chemicals|Caprolactam Chemicals Limited,,INE470N01010,507486,IIFL_SCRIPMASTER
CAPPIPES,BSE,538817.BO,Captain Pipes,CAPPIPES|Captain Pipes|Captain Pipes Limited,,INE513R01026,538817,IIFL_SCRIPMASTER
CPL,BSE,536974.BO,Captain Polyplast,CPL|Captain Polyplast|Captain Polyplast Limited,,INE536P01021,536974,IIFL_SCRIPMASTER
CTCL,BSE,540652.BO,Captain Technocast,CTCL|Captain Technocast|Captain Technocast Limited,,INE931X01010,540652,IIFL_SCRIPMASTER
CARBORUNIV,BSE,513375.BO,Carborundum Universal,CARBORUNIV|Carborundum Universal|Carborundum Universal Limited,,INE120A01034,513375,IIFL_SCRIPMASTER
CARERATING,BSE,534804.BO,Care Ratings,CARERATING|Care Ratings|Care Ratings Limited,,INE752H01013,534804,IIFL_SCRIPMASTER
CPEDU,BSE,544499.BO,Career Point Edutech,CPEDU|Career Point Edutech|Career Point Edutech Limited,,INE0P6P01016,544499,IIFL_SCRIPMASTER
CARGOSOL,BSE,543621.BO,Cargosol Logistics,CARGOSOL|Cargosol Logistics|Cargosol Logistics Limited,,INE0KZM01011,543621,IIFL_SCRIPMASTER
CARGOTRANS,BSE,543618.BO,Cargotrans Maritime,CARGOTRANS|Cargotrans Maritime|Cargotrans Maritime Limited,,INE0M4L01013,543618,IIFL_SCRIPMASTER
CARRARO,BSE,544320.BO,Carraro India,CARRARO|Carraro India|Carraro India Limited,,INE0V7W01012,544320,IIFL_SCRIPMASTER
CARTRADE,BSE,543333.BO,Cartrade Tech,CARTRADE|Cartrade Tech|Cartrade Tech Limited,,INE290S01011,543333,IIFL_SCRIPMASTER
CARYSIL,BSE,524091.BO,Carysil,CARYSIL|Carysil|Carysil Limited,,INE482D01024,524091,IIFL_SCRIPMASTER
CUDML,BSE,213611.BO,Cash Ur Drive Marketing L,CUDML|Cash Ur Drive Marketing L,,INE0WL201014,213611,IIFL_SCRIPMASTER
CASTORA,BSE,531913.BO,Castora Agri Commodities Limit,CASTORA|Castora Agri Commodities Limit,,INE641H01018,531913,IIFL_SCRIPMASTER
CASTROLIND,BSE,500870.BO,Castrol India,CASTROLIND|Castrol India|Castrol India Limited,,INE172A01027,500870,IIFL_SCRIPMASTER
CATVISION,BSE,531158.BO,Catvision,CATVISION|Catvision|Catvision Limited,,INE660B01011,531158,IIFL_SCRIPMASTER
CCLINTER,BSE,531900.BO,Ccl International,CCLINTER|Ccl International|Ccl International Limited,,INE778E01031,531900,IIFL_SCRIPMASTER
CCL,BSE,519600.BO,Ccl Products (India),CCL|Ccl Products (India)|Ccl Products (India) Limited,,INE421D01022,519600,IIFL_SCRIPMASTER
CEATLTD,BSE,500878.BO,Ceat,CEATLTD|Ceat|Ceat Limited,,INE482A01020,500878,IIFL_SCRIPMASTER
CEDAAR,BSE,213506.BO,Cedaar Textile,CEDAAR|Cedaar Textile|Cedaar Textile Limited,,INE11J101017,213506,IIFL_SCRIPMASTER
CEEJAY,BSE,530789.BO,Ceejay Finance,CEEJAY|Ceejay Finance|Ceejay Finance Limited,,INE358C01010,530789,IIFL_SCRIPMASTER
CEENIK,BSE,531119.BO,Ceenik Exports (India),CEENIK|Ceenik Exports (India)|Ceenik Exports (India) Limited,,INE418D01010,531119,IIFL_SCRIPMASTER
CEETAIN,BSE,514171.BO,Ceeta Industries,CEETAIN|Ceeta Industries|Ceeta Industries Limited,,INE760J01012,514171,IIFL_SCRIPMASTER
CEIGALL,BSE,544223.BO,Ceigall India,CEIGALL|Ceigall India|Ceigall India Limited,,INE0AG901020,544223,IIFL_SCRIPMASTER
CEINSYS,BSE,538734.BO,Ceinsys Tech,CEINSYS|Ceinsys Tech|Ceinsys Tech Limited,,INE016Q01014,538734,IIFL_SCRIPMASTER
CELEBRITY,BSE,532695.BO,Celebrity Fashions,CELEBRITY|Celebrity Fashions|Celebrity Fashions Limited,,INE185H01016,532695,IIFL_SCRIPMASTER
CELLPOINT,BSE,210434.BO,Cell Point (India),CELLPOINT|Cell Point (India)|Cell Point (India) Limited,,INE0O0001013,210434,IIFL_SCRIPMASTER
CELLECOR,BSE,211856.BO,Cellecor Gadgets,CELLECOR|Cellecor Gadgets|Cellecor Gadgets Limited,,INE0OMO01025,211856,IIFL_SCRIPMASTER
CELLO,BSE,544012.BO,Cello World,CELLO|Cello World|Cello World Limited,,INE0LMW01024,544012,IIFL_SCRIPMASTER
CEMAINFRA,BSE,538596.BO,Cemantic Infra-Tech,CEMAINFRA|Cemantic Infra-Tech|Cemantic Infra-Tech Limited,,INE222B01028,538596,IIFL_SCRIPMASTER
CEMPRO,BSE,509496.BO,Cemindia Projects,CEMPRO|Cemindia Projects|Cemindia Projects Limited,,INE686A01026,509496,IIFL_SCRIPMASTER
CENLUB,BSE,522251.BO,Cenlub Industries,CENLUB|Cenlub Industries|Cenlub Industries Limited,,INE627F01011,522251,IIFL_SCRIPMASTER
CSURGSU,BSE,531380.BO,Centenial Surgical Suture,CSURGSU|Centenial Surgical Suture|Centenial Surgical Suture Limited,,INE405H01018,531380,IIFL_SCRIPMASTER
CENTRALBK,BSE,532885.BO,Central Bank of India,CENTRALBK|Central Bank of India,,INE483A01010,532885,IIFL_SCRIPMASTER
CDSL,BSE,201232.BO,Central Depo Ser (I),CDSL|Central Depo Ser (I)|Central Depo Ser (I) Limited,,INE736A01011,201232,IIFL_SCRIPMASTER
CMPDI,BSE,544739.BO,Central Mine Planning & Design,CMPDI|Central Mine Planning & Design,,INE05HV01027,544739,IIFL_SCRIPMASTER
CENTRUM,BSE,501150.BO,Centrum Capital,CENTRUM|Centrum Capital|Centrum Capital Limited,,INE660C01027,501150,IIFL_SCRIPMASTER
CENTUM,BSE,517544.BO,Centum Electronics,CENTUM|Centum Electronics|Centum Electronics Limited,,INE320B01020,517544,IIFL_SCRIPMASTER
CENTUPLE,BSE,531099.BO,Centuple Global,CENTUPLE|Centuple Global|Centuple Global Limited,,INE396H01019,531099,IIFL_SCRIPMASTER
CENTENKA,BSE,500280.BO,Century Enka,CENTENKA|Century Enka|Century Enka Limited,,INE485A01015,500280,IIFL_SCRIPMASTER
CENTEXT,BSE,500083.BO,Century Extrusions,CENTEXT|Century Extrusions|Century Extrusions Limited,,INE281A01026,500083,IIFL_SCRIPMASTER
CENTURYPLY,BSE,532548.BO,Century Plyboards (I),CENTURYPLY|Century Plyboards (I)|Century Plyboards (I) Limited,,INE348B01021,532548,IIFL_SCRIPMASTER
CERA,BSE,532443.BO,Cera Sanitaryware,CERA|Cera Sanitaryware|Cera Sanitaryware Limited,,INE739E01017,532443,IIFL_SCRIPMASTER
CESC,BSE,500084.BO,Cesc,CESC|Cesc|Cesc Limited,,INE486A01021,500084,IIFL_SCRIPMASTER
CFF,BSE,543920.BO,Cff Fluid Control,CFF|Cff Fluid Control|Cff Fluid Control Limited,,INE0NJ001013,543920,IIFL_SCRIPMASTER
CGPOWER,BSE,500093.BO,Cg Power and Industrial Soluti,CGPOWER|Cg Power and Industrial Soluti,,INE067A01029,500093,IIFL_SCRIPMASTER
CGVAK,BSE,531489.BO,Cg-Vak Software & Exports,CGVAK|Cg-Vak Software & Exports|Cg-Vak Software & Exports Limited,,INE084D01010,531489,IIFL_SCRIPMASTER
CHADPAP,BSE,531946.BO,Chadha Papers,CHADPAP|Chadha Papers|Chadha Papers Limited,,INE669W01018,531946,IIFL_SCRIPMASTER
CHALET,BSE,542399.BO,Chalet Hotels,CHALET|Chalet Hotels|Chalet Hotels Limited,,INE427F01016,542399,IIFL_SCRIPMASTER
CHALLANI,BSE,530747.BO,Challani Capital,CHALLANI|Challani Capital|Challani Capital Limited,,INE807A01010,530747,IIFL_SCRIPMASTER
CHAMAK,BSE,539600.BO,Chamak Holdings,CHAMAK|Chamak Holdings|Chamak Holdings Limited,,INE049R01013,539600,IIFL_SCRIPMASTER
CLSEL,BSE,530307.BO,Chaman Lal Setia Exports,CLSEL|Chaman Lal Setia Exports|Chaman Lal Setia Exports Limited,,INE419D01026,530307,IIFL_SCRIPMASTER
CMNL,BSE,209390.BO,Chaman Metallics,CMNL|Chaman Metallics|Chaman Metallics Limited,,INE06PV01010,209390,IIFL_SCRIPMASTER
CHAMBLFERT,BSE,500085.BO,Chambal Fertilisers & Chemical,CHAMBLFERT|Chambal Fertilisers & Chemical,,INE085A01013,500085,IIFL_SCRIPMASTER
CHAMUNDA,BSE,212480.BO,Chamunda Electrical,CHAMUNDA|Chamunda Electrical|Chamunda Electrical Limited,,INE11HG01018,212480,IIFL_SCRIPMASTER
CHANDAN,BSE,212501.BO,Chandan Healthcare,CHANDAN|Chandan Healthcare|Chandan Healthcare Limited,,INE0B2N01016,212501,IIFL_SCRIPMASTER
CHANDNIMACH,BSE,542627.BO,Chandni Machines,CHANDNIMACH|Chandni Machines|Chandni Machines Limited,,INE01GZ01011,542627,IIFL_SCRIPMASTER
CBPL,BSE,542934.BO,Chandra Bhagat Pharma,CBPL|Chandra Bhagat Pharma|Chandra Bhagat Pharma Limited,,INE07QQ01016,542934,IIFL_SCRIPMASTER
CHANDRIMA,BSE,540829.BO,Chandrima Mercantiles,CHANDRIMA|Chandrima Mercantiles|Chandrima Mercantiles Limited,,INE371F01024,540829,IIFL_SCRIPMASTER
CHRTEDCA,BSE,511696.BO,Chartered Capital & Investment,CHRTEDCA|Chartered Capital & Investment,,INE953B01010,511696,IIFL_SCRIPMASTER
CHLOGIST,BSE,531977.BO,Chartered Logistics,CHLOGIST|Chartered Logistics|Chartered Logistics Limited,,INE558F01026,531977,IIFL_SCRIPMASTER
CHATHA,BSE,544151.BO,Chatha Foods,CHATHA|Chatha Foods|Chatha Foods Limited,,INE0AH901011,544151,IIFL_SCRIPMASTER
CHAVDA,BSE,210620.BO,Chavda Infra,CHAVDA|Chavda Infra|Chavda Infra Limited,,INE0PT101017,210620,IIFL_SCRIPMASTER
CHDCHEM,BSE,539800.BO,Chd Chemicals,CHDCHEM|Chd Chemicals|Chd Chemicals Limited,,INE043U01010,539800,IIFL_SCRIPMASTER
CHEMCON,BSE,543233.BO,Chemcon Speciality Chemicals L,CHEMCON|Chemcon Speciality Chemicals L,,INE03YM01018,543233,IIFL_SCRIPMASTER
CHEMCRUX,BSE,540395.BO,Chemcrux Enterprises,CHEMCRUX|Chemcrux Enterprises|Chemcrux Enterprises Limited,,INE298W01016,540395,IIFL_SCRIPMASTER
CHEMIESYNT,BSE,539230.BO,Chemiesynth (Vapi),CHEMIESYNT|Chemiesynth (Vapi)|Chemiesynth (Vapi) Limited,,INE829R01018,539230,IIFL_SCRIPMASTER
CHEMPLASTS,BSE,543336.BO,Chemplast Sanmar,CHEMPLASTS|Chemplast Sanmar|Chemplast Sanmar Limited,,INE488A01050,543336,IIFL_SCRIPMASTER
CHEMTECH,BSE,537326.BO,Chemtech Industrial Valves,CHEMTECH|Chemtech Industrial Valves|Chemtech Industrial Valves Limited,,INE212P01011,537326,IIFL_SCRIPMASTER
CHENFERRO,BSE,539011.BO,Chennai Ferrous Industries Lim,CHENFERRO|Chennai Ferrous Industries Lim,,INE777O01016,539011,IIFL_SCRIPMASTER
CMMHOSP,BSE,523489.BO,Chennai Meenakshi Multispecial,CMMHOSP|Chennai Meenakshi Multispecial,,INE889F01017,523489,IIFL_SCRIPMASTER
CHENNPETRO,BSE,500110.BO,Chennai Petroleum,CHENNPETRO|Chennai Petroleum|Chennai Petroleum Corporation,,INE178A01016,500110,IIFL_SCRIPMASTER
CHETANA,BSE,211803.BO,Chetana Education,CHETANA|Chetana Education|Chetana Education Limited,,INE0U1T01012,211803,IIFL_SCRIPMASTER
CHEVIOT,BSE,526817.BO,Cheviot Co.,CHEVIOT|Cheviot Co.|Cheviot Co.Limited,,INE974B01016,526817,IIFL_SCRIPMASTER
CHLLTD,BSE,532992.BO,Chl,CHLLTD|Chl|Chl Limited,,INE790D01020,532992,IIFL_SCRIPMASTER
CHOICEIN,BSE,531358.BO,Choice International,CHOICEIN|Choice International|Choice International Limited,,INE102B01014,531358,IIFL_SCRIPMASTER
CHOKSILA,BSE,526546.BO,Choksi Laboratories,CHOKSILA|Choksi Laboratories|Choksi Laboratories Limited,,INE493D01013,526546,IIFL_SCRIPMASTER
CHOLAHLDNG,BSE,504973.BO,Cholamandalam Financial Holdin,CHOLAHLDNG|Cholamandalam Financial Holdin,,INE149A01033,504973,IIFL_SCRIPMASTER
CHOLAFIN,BSE,511243.BO,Cholamandalam Investment and F,CHOLAFIN|Cholamandalam Investment and F,,INE121A01024,511243,IIFL_SCRIPMASTER
CHORDIA,BSE,519475.BO,Chordia Food Products,CHORDIA|Chordia Food Products|Chordia Food Products Limited,,INE975C01011,519475,IIFL_SCRIPMASTER
CHOTHANI,BSE,540681.BO,Chothani Foods,CHOTHANI|Chothani Foods|Chothani Foods Limited,,INE344X01016,540681,IIFL_SCRIPMASTER
CHOWGULSTM,BSE,501833.BO,Chowgule Steamships,CHOWGULSTM|Chowgule Steamships|Chowgule Steamships Limited,,INE490A01015,501833,IIFL_SCRIPMASTER
CHROME,BSE,513005.BO,Chrome Silicon,CHROME|Chrome Silicon|Chrome Silicon Limited,,INE114E01013,513005,IIFL_SCRIPMASTER
CIEINDIA,BSE,532756.BO,Cie Automotive India,CIEINDIA|Cie Automotive India|Cie Automotive India Limited,,INE536H01010,532756,IIFL_SCRIPMASTER
CILSEC,BSE,530829.BO,Cil Securities,CILSEC|Cil Securities|Cil Securities Limited,,INE830A01012,530829,IIFL_SCRIPMASTER
CINDRELL,BSE,531283.BO,Cindrella Financial Services L,CINDRELL|Cindrella Financial Services L,,INE897D01015,531283,IIFL_SCRIPMASTER
CINDHO,BSE,526373.BO,Cindrella Hotels,CINDHO|Cindrella Hotels|Cindrella Hotels Limited,,INE908C01012,526373,IIFL_SCRIPMASTER
CINELINE,BSE,532807.BO,Cineline India,CINELINE|Cineline India|Cineline India Limited,,INE704H01022,532807,IIFL_SCRIPMASTER
CINEVISTA,BSE,532324.BO,Cinevista,CINEVISTA|Cinevista|Cinevista Limited,,INE039B01026,532324,IIFL_SCRIPMASTER
CIPLA,BSE,500087.BO,Cipla,CIPLA|Cipla|Cipla Limited,,INE059A01026,500087,IIFL_SCRIPMASTER
CITADEL,BSE,502445.BO,Citadel Realty and Developers,CITADEL|Citadel Realty and Developers,,INE906D01014,502445,IIFL_SCRIPMASTER
CITICHEM,BSE,544324.BO,Citichem India,CITICHEM|Citichem India|Citichem India Limited,,INE0A8401016,544324,IIFL_SCRIPMASTER
CITIUSINVT,BSE,544753.BO,Citius Transnet Investment Tru,CITIUSINVT|Citius Transnet Investment Tru,,INE2Q7823014,544753,IIFL_SCRIPMASTER
CITURGIA,BSE,506373.BO,Citurgia Biochemicals,CITURGIA|Citurgia Biochemicals|Citurgia Biochemicals Limited,,INE795B01031,506373,IIFL_SCRIPMASTER
CPML,BSE,542727.BO,City Pulse Multiventures Limit,CPML|City Pulse Multiventures Limit,,INE056001014,542727,IIFL_SCRIPMASTER
CUB,BSE,532210.BO,City Union Bank,CUB|City Union Bank|City Union Bank Limited,,INE491A01021,532210,IIFL_SCRIPMASTER
CITYMAN,BSE,521210.BO,Cityman,CITYMAN|Cityman|Cityman Limited,,INE117C01010,521210,IIFL_SCRIPMASTER
CLEDUCATE,BSE,540403.BO,Cl Educate,CLEDUCATE|Cl Educate|Cl Educate Limited,,INE201M01029,540403,IIFL_SCRIPMASTER
CLARA,BSE,543435.BO,Clara Industries,CLARA|Clara Industries|Clara Industries Limited,,INE0JJS01014,543435,IIFL_SCRIPMASTER
CLASSICEIL,BSE,213680.BO,Classic Electrode (Ind) L,CLASSICEIL|Classic Electrode (Ind) L,,INE0UQ601012,213680,IIFL_SCRIPMASTER
CLFL,BSE,540481.BO,Classic Leasing & Finance,CLFL|Classic Leasing & Finance|Classic Leasing & Finance Limited,,INE949C01016,540481,IIFL_SCRIPMASTER
CLEANMAX,BSE,544717.BO,Clean Max Enviro Energy Soluti,CLEANMAX|Clean Max Enviro Energy Soluti,,INE647U01026,544717,IIFL_SCRIPMASTER
CLEAN,BSE,543318.BO,Clean Science and Technology L,CLEAN|Clean Science and Technology L,,INE227W01023,543318,IIFL_SCRIPMASTER
CSSL,BSE,215419.BO,Clear Secured Services L,CSSL|Clear Secured Services L,,INE1EF801010,215419,IIFL_SCRIPMASTER
CTLLAB,BSE,544220.BO,Clinitech Laboratory,CTLLAB|Clinitech Laboratory|Clinitech Laboratory Limited,,INE0QMR01015,544220,IIFL_SCRIPMASTER
CLN,BSE,544347.BO,Cln Energy,CLN|Cln Energy|Cln Energy Limited,,INE0WDX01010,544347,IIFL_SCRIPMASTER
CMMIPL,BSE,202109.BO,Cmm Infraprojects,CMMIPL|Cmm Infraprojects|Cmm Infraprojects Limited,,INE289S01013,202109,IIFL_SCRIPMASTER
CMSINFO,BSE,543441.BO,Cms Info Systems,CMSINFO|Cms Info Systems|Cms Info Systems Limited,,INE925R01014,543441,IIFL_SCRIPMASTER
CMXLTD,BSE,532217.BO,Cmx Holdings,CMXLTD|Cmx Holdings|Cmx Holdings Limited,,INE027F01014,532217,IIFL_SCRIPMASTER
COALINDIA,BSE,533278.BO,Coal India,COALINDIA|Coal India|Coal India Limited,,INE522F01014,533278,IIFL_SCRIPMASTER
COASTCORP,BSE,501831.BO,Coastal,COASTCORP|Coastal|Coastal Corporation Limited,,INE377E01024,501831,IIFL_SCRIPMASTER
COCHMAL,BSE,508571.BO,Cochin Malabar Estates & Indus,COCHMAL|Cochin Malabar Estates & Indus,,INE788M01017,508571,IIFL_SCRIPMASTER
COCHINM,BSE,513353.BO,Cochin Minerals & Rutile,COCHINM|Cochin Minerals & Rutile|Cochin Minerals & Rutile Limited,,INE105D01013,513353,IIFL_SCRIPMASTER
COCHINSHIP,BSE,540678.BO,Cochin Shipyard,COCHINSHIP|Cochin Shipyard|Cochin Shipyard Limited,,INE704P01025,540678,IIFL_SCRIPMASTER
COFFEEDAY,BSE,539436.BO,Coffee Day Enterprises,COFFEEDAY|Coffee Day Enterprises|Coffee Day Enterprises Limited,,INE335K01011,539436,IIFL_SCRIPMASTER
COFORGE,BSE,532541.BO,Coforge,COFORGE|Coforge|Coforge Limited,,INE591G01025,532541,IIFL_SCRIPMASTER
COHANCE,BSE,543064.BO,Cohance Lifesciences,COHANCE|Cohance Lifesciences|Cohance Lifesciences Limited,,INE03QK01018,543064,IIFL_SCRIPMASTER
COLPAL,BSE,500830.BO,Colgate-Palmolive (India),COLPAL|Colgate-Palmolive (India)|Colgate-Palmolive (India) Limited,,INE259A01022,500830,IIFL_SCRIPMASTER
COLINZ,BSE,531210.BO,Colinz Laboratories,COLINZ|Colinz Laboratories|Colinz Laboratories Limited,,INE923C01011,531210,IIFL_SCRIPMASTER
COLORCHIPS,BSE,540023.BO,Colorchips New Media,COLORCHIPS|Colorchips New Media|Colorchips New Media Limited,,INE621I01042,540023,IIFL_SCRIPMASTER
COMFINCAP,BSE,535267.BO,Comfort Fincap,COMFINCAP|Comfort Fincap|Comfort Fincap Limited,,INE274M01026,535267,IIFL_SCRIPMASTER
COMFINTE,BSE,531216.BO,Comfort Intech,COMFINTE|Comfort Intech|Comfort Intech Limited,,INE819A01049,531216,IIFL_SCRIPMASTER
COMSYN,BSE,539986.BO,Commercial Syn Bags,COMSYN|Commercial Syn Bags|Commercial Syn Bags Limited,,INE073V01015,539986,IIFL_SCRIPMASTER
COMMITTED,BSE,210710.BO,Committed Cargo Care,COMMITTED|Committed Cargo Care|Committed Cargo Care Limited,,INE597Z01014,210710,IIFL_SCRIPMASTER
COMPEAU,BSE,531041.BO,Competent Automobiles Co.,COMPEAU|Competent Automobiles Co.|Competent Automobiles Co.Limited,,INE823B01015,531041,IIFL_SCRIPMASTER
COMPUSOFT,BSE,532339.BO,Compucom Software,COMPUSOFT|Compucom Software|Compucom Software Limited,,INE453B01029,532339,IIFL_SCRIPMASTER
CAMS,BSE,543232.BO,Computer Age Management Servic,CAMS|Computer Age Management Servic,,INE596I01020,543232,IIFL_SCRIPMASTER
COMPUPN,BSE,507833.BO,Computer Point,COMPUPN|Computer Point|Computer Point Limited,,INE607B01012,507833,IIFL_SCRIPMASTER
COMRADE,BSE,543921.BO,Comrade Appliances,COMRADE|Comrade Appliances|Comrade Appliances Limited,,INE0NXA01015,543921,IIFL_SCRIPMASTER
CONART,BSE,522231.BO,Conart Engineers,CONART|Conart Engineers|Conart Engineers Limited,,INE714D01020,522231,IIFL_SCRIPMASTER
CONCORDBIO,BSE,543960.BO,Concord Biotech,CONCORDBIO|Concord Biotech|Concord Biotech Limited,,INE338H01029,543960,IIFL_SCRIPMASTER
CNCRD,BSE,543619.BO,Concord Control Systems Limite,CNCRD|Concord Control Systems Limite,,INE0N0J01014,543619,IIFL_SCRIPMASTER
CONCORD,BSE,538965.BO,Concord Drugs,CONCORD|Concord Drugs|Concord Drugs Limited,,INE858L01010,538965,IIFL_SCRIPMASTER
CEWATER,BSE,544315.BO,Concord Enviro Systems,CEWATER|Concord Enviro Systems|Concord Enviro Systems Limited,,INE037Z01029,544315,IIFL_SCRIPMASTER
CFEL,BSE,539991.BO,Confidence Futuristic Energete,CFEL|Confidence Futuristic Energete,,INE700F01024,539991,IIFL_SCRIPMASTER
CONFIPET,BSE,526829.BO,Confidence Petroleum India,CONFIPET|Confidence Petroleum India|Confidence Petroleum India Limited,,INE552D01024,526829,IIFL_SCRIPMASTER
CONNPLEX,BSE,213641.BO,Connplex Cinemas,CONNPLEX|Connplex Cinemas|Connplex Cinemas Limited,,INE0EAS01014,213641,IIFL_SCRIPMASTER
CCDL,BSE,539091.BO,Consecutive Commodities Limite,CCDL|Consecutive Commodities Limite,,INE187R01029,539091,IIFL_SCRIPMASTER
CONSOFINVT,BSE,203559.BO,Conso. Fin. & Hold.,CONSOFINVT|Conso. Fin. & Hold.|Conso. Fin. & Hold. Limited,,INE025A01027,203559,IIFL_SCRIPMASTER
CCCL,BSE,532902.BO,Consolidated Construction Cons,CCCL|Consolidated Construction Cons,,INE429I01024,532902,IIFL_SCRIPMASTER
CONSTRONIC,BSE,523844.BO,Constronics Infra,CONSTRONIC|Constronics Infra|Constronics Infra Limited,,INE537B01011,523844,IIFL_SCRIPMASTER
CONCOR,BSE,531344.BO,Container of India,CONCOR|Container Corporation of India|Container of India,,INE111A01025,531344,IIFL_SCRIPMASTER
CONTAINER,BSE,540597.BO,Containerway International Lim,CONTAINER|Containerway International Lim,,INE319U01022,540597,IIFL_SCRIPMASTER
CONTILI,BSE,531067.BO,Contil India,CONTILI|Contil India|Contil India Limited,,INE080G01029,531067,IIFL_SCRIPMASTER
CONTCHM,BSE,506935.BO,Continental Chemicals,CONTCHM|Continental Chemicals|Continental Chemicals Limited,,INE423K01015,506935,IIFL_SCRIPMASTER
CONTICON,BSE,531460.BO,Continental Controls,CONTICON|Continental Controls|Continental Controls Limited,,INE545B01022,531460,IIFL_SCRIPMASTER
CONTPTR,BSE,523232.BO,Continental Petroleums,CONTPTR|Continental Petroleums|Continental Petroleums Limited,,INE369D01023,523232,IIFL_SCRIPMASTER
CSL,BSE,538868.BO,Continental Securities,CSL|Continental Securities|Continental Securities Limited,,INE183Q01020,538868,IIFL_SCRIPMASTER
CONTI,BSE,203459.BO,Continental Seed Chem,CONTI|Continental Seed Chem|Continental Seed Chem Limited,,INE340Z01019,203459,IIFL_SCRIPMASTER
CONTROLPR,BSE,522295.BO,Control Print,CONTROLPR|Control Print|Control Print Limited,,INE663B01015,522295,IIFL_SCRIPMASTER
COOLCAP-RE,BSE,213804.BO,Cool Caps Industries,COOLCAP-RE|Cool Caps Industries|Cool Caps Industries Limited,,INE0HS020010,213804,IIFL_SCRIPMASTER
COOLCAPS,BSE,208628.BO,Cool Caps Industries,COOLCAPS|Cool Caps Industries|Cool Caps Industries Limited,,INE0HS001028,208628,IIFL_SCRIPMASTER
CORALFINAC,BSE,531556.BO,Coral India Finance & Housing,CORALFINAC|Coral India Finance & Housing,,INE558D01021,531556,IIFL_SCRIPMASTER
CORALAB,BSE,524506.BO,Coral Laboratories,CORALAB|Coral Laboratories|Coral Laboratories Limited,,INE683E01017,524506,IIFL_SCRIPMASTER
CORNE,BSE,530755.BO,Coral Newsprints,CORNE|Coral Newsprints|Coral Newsprints Limited,,INE715D01019,530755,IIFL_SCRIPMASTER
CORDSCABLE,BSE,532941.BO,Cords Cable Industries,CORDSCABLE|Cords Cable Industries|Cords Cable Industries Limited,,INE792I01017,532941,IIFL_SCRIPMASTER
COROENGG,BSE,533167.BO,Coromandel Engineering Company,COROENGG|Coromandel Engineering Company,,INE312J01012,533167,IIFL_SCRIPMASTER
COROMANDEL,BSE,506395.BO,Coromandel International,COROMANDEL|Coromandel International|Coromandel International Limited,,INE169A01031,506395,IIFL_SCRIPMASTER
CORONA,BSE,544644.BO,Corona Remedies,CORONA|Corona Remedies|Corona Remedies Limited,,INE02ZQ01018,544644,IIFL_SCRIPMASTER
CMBL,BSE,540199.BO,Corporate Merchant Bankers Lim,CMBL|Corporate Merchant Bankers Lim,,INE850R01014,540199,IIFL_SCRIPMASTER
COSCO,BSE,530545.BO,Cosco (India),COSCO|Cosco (India)|Cosco (India) Limited,,INE949B01018,530545,IIFL_SCRIPMASTER
COSMICCRF,BSE,543928.BO,Cosmic Crf,COSMICCRF|Cosmic Crf|Cosmic Crf Limited,,INE0ORA01015,543928,IIFL_SCRIPMASTER
COSMOFE,BSE,523100.BO,Cosmo Ferrites,COSMOFE|Cosmo Ferrites|Cosmo Ferrites Limited,,INE124B01018,523100,IIFL_SCRIPMASTER
COSMOFIRST,BSE,508814.BO,Cosmo First,COSMOFIRST|Cosmo First|Cosmo First Limited,,INE757A01017,508814,IIFL_SCRIPMASTER
COSPOWER,BSE,543172.BO,Cospower Engineering,COSPOWER|Cospower Engineering|Cospower Engineering Limited,,INE0CQB01010,543172,IIFL_SCRIPMASTER
COSYN,BSE,538922.BO,Cosyn,COSYN|Cosyn|Cosyn Limited,,INE029B01019,538922,IIFL_SCRIPMASTER
CCHHL,BSE,526550.BO,Country Club Hospitality and H,CCHHL|Country Club Hospitality and H,,INE652F01027,526550,IIFL_SCRIPMASTER
COUNCODOS,BSE,531624.BO,Country Condos,COUNCODOS|Country Condos|Country Condos Limited,,INE695B01025,531624,IIFL_SCRIPMASTER
CRAFTSMAN,BSE,543276.BO,Craftsman Automation,CRAFTSMAN|Craftsman Automation|Craftsman Automation Limited,,INE00LO01017,543276,IIFL_SCRIPMASTER
CRANEINFRA,BSE,538770.BO,Crane Infrastructure,CRANEINFRA|Crane Infrastructure|Crane Infrastructure Limited,,INE176L01017,538770,IIFL_SCRIPMASTER
CRANEX,BSE,522001.BO,Cranex,CRANEX|Cranex|Cranex Limited,,INE608B01010,522001,IIFL_SCRIPMASTER
CRAVATEX,BSE,509472.BO,Cravatex,CRAVATEX|Cravatex|Cravatex Limited,,INE145E01017,509472,IIFL_SCRIPMASTER
CRAYONS,BSE,210375.BO,Crayons Advertising,CRAYONS|Crayons Advertising|Crayons Advertising Limited,,INE0OFK01019,210375,IIFL_SCRIPMASTER
CREATIVE,BSE,539527.BO,Creative Castings,CREATIVE|Creative Castings|Creative Castings Limited,,INE146E01015,539527,IIFL_SCRIPMASTER
CREATIVEYE,BSE,532392.BO,Creative Eye,CREATIVEYE|Creative Eye|Creative Eye Limited,,INE230B01021,532392,IIFL_SCRIPMASTER
CGRAPHICS,BSE,211498.BO,Creative Graphics S Ind L,CGRAPHICS|Creative Graphics S Ind L,,INE0R7401011,211498,IIFL_SCRIPMASTER
CNL,BSE,544631.BO,Creative Newtech,CNL|Creative Newtech|Creative Newtech Limited,,INE985W01018,544631,IIFL_SCRIPMASTER
CREATIVE,BSE,200415.BO,Creative Newtech,CREATIVE|Creative Newtech|Creative Newtech Limited,,INE985W01018,200415,IIFL_SCRIPMASTER
CGFL,BSE,539598.BO,Credent Global Finance,CGFL|Credent Global Finance|Credent Global Finance Limited,,INE727C01024,539598,IIFL_SCRIPMASTER
CREDITACC,BSE,541770.BO,Creditaccess Grameen,CREDITACC|Creditaccess Grameen|Creditaccess Grameen Limited,,INE741K01010,541770,IIFL_SCRIPMASTER
MUFTI,BSE,544058.BO,Credo Brands Marketing,Credo Brands Marketing|Credo Brands Marketing Limited|MUFTI,,INE220Q01020,544058,IIFL_SCRIPMASTER
CRESCENTIS,BSE,511571.BO,Crescentis Capital,CRESCENTIS|Crescentis Capital|Crescentis Capital Limited,,INE754C01010,511571,IIFL_SCRIPMASTER
CRSL,BSE,512379.BO,Cressanda Railway Solutions Li,CRSL|Cressanda Railway Solutions Li,,INE716D01033,512379,IIFL_SCRIPMASTER
CREST,BSE,511413.BO,Crest,CREST|Crest,,INE559D01011,511413,IIFL_SCRIPMASTER
CRSTCHM,BSE,526269.BO,Crestchem,CRSTCHM|Crestchem|Crestchem Limited,,INE293N01016,526269,IIFL_SCRIPMASTER
CRISIL,BSE,500092.BO,Crisil,CRISIL|Crisil|Crisil Limited,,INE007A01025,500092,IIFL_SCRIPMASTER
CRIZAC,BSE,544439.BO,Crizac,CRIZAC|Crizac|Crizac Limited,,INE0S4R01014,544439,IIFL_SCRIPMASTER
CROISSANCE,BSE,531909.BO,Croissance,CROISSANCE|Croissance|Croissance Limited,,INE587J01027,531909,IIFL_SCRIPMASTER
CROMPTON,BSE,539876.BO,Crompton Greaves Consumer Elec,CROMPTON|Crompton Greaves Consumer Elec,,INE299U01018,539876,IIFL_SCRIPMASTER
CLSL,BSE,210567.BO,Crop Life Science,CLSL|Crop Life Science|Crop Life Science Limited,,INE00NH01017,210567,IIFL_SCRIPMASTER
CROPSTER,BSE,523105.BO,Cropster Agro,CROPSTER|Cropster Agro|Cropster Agro Limited,,INE293E01031,523105,IIFL_SCRIPMASTER
CROWN,BSE,200540.BO,Crown Lifters,CROWN|Crown Lifters|Crown Lifters Limited,,INE491V01019,200540,IIFL_SCRIPMASTER
CRYOGENIC,BSE,544440.BO,Cryogenic Ogs,CRYOGENIC|Cryogenic Ogs|Cryogenic Ogs Limited,,INE0TL001013,544440,IIFL_SCRIPMASTER
CSBBANK,BSE,542867.BO,Csb Bank,CSBBANK|Csb Bank|Csb Bank Limited,,INE679A01013,542867,IIFL_SCRIPMASTER
CSLFINANCE,BSE,530067.BO,Csl Finance,CSLFINANCE|Csl Finance|Csl Finance Limited,,INE718F01018,530067,IIFL_SCRIPMASTER
CUBEINVIT,BSE,543899.BO,Cube Highways Trust,CUBEINVIT|Cube Highways Trust,,INE0NR623014,543899,IIFL_SCRIPMASTER
CUBEXTUB,BSE,526027.BO,Cubex Tubings,CUBEXTUB|Cubex Tubings|Cubex Tubings Limited,,INE144D01012,526027,IIFL_SCRIPMASTER
CUMMINSIND,BSE,500480.BO,Cummins India,CUMMINSIND|Cummins India|Cummins India Limited,,INE298A01020,500480,IIFL_SCRIPMASTER
CUPID,BSE,530843.BO,Cupid,CUPID|Cupid|Cupid Limited,,INE509F01029,530843,IIFL_SCRIPMASTER
CURIS,BSE,215295.BO,Curis Lifesciences,CURIS|Curis Lifesciences|Curis Lifesciences Limited,,INE1BZN01016,215295,IIFL_SCRIPMASTER
CURRENT,BSE,213704.BO,Current Infraprojects,CURRENT|Current Infraprojects|Current Infraprojects Limited,,INE1CRQ01014,213704,IIFL_SCRIPMASTER
CWD,BSE,543378.BO,Cwd,CWD|Cwd|Cwd Limited,,INE0H8H01019,543378,IIFL_SCRIPMASTER
CYBELEIND,BSE,531472.BO,Cybele Industries,CYBELEIND|Cybele Industries|Cybele Industries Limited,,INE183D01010,531472,IIFL_SCRIPMASTER
CMRSL,BSE,209170.BO,Cyber Media Res & Ser,CMRSL|Cyber Media Res & Ser|Cyber Media Res & Ser Limited,,INE075Z01011,209170,IIFL_SCRIPMASTER
CYBERTECH,BSE,532173.BO,Cybertech Systems and Software,CYBERTECH|Cybertech Systems and Software,,INE214A01019,532173,IIFL_SCRIPMASTER
CYIENT,BSE,532175.BO,Cyient,CYIENT|Cyient|Cyient Limited,,INE136B01020,532175,IIFL_SCRIPMASTER
CYIENTDLM,BSE,543933.BO,Cyient Dlm,CYIENTDLM|Cyient Dlm|Cyient Dlm Limited,,INE055S01018,543933,IIFL_SCRIPMASTER
DBCORP,BSE,533151.BO,D B Corp,D B Corp|D B Corp Limited|DBCORP,,INE950I01011,533151,IIFL_SCRIPMASTER
DKEGL,BSE,208318.BO,D K Enterprises Global L,D K Enterprises Global L|DKEGL,,INE0GN101014,208318,IIFL_SCRIPMASTER
DPABHUSHAN,BSE,544161.BO,D P Abhushan,D P Abhushan|D P Abhushan Limited|DPABHUSHAN,,INE266Y01019,544161,IIFL_SCRIPMASTER
DLINKINDIA,BSE,533146.BO,D-Link (India),D-Link (India)|D-Link (India) Limited|DLINKINDIA,,INE250K01012,533146,IIFL_SCRIPMASTER
DPWIRES,BSE,543962.BO,D.P. Wires,D.P. Wires|D.P. Wires Limited|DPWIRES,,INE864X01013,543962,IIFL_SCRIPMASTER
DABUR,BSE,500096.BO,Dabur India,DABUR|Dabur India|Dabur India Limited,,INE016A01026,500096,IIFL_SCRIPMASTER
DAICHI,BSE,526821.BO,Dai-Ichi Karkaria,DAICHI|Dai-Ichi Karkaria|Dai-Ichi Karkaria Limited,,INE928C01010,526821,IIFL_SCRIPMASTER
DAIKAFFI,BSE,530825.BO,Daikaffil Chemicals India,DAIKAFFI|Daikaffil Chemicals India|Daikaffil Chemicals India Limited,,INE789B01018,530825,IIFL_SCRIPMASTER
DALBHARAT,BSE,542216.BO,Dalmia Bharat,DALBHARAT|Dalmia Bharat|Dalmia Bharat Limited,,INE00R701025,542216,IIFL_SCRIPMASTER
DALMIASUG,BSE,500097.BO,Dalmia Bharat Sugar and Indust,DALMIASUG|Dalmia Bharat Sugar and Indust,,INE495A01022,500097,IIFL_SCRIPMASTER
DIDL,BSE,539900.BO,Dalmia Industrial Development,DIDL|Dalmia Industrial Development,,INE642P01019,539900,IIFL_SCRIPMASTER
DAMCAPITAL,BSE,544316.BO,Dam Capital Advisors,DAMCAPITAL|Dam Capital Advisors|Dam Capital Advisors Limited,,INE284H01025,544316,IIFL_SCRIPMASTER
DAMODARIND,BSE,521220.BO,Damodar Industries,DAMODARIND|Damodar Industries|Damodar Industries Limited,,INE497D01022,521220,IIFL_SCRIPMASTER
DANGEE,BSE,209079.BO,Dangee Dums,DANGEE|Dangee Dums|Dangee Dums Limited,,INE688Y01022,209079,IIFL_SCRIPMASTER
DANISH,BSE,212136.BO,Danish Power,DANISH|Danish Power|Danish Power Limited,,INE0YU901016,212136,IIFL_SCRIPMASTER
DANLAW,BSE,532329.BO,Danlaw Technologies India,DANLAW|Danlaw Technologies India|Danlaw Technologies India Limited,,INE310B01013,532329,IIFL_SCRIPMASTER
DANUBE,BSE,540361.BO,Danube Industries,DANUBE|Danube Industries|Danube Industries Limited,,INE575D01041,540361,IIFL_SCRIPMASTER
DCCL,BSE,213351.BO,Dar Credit & Capital,DCCL|Dar Credit & Capital|Dar Credit & Capital Limited,,INE04Q901010,213351,IIFL_SCRIPMASTER
DARSHANORNA,BSE,539884.BO,Darshan Orna,DARSHANORNA|Darshan Orna|Darshan Orna Limited,,INE671T01028,539884,IIFL_SCRIPMASTER
DATAPATTNS,BSE,543428.BO,Data Patterns (India),DATAPATTNS|Data Patterns (India)|Data Patterns (India) Limited,,INE0IX101010,543428,IIFL_SCRIPMASTER
DATAMATICS,BSE,532528.BO,Datamatics Global Services,DATAMATICS|Datamatics Global Services|Datamatics Global Services Limited,,INE365B01017,532528,IIFL_SCRIPMASTER
DAULAT,BSE,530171.BO,Daulat Securities,DAULAT|Daulat Securities|Daulat Securities Limited,,INE108C01019,530171,IIFL_SCRIPMASTER
DAVANGERE,BSE,543267.BO,Davangere Sugar Company Limite,DAVANGERE|Davangere Sugar Company Limite,,INE179G01029,543267,IIFL_SCRIPMASTER
DAVIN,BSE,544331.BO,Davin Sons Retail,DAVIN|Davin Sons Retail|Davin Sons Retail Limited,,INE0Q2L01013,544331,IIFL_SCRIPMASTER
DBSTOCKBRO,BSE,530393.BO,Db (International) Stock Broke,DBSTOCKBRO|Db (International) Stock Broke,,INE921B01025,530393,IIFL_SCRIPMASTER
DCBBANK,BSE,532772.BO,Dcb Bank,DCBBANK|Dcb Bank|Dcb Bank Limited,,INE503A01015,532772,IIFL_SCRIPMASTER
DCG,BSE,211509.BO,Dcg Cables & Wires,DCG|Dcg Cables & Wires|Dcg Cables & Wires Limited,,INE0S8401018,211509,IIFL_SCRIPMASTER
DCM,BSE,502820.BO,Dcm,DCM|Dcm|Dcm Limited,,INE498A01018,502820,IIFL_SCRIPMASTER
DCMSHRIRAM,BSE,523367.BO,Dcm Shriram,DCMSHRIRAM|Dcm Shriram|Dcm Shriram Limited,,INE499A01024,523367,IIFL_SCRIPMASTER
DSFCL,BSE,544703.BO,Dcm Shriram Fine Chemicals Lim,DSFCL|Dcm Shriram Fine Chemicals Lim,,INE0OFM01015,544703,IIFL_SCRIPMASTER
DCMSRIND,BSE,523369.BO,Dcm Shriram Industries,DCMSRIND|Dcm Shriram Industries|Dcm Shriram Industries Limited,,INE843D01027,523369,IIFL_SCRIPMASTER
DCW,BSE,500117.BO,Dcw,DCW|Dcw|Dcw Limited,,INE500A01029,500117,IIFL_SCRIPMASTER
DCXINDIA,BSE,543650.BO,Dcx Systems,DCXINDIA|Dcx Systems|Dcx Systems Limited,,INE0KL801015,543650,IIFL_SCRIPMASTER
DDEVPLSTIK,BSE,543547.BO,Ddev Plastiks Industries Limit,DDEVPLSTIK|Ddev Plastiks Industries Limit,,INE0HR601026,543547,IIFL_SCRIPMASTER
DENEERS,BSE,210323.BO,De Neers Tools,DENEERS|De Neers Tools|De Neers Tools Limited,,INE0JWV01011,210323,IIFL_SCRIPMASTER
DENORA,BSE,590031.BO,De Nora India,DENORA|De Nora India|De Nora India Limited,,INE244A01016,590031,IIFL_SCRIPMASTER
DIL,BSE,201461.BO,Debock Industries,DIL|Debock Industries|Debock Industries Limited,,INE411Y01011,201461,IIFL_SCRIPMASTER
DECCANCE,BSE,502137.BO,Deccan Cements,DECCANCE|Deccan Cements|Deccan Cements Limited,,INE583C01021,502137,IIFL_SCRIPMASTER
DECNGOLD,BSE,512068.BO,Deccan Gold Mines,DECNGOLD|Deccan Gold Mines|Deccan Gold Mines Limited,,INE945F01025,512068,IIFL_SCRIPMASTER
DECCAN,BSE,542248.BO,Deccan Health Care,DECCAN|Deccan Health Care|Deccan Health Care Limited,,INE452W01019,542248,IIFL_SCRIPMASTER
DECCANTRAN,BSE,212001.BO,Deccan Transcon Leasing L,DECCANTRAN|Deccan Transcon Leasing L,,INE0S7C01019,212001,IIFL_SCRIPMASTER
DFL,BSE,539190.BO,Decillion Finance,DFL|Decillion Finance|Decillion Finance Limited,,INE848N01017,539190,IIFL_SCRIPMASTER
DECIPHER,BSE,524752.BO,Decipher Labs,DECIPHER|Decipher Labs|Decipher Labs Limited,,INE643N01012,524752,IIFL_SCRIPMASTER
DECOMIC,BSE,531227.BO,Deco-Mica,DECOMIC|Deco-Mica|Deco-Mica Limited,,INE907E01010,531227,IIFL_SCRIPMASTER
DITCO,BSE,539405.BO,Decorous Investment and Tradin,DITCO|Decorous Investment and Tradin,,INE183R01010,539405,IIFL_SCRIPMASTER
DEEM,BSE,211181.BO,Deem Roll Tech,DEEM|Deem Roll Tech|Deem Roll Tech Limited,,INE586O01011,211181,IIFL_SCRIPMASTER
DEEPAI,BSE,539559.BO,Deep Health Ai India,DEEPAI|Deep Health Ai India|Deep Health Ai India Limited,,INE005G01026,539559,IIFL_SCRIPMASTER
DEEPINDS,BSE,543288.BO,Deep Industries,DEEPINDS|Deep Industries|Deep Industries Limited,,INE0FHS01024,543288,IIFL_SCRIPMASTER
DEEP,BSE,541778.BO,Deep Polymers,DEEP|Deep Polymers|Deep Polymers Limited,,INE00IY01012,541778,IIFL_SCRIPMASTER
DBEIL,BSE,544276.BO,Deepak Builders and Engineers,DBEIL|Deepak Builders and Engineers,,INE0OPA01019,544276,IIFL_SCRIPMASTER
DEEPAKCHEM,BSE,544036.BO,Deepak Chemtex,DEEPAKCHEM|Deepak Chemtex|Deepak Chemtex Limited,,INE0RDM01013,544036,IIFL_SCRIPMASTER
DEEPAKFERT,BSE,500645.BO,Deepak Fertilisers & Petrochem,DEEPAKFERT|Deepak Fertilisers & Petrochem,,INE501A01019,500645,IIFL_SCRIPMASTER
DEEPAKNTR,BSE,506401.BO,Deepak Nitrite,DEEPAKNTR|Deepak Nitrite|Deepak Nitrite Limited,,INE288B01029,506401,IIFL_SCRIPMASTER
DEEPAKSP,BSE,514030.BO,Deepak Spinners,DEEPAKSP|Deepak Spinners|Deepak Spinners Limited,,INE272C01013,514030,IIFL_SCRIPMASTER
DEFRAIL,BSE,544677.BO,Defrail Technologies,DEFRAIL|Defrail Technologies|Defrail Technologies Limited,,INE0ZE201010,544677,IIFL_SCRIPMASTER
DELAPLEX,BSE,211092.BO,Delaplex,DELAPLEX|Delaplex|Delaplex Limited,,INE0SK801018,211092,IIFL_SCRIPMASTER
DELHIVERY,BSE,543529.BO,Delhivery,DELHIVERY|Delhivery|Delhivery Limited,,INE148O01028,543529,IIFL_SCRIPMASTER
DELPHIFX,BSE,533452.BO,Delphi World Money,DELPHIFX|Delphi World Money|Delphi World Money Limited,,INE726L01027,533452,IIFL_SCRIPMASTER
DELTIC,BSE,212378.BO,Delta Autocorp,DELTIC|Delta Autocorp|Delta Autocorp Limited,,INE0XRN01019,212378,IIFL_SCRIPMASTER
DELTACORP,BSE,532848.BO,Delta Corp,DELTACORP|Delta Corp|Delta Corp Limited,,INE124G01033,532848,IIFL_SCRIPMASTER
DELTA,BSE,539596.BO,Delta Industrial Resources Lim,DELTA|Delta Industrial Resources Lim,,INE681Q01015,539596,IIFL_SCRIPMASTER
DELTAMAGNT,BSE,504286.BO,Delta Manufacturing,DELTAMAGNT|Delta Manufacturing|Delta Manufacturing Limited,,INE393A01011,504286,IIFL_SCRIPMASTER
DLTNCBL,BSE,504240.BO,Delton Cables,DLTNCBL|Delton Cables|Delton Cables Limited,,INE872E01016,504240,IIFL_SCRIPMASTER
DEN,BSE,533137.BO,Den Networks,DEN|Den Networks|Den Networks Limited,,INE947J01015,533137,IIFL_SCRIPMASTER
DENISCHEM,BSE,537536.BO,Denis Chem Lab,DENISCHEM|Denis Chem Lab|Denis Chem Lab Limited,,INE051G01012,537536,IIFL_SCRIPMASTER
DENTA,BSE,544345.BO,Denta Water and Infra Solution,DENTA|Denta Water and Infra Solution,,INE0R4L01018,544345,IIFL_SCRIPMASTER
DESTINY,BSE,208303.BO,Destiny Logistics & I,DESTINY|Destiny Logistics & I|Destiny Logistics & I Limited,,INE0IGO01011,208303,IIFL_SCRIPMASTER
DEVX,BSE,544513.BO,Dev Accelerator,DEVX|Dev Accelerator|Dev Accelerator Limited,,INE0VOV01021,544513,IIFL_SCRIPMASTER
DEVIT,BSE,543462.BO,Dev Information Technology Lim,DEVIT|Dev Information Technology Lim,,INE060X01034,543462,IIFL_SCRIPMASTER
DEVINE,BSE,531585.BO,Devine Impex,DEVINE|Devine Impex|Devine Impex Limited,,INE455C01014,531585,IIFL_SCRIPMASTER
DEVYANI,BSE,543330.BO,Devyani International,DEVYANI|Devyani International|Devyani International Limited,,INE872J01023,543330,IIFL_SCRIPMASTER
DHABRIYA,BSE,538715.BO,Dhabriya Polywood,DHABRIYA|Dhabriya Polywood|Dhabriya Polywood Limited,,INE260R01016,538715,IIFL_SCRIPMASTER
DHAMPURSUG,BSE,500119.BO,Dhampur Sugar Mills,DHAMPURSUG|Dhampur Sugar Mills|Dhampur Sugar Mills Limited,,INE041A01016,500119,IIFL_SCRIPMASTER
DHAMPURE,BSE,531923.BO,Dhampure Speciality Sugars,DHAMPURE|Dhampure Speciality Sugars|Dhampure Speciality Sugars Limited,,INE956B01013,531923,IIFL_SCRIPMASTER
DHANROTO,BSE,521216.BO,Dhanalaxmi Roto Spinners,DHANROTO|Dhanalaxmi Roto Spinners|Dhanalaxmi Roto Spinners Limited,,INE220C01012,521216,IIFL_SCRIPMASTER
DEL,BSE,542679.BO,Dhanashree Electronics,DEL|Dhanashree Electronics|Dhanashree Electronics Limited,,INE413F01016,542679,IIFL_SCRIPMASTER
DHANBANK,BSE,532180.BO,Dhanlaxmi Bank,DHANBANK|Dhanlaxmi Bank|Dhanlaxmi Bank Limited,,INE680A01011,532180,IIFL_SCRIPMASTER
DHANLAXMI,BSE,212273.BO,Dhanlaxmi Crop Science L,DHANLAXMI|Dhanlaxmi Crop Science L,,INE0V9V01010,212273,IIFL_SCRIPMASTER
DHANFAB,BSE,521151.BO,Dhanlaxmi Fabrics,DHANFAB|Dhanlaxmi Fabrics|Dhanlaxmi Fabrics Limited,,INE953D01016,521151,IIFL_SCRIPMASTER
DHANSAFAL,BSE,512048.BO,Dhansafal Finserve,DHANSAFAL|Dhansafal Finserve|Dhansafal Finserve Limited,,INE195E01020,512048,IIFL_SCRIPMASTER
DHANUKA,BSE,507717.BO,Dhanuka Agritech,DHANUKA|Dhanuka Agritech|Dhanuka Agritech Limited,,INE435G01025,507717,IIFL_SCRIPMASTER
DIRL,BSE,200454.BO,Dhanuka Infra Realty,DIRL|Dhanuka Infra Realty|Dhanuka Infra Realty Limited,,INE704V01015,200454,IIFL_SCRIPMASTER
ZDHJERK,BSE,531043.BO,Dhanvantri Jeevan Rekha,Dhanvantri Jeevan Rekha|Dhanvantri Jeevan Rekha Limited|ZDHJERK,,INE239F01015,531043,IIFL_SCRIPMASTER
DHARARAIL,BSE,215516.BO,Dhara Rail Projects,DHARARAIL|Dhara Rail Projects|Dhara Rail Projects Limited,,INE2HJL01019,215516,IIFL_SCRIPMASTER
DHARFIN,BSE,511451.BO,Dharani Finance,DHARFIN|Dharani Finance|Dharani Finance Limited,,INE899D01011,511451,IIFL_SCRIPMASTER
DHARI-RE,BSE,215873.BO,Dhariwalcorp,DHARI-RE|Dhariwalcorp|Dhariwalcorp Limited,,INE0YRN20017,215873,IIFL_SCRIPMASTER
DHARIWAL,BSE,211839.BO,Dhariwalcorp,DHARIWAL|Dhariwalcorp|Dhariwalcorp Limited,,INE0YRN01017,211839,IIFL_SCRIPMASTER
DHARIWAL,BSE,215715.BO,Dhariwalcorp,DHARIWAL|Dhariwalcorp|Dhariwalcorp Limited,,INE0YRN01025,215715,IIFL_SCRIPMASTER
DHARMAJ,BSE,543687.BO,Dharmaj Crop Guard,DHARMAJ|Dharmaj Crop Guard|Dharmaj Crop Guard Limited,,INE00OQ01016,543687,IIFL_SCRIPMASTER
DHARNI,BSE,543753.BO,Dharni Capital Services Limite,DHARNI|Dharni Capital Services Limite,,INE0M9Q01011,543753,IIFL_SCRIPMASTER
DHATRE,BSE,540080.BO,Dhatre Udyog,DHATRE|Dhatre Udyog|Dhatre Udyog Limited,,INE715T01031,540080,IIFL_SCRIPMASTER
DHILLON,BSE,544556.BO,Dhillon Freight Carrier Limite,DHILLON|Dhillon Freight Carrier Limite,,INE0SPJ01011,544556,IIFL_SCRIPMASTER
DHOOTIN,BSE,526971.BO,Dhoot Industrial Finance,DHOOTIN|Dhoot Industrial Finance|Dhoot Industrial Finance Limited,,INE313G01016,526971,IIFL_SCRIPMASTER
DHPIND,BSE,531306.BO,Dhp India,DHPIND|Dhp India|Dhp India Limited,,INE590D01016,531306,IIFL_SCRIPMASTER
DHUNINV,BSE,533336.BO,Dhunseri Investments,DHUNINV|Dhunseri Investments|Dhunseri Investments Limited,,INE320L01011,533336,IIFL_SCRIPMASTER
DTIL,BSE,538902.BO,Dhunseri Tea & Industries,DTIL|Dhunseri Tea & Industries|Dhunseri Tea & Industries Limited,,INE341R01014,538902,IIFL_SCRIPMASTER
DVL,BSE,523736.BO,Dhunseri Ventures,DVL|Dhunseri Ventures|Dhunseri Ventures Limited,,INE477B01010,523736,IIFL_SCRIPMASTER
DHYAANITR,BSE,543516.BO,Dhyaani Tradeventtures,DHYAANITR|Dhyaani Tradeventtures|Dhyaani Tradeventtures Limited,,INE0K5F01014,543516,IIFL_SCRIPMASTER
DIAMINESQ,BSE,500120.BO,Diamines & Chemicals,DIAMINESQ|Diamines & Chemicals|Diamines & Chemicals Limited,,INE591D01014,500120,IIFL_SCRIPMASTER
DIACABS,BSE,522163.BO,Diamond Power Infrastructure L,DIACABS|Diamond Power Infrastructure L,,INE989C01038,522163,IIFL_SCRIPMASTER
DIANATEA,BSE,530959.BO,Diana Tea Co.,DIANATEA|Diana Tea Co.|Diana Tea Co.Limited,,INE012E01035,530959,IIFL_SCRIPMASTER
DICIND,BSE,500089.BO,Dic India,DICIND|Dic India|Dic India Limited,,INE303A01010,500089,IIFL_SCRIPMASTER
DTL,BSE,211726.BO,Diensten Tech,DTL|Diensten Tech|Diensten Tech Limited,,INE0JRD01019,211726,IIFL_SCRIPMASTER
DIFFNKG,BSE,544264.BO,Diffusion Engineers,DIFFNKG|Diffusion Engineers|Diffusion Engineers Limited,,INE184O01015,544264,IIFL_SCRIPMASTER
DML,BSE,540811.BO,Diggi Multitrade,DML|Diggi Multitrade|Diggi Multitrade Limited,,INE158R01012,540811,IIFL_SCRIPMASTER
DGCONTENT,BSE,542685.BO,Digicontent,DGCONTENT|Digicontent|Digicontent Limited,,INE03JI01017,542685,IIFL_SCRIPMASTER
DIGIDRIVE,BSE,544079.BO,Digidrive Distributors,DIGIDRIVE|Digidrive Distributors|Digidrive Distributors Limited,,INE0PSC01024,544079,IIFL_SCRIPMASTER
DIGIKORE,BSE,210660.BO,Digikore Studios,DIGIKORE|Digikore Studios|Digikore Studios Limited,,INE0QJ901011,210660,IIFL_SCRIPMASTER
DIGILOGIC,BSE,544684.BO,Digilogic Systems,DIGILOGIC|Digilogic Systems|Digilogic Systems Limited,,INE1OOT01028,544684,IIFL_SCRIPMASTER
DIGIFIBRE,BSE,543859.BO,Digital Fibre Infrastructure T,DIGIFIBRE|Digital Fibre Infrastructure T,,INE0CDI23017,543859,IIFL_SCRIPMASTER
DIGITIDE,BSE,544413.BO,Digitide Solutions,DIGITIDE|Digitide Solutions|Digitide Solutions Limited,,INE0U4701011,544413,IIFL_SCRIPMASTER
DIGJAMLMTD,BSE,539979.BO,Digjam,DIGJAMLMTD|Digjam|Digjam Limited,,INE731U01028,539979,IIFL_SCRIPMASTER
DILIGENT,BSE,531153.BO,Diligent Industries,DILIGENT|Diligent Industries|Diligent Industries Limited,,INE650C01036,531153,IIFL_SCRIPMASTER
DNAMEDIA,BSE,540789.BO,Diligent Media Lim,DNAMEDIA|Diligent Media Corporation Lim|Diligent Media Lim,,INE016M01021,540789,IIFL_SCRIPMASTER
DBL,BSE,540047.BO,Dilip Buildcon,DBL|Dilip Buildcon|Dilip Buildcon Limited,,INE917M01012,540047,IIFL_SCRIPMASTER
DPL,BSE,543594.BO,Dipna Pharmachem,DPL|Dipna Pharmachem|Dipna Pharmachem Limited,,INE0MC401013,543594,IIFL_SCRIPMASTER
DISAQ,BSE,500068.BO,Disa India,DISAQ|Disa India|Disa India Limited,,INE131C01011,500068,IIFL_SCRIPMASTER
DCAL,BSE,540701.BO,Dishman Carbogen Amcis,DCAL|Dishman Carbogen Amcis|Dishman Carbogen Amcis Limited,,INE385W01011,540701,IIFL_SCRIPMASTER
DIVGIITTS,BSE,543812.BO,Divgi Torqtransfer Systems Lim,DIVGIITTS|Divgi Torqtransfer Systems Lim,,INE753U01022,543812,IIFL_SCRIPMASTER
DIVINEHIRA,BSE,212706.BO,Divine Hira Jewellers,DIVINEHIRA|Divine Hira Jewellers|Divine Hira Jewellers Limited,,INE0NA501011,212706,IIFL_SCRIPMASTER
DPEL,BSE,211722.BO,Divine Power Energy,DPEL|Divine Power Energy|Divine Power Energy Limited,,INE0SCO01019,211722,IIFL_SCRIPMASTER
DIVISLAB,BSE,532488.BO,Divis Laboratories,DIVISLAB|Divis Laboratories|Divis Laboratories Limited,,INE361B01024,532488,IIFL_SCRIPMASTER
DIVYADHAN,BSE,212057.BO,Divyadhan Recycling Ind L,DIVYADHAN|Divyadhan Recycling Ind L,,INE0QYI01019,212057,IIFL_SCRIPMASTER
DIVSHKT,BSE,526315.BO,Divyashakti,DIVSHKT|Divyashakti|Divyashakti Limited,,INE410G01010,526315,IIFL_SCRIPMASTER
DIXON,BSE,540699.BO,Dixon Technologies (India) Lim,DIXON|Dixon Technologies (India) Lim,,INE935N01020,540699,IIFL_SCRIPMASTER
DJML,BSE,543193.BO,Dj Mediaprint & Logistics Limi,DJML|Dj Mediaprint & Logistics Limi,,INE0B1K01014,543193,IIFL_SCRIPMASTER
DJSSS,BSE,511636.BO,Djs Stock & Shares,DJSSS|Djs Stock & Shares|Djs Stock & Shares Limited,,INE234E01027,511636,IIFL_SCRIPMASTER
DLF,BSE,532868.BO,Dlf,DLF|Dlf|Dlf Limited,,INE271C01023,532868,IIFL_SCRIPMASTER
DMCC,BSE,506405.BO,Dmcc Speciality Chemicals Limi,DMCC|Dmcc Speciality Chemicals Limi,,INE505A01010,506405,IIFL_SCRIPMASTER
DMR,BSE,543410.BO,Dmr Engineering,DMR|Dmr Engineering|Dmr Engineering Limited,,INE07L501010,543410,IIFL_SCRIPMASTER
DHTL,BSE,211090.BO,Docmode Health Tech,DHTL|Docmode Health Tech|Docmode Health Tech Limited,,INE0OGG01015,211090,IIFL_SCRIPMASTER
DODLA,BSE,543306.BO,Dodla Dairy,DODLA|Dodla Dairy|Dodla Dairy Limited,,INE021O01019,543306,IIFL_SCRIPMASTER
DOLATALGO,BSE,505526.BO,Dolat Algotech,DOLATALGO|Dolat Algotech|Dolat Algotech Limited,,INE966A01022,505526,IIFL_SCRIPMASTER
DOLFIN,BSE,542013.BO,Dolfin Rubbers,DOLFIN|Dolfin Rubbers|Dolfin Rubbers Limited,,INE666Y01010,542013,IIFL_SCRIPMASTER
DOLLAR,BSE,541403.BO,Dollar Industries,DOLLAR|Dollar Industries|Dollar Industries Limited,,INE325C01035,541403,IIFL_SCRIPMASTER
DOLLEX,BSE,209344.BO,Dollex Agrotech,DOLLEX|Dollex Agrotech|Dollex Agrotech Limited,,INE0JHH01011,209344,IIFL_SCRIPMASTER
DOLLEX-RE,BSE,213327.BO,Dollex Agrotech,DOLLEX-RE|Dollex Agrotech|Dollex Agrotech Limited,,INE0JHH20011,213327,IIFL_SCRIPMASTER
DKUAL,BSE,544170.BO,Dolphin Kitchen Utensils and A,DKUAL|Dolphin Kitchen Utensils and A,,INE0QXT01018,544170,IIFL_SCRIPMASTER
DOLPHIN,BSE,522261.BO,Dolphin Offshore Enterprises (,DOLPHIN|Dolphin Offshore Enterprises (,,INE920A01037,522261,IIFL_SCRIPMASTER
DOMS,BSE,544045.BO,Doms Industries,DOMS|Doms Industries|Doms Industries Limited,,INE321T01012,544045,IIFL_SCRIPMASTER
DONEAR,BSE,512519.BO,Donear Industries,DONEAR|Donear Industries|Donear Industries Limited,,INE668D01028,512519,IIFL_SCRIPMASTER
DPSCLTD,BSE,202249.BO,Dpsc,DPSCLTD|Dpsc|Dpsc Limited,,INE360C01024,202249,IIFL_SCRIPMASTER
DLCL,BSE,541299.BO,Dr Lalchandani Labs,DLCL|Dr Lalchandani Labs|Dr Lalchandani Labs Limited,,INE871Z01013,541299,IIFL_SCRIPMASTER
AGARWALEYE,BSE,544350.BO,Dr. Agarwals Health Care Limi,AGARWALEYE|Dr. Agarwals Health Care Limi,,INE943P01029,544350,IIFL_SCRIPMASTER
LALPATHLAB,BSE,539524.BO,Dr. Lal Pathlabs,Dr. Lal Pathlabs|Dr. Lal Pathlabs Limited|LALPATHLAB,,INE600L01024,539524,IIFL_SCRIPMASTER
DRAGARWQ,BSE,526783.BO,Dr.Agarwals Eye Hospital,DRAGARWQ|Dr.Agarwals Eye Hospital|Dr.Agarwals Eye Hospital Limited,,INE934C01018,526783,IIFL_SCRIPMASTER
DRREDDY,BSE,500124.BO,Dr.Reddys Laboratories,DRREDDY|Dr.Reddys Laboratories|Dr.Reddys Laboratories Limited,,INE089A01031,500124,IIFL_SCRIPMASTER
DRA,BSE,540144.BO,Dra Consultants,DRA|Dra Consultants|Dra Consultants Limited,,INE746V01016,540144,IIFL_SCRIPMASTER
DRCSYSTEMS,BSE,543268.BO,Drc Systems India,DRCSYSTEMS|Drc Systems India|Drc Systems India Limited,,INE03RS01027,543268,IIFL_SCRIPMASTER
DREAMFOLKS,BSE,543591.BO,Dreamfolks Services,DREAMFOLKS|Dreamfolks Services|Dreamfolks Services Limited,,INE0JS101016,543591,IIFL_SCRIPMASTER
DREDGECORP,BSE,523618.BO,Dredging of India,DREDGECORP|Dredging Corporation of India|Dredging of India,,INE506A01018,523618,IIFL_SCRIPMASTER
DRONE,BSE,210495.BO,Drone Destination,DRONE|Drone Destination|Drone Destination Limited,,INE0P7201019,210495,IIFL_SCRIPMASTER
DRONACHRYA,BSE,543713.BO,Droneacharya Aerial Innovation,DRONACHRYA|Droneacharya Aerial Innovation,,INE0MQD01015,543713,IIFL_SCRIPMASTER
DRSCARGO,BSE,211501.BO,Drs Cargo Movers,DRSCARGO|Drs Cargo Movers|Drs Cargo Movers Limited,,INE0QZM01018,211501,IIFL_SCRIPMASTER
DRSDILIP,BSE,202144.BO,Drs Dilip Roadlines,DRSDILIP|Drs Dilip Roadlines|Drs Dilip Roadlines Limited,,INE02CV01017,202144,IIFL_SCRIPMASTER
KEEPLEARN,BSE,526677.BO,Dsj Keep Learning,Dsj Keep Learning|Dsj Keep Learning Limited|KEEPLEARN,,INE055C01020,526677,IIFL_SCRIPMASTER
ZAPPFRESH,BSE,544568.BO,Dsm Fresh Foods,Dsm Fresh Foods|Dsm Fresh Foods Limited|ZAPPFRESH,,INE0SUM01015,544568,IIFL_SCRIPMASTER
DUCOL,BSE,209397.BO,Ducol Orgs and Colours Lt,DUCOL|Ducol Orgs and Colours Lt,,INE0LZO01015,209397,IIFL_SCRIPMASTER
DUGLOBAL,BSE,208924.BO,Dudigital Global,DUGLOBAL|Dudigital Global|Dudigital Global Limited,,INE0HPK01020,208924,IIFL_SCRIPMASTER
DUNCANENG,BSE,504908.BO,Duncan Engineering,DUNCANENG|Duncan Engineering|Duncan Engineering Limited,,INE340F01011,504908,IIFL_SCRIPMASTER
DURLAX,BSE,211692.BO,Durlax Top Surface,DURLAX|Durlax Top Surface|Durlax Top Surface Limited,,INE0OUW01013,211692,IIFL_SCRIPMASTER
DURLAX-RE,BSE,215788.BO,Durlax Top Surface L,DURLAX-RE|Durlax Top Surface L,,INE0OUW20013,215788,IIFL_SCRIPMASTER
DUROPACK,BSE,526355.BO,Duropack,DUROPACK|Duropack|Duropack Limited,,INE138B01018,526355,IIFL_SCRIPMASTER
DUROPLY,BSE,516003.BO,Duroply Industries,DUROPLY|Duroply Industries|Duroply Industries Limited,,INE932D01010,516003,IIFL_SCRIPMASTER
DUTRON,BSE,517437.BO,Dutron Polymers,DUTRON|Dutron Polymers|Dutron Polymers Limited,,INE940C01015,517437,IIFL_SCRIPMASTER
DWARKESH,BSE,532610.BO,Dwarikesh Sugar Industries,DWARKESH|Dwarikesh Sugar Industries|Dwarikesh Sugar Industries Limited,,INE366A01041,532610,IIFL_SCRIPMASTER
DSSL,BSE,532365.BO,Dynacons Systems & Solutions L,DSSL|Dynacons Systems & Solutions L,,INE417B01040,532365,IIFL_SCRIPMASTER
DYNAMATECH,BSE,505242.BO,Dynamatic Technologies,DYNAMATECH|Dynamatic Technologies|Dynamatic Technologies Limited,,INE221B01012,505242,IIFL_SCRIPMASTER
DAL,BSE,539681.BO,Dynamic Archistructures Limite,DAL|Dynamic Archistructures Limite,,INE874E01012,539681,IIFL_SCRIPMASTER
DYCL,BSE,540795.BO,Dynamic Cables,DYCL|Dynamic Cables|Dynamic Cables Limited,,INE600Y01019,540795,IIFL_SCRIPMASTER
DYNAMIND,BSE,524818.BO,Dynamic Industries,DYNAMIND|Dynamic Industries|Dynamic Industries Limited,,INE457C01010,524818,IIFL_SCRIPMASTER
DYNAMICP,BSE,530779.BO,Dynamic Portfolio Management &,DYNAMICP|Dynamic Portfolio Management &,,INE118C01018,530779,IIFL_SCRIPMASTER
DYNAMIC,BSE,208302.BO,Dynamic Srvcs & Sec,DYNAMIC|Dynamic Srvcs & Sec|Dynamic Srvcs & Sec Limited,,INE0DZ701010,208302,IIFL_SCRIPMASTER
DYNAVSN,BSE,517238.BO,Dynavision,DYNAVSN|Dynavision|Dynavision Limited,,INE083E01010,517238,IIFL_SCRIPMASTER
DYNPRO,BSE,532707.BO,Dynemic Products,DYNPRO|Dynemic Products|Dynemic Products Limited,,INE256H01015,532707,IIFL_SCRIPMASTER
EFACTOR,BSE,210688.BO,E Factor Experiences,E Factor Experiences|E Factor Experiences Limited|EFACTOR,,INE0KFF01017,210688,IIFL_SCRIPMASTER
E2ERAIL,BSE,215521.BO,E To E Trans Infra,E To E Trans Infra|E To E Trans Infra Limited|E2ERAIL,,INE1CEJ01017,215521,IIFL_SCRIPMASTER
ELAND,BSE,532820.BO,E-Land Apparel,E-Land Apparel|E-Land Apparel Limited|ELAND,,INE311H01018,532820,IIFL_SCRIPMASTER
EIDPARRY,BSE,500125.BO,E.I.D.-Parry (India),E.I.D.-Parry (India)|E.I.D.-Parry (India) Limited|EIDPARRY,,INE126A01031,500125,IIFL_SCRIPMASTER
E2E,BSE,201143.BO,E2E Networks,E2E|E2E Networks|E2E Networks Limited,,INE255Z01019,201143,IIFL_SCRIPMASTER
EARKART,BSE,544549.BO,Earkart,EARKART|Earkart|Earkart Limited,,INE1A8F01035,544549,IIFL_SCRIPMASTER
EARTH,BSE,543765.BO,Earthstahl & Alloys,EARTH|Earthstahl & Alloys|Earthstahl & Alloys Limited,,INE0O4V01010,543765,IIFL_SCRIPMASTER
EASTBUILD,BSE,507917.BO,East Buildtech,EASTBUILD|East Buildtech|East Buildtech Limited,,INE706N01017,507917,IIFL_SCRIPMASTER
EASTRED,BSE,531346.BO,Eastern Treads,EASTRED|Eastern Treads|Eastern Treads Limited,,INE500D01015,531346,IIFL_SCRIPMASTER
EASEMYTRIP,BSE,543272.BO,Easy Trip Planners,EASEMYTRIP|Easy Trip Planners|Easy Trip Planners Limited,,INE07O001026,543272,IIFL_SCRIPMASTER
ECLERX,BSE,532927.BO,Eclerx Services,ECLERX|Eclerx Services|Eclerx Services Limited,,INE738I01010,532927,IIFL_SCRIPMASTER
ECOBOAR,BSE,523732.BO,Ecoboard Industries,ECOBOAR|Ecoboard Industries|Ecoboard Industries Limited,,INE866A01016,523732,IIFL_SCRIPMASTER
ECOLINE,BSE,213805.BO,Ecoline Exim,ECOLINE|Ecoline Exim|Ecoline Exim Limited,,INE0VBS01016,213805,IIFL_SCRIPMASTER
ETIL,BSE,538708.BO,Econo Trade (India),ETIL|Econo Trade (India)|Econo Trade (India) Limited,,INE937K01014,538708,IIFL_SCRIPMASTER
ECOPLAST,BSE,526703.BO,Ecoplast,ECOPLAST|Ecoplast|Ecoplast Limited,,INE423D01010,526703,IIFL_SCRIPMASTER
ECOSMOBLTY,BSE,544239.BO,Ecos (India) Mobility & Hospit,ECOSMOBLTY|Ecos (India) Mobility & Hospit,,INE06HJ01020,544239,IIFL_SCRIPMASTER
ECS,BSE,540063.BO,Ecs Biztech,ECS|Ecs Biztech|Ecs Biztech Limited,,INE925Q01024,540063,IIFL_SCRIPMASTER
EDELWEISS,BSE,532922.BO,Edelweiss Financial Services L,EDELWEISS|Edelweiss Financial Services L,,INE532F01054,532922,IIFL_SCRIPMASTER
EFCIL,BSE,512008.BO,Efc (I),EFCIL|Efc (I)|Efc (I) Limited,,INE886D01026,512008,IIFL_SCRIPMASTER
EFFWA,BSE,211759.BO,Effwa Infra & Research L,EFFWA|Effwa Infra & Research L,,INE0U9101019,211759,IIFL_SCRIPMASTER
EFORU,BSE,531190.BO,Eforu Entertainment,EFORU|Eforu Entertainment|Eforu Entertainment Limited,,INE355H01015,531190,IIFL_SCRIPMASTER
EICHERMOT,BSE,505200.BO,Eicher Motors,EICHERMOT|Eicher Motors|Eicher Motors Limited,,INE066A01021,505200,IIFL_SCRIPMASTER
EIGHTY,BSE,543518.BO,Eighty Jewellers,EIGHTY|Eighty Jewellers|Eighty Jewellers Limited,,INE0KSN01014,543518,IIFL_SCRIPMASTER
EIHOTEL,BSE,500840.BO,Eih,EIHOTEL|Eih|Eih Limited,,INE230A01023,500840,IIFL_SCRIPMASTER
EIHAHOTELS,BSE,523127.BO,Eih Associated Hotels,EIHAHOTELS|Eih Associated Hotels|Eih Associated Hotels Limited,,INE276C01014,523127,IIFL_SCRIPMASTER
EIKO,BSE,540204.BO,Eiko Lifesciences,EIKO|Eiko Lifesciences|Eiko Lifesciences Limited,,INE666Q01016,540204,IIFL_SCRIPMASTER
EIMCOELECO,BSE,523708.BO,Eimco Elecon (India),EIMCOELECO|Eimco Elecon (India)|Eimco Elecon (India) Limited,,INE158B01016,523708,IIFL_SCRIPMASTER
EKANSH,BSE,531364.BO,Ekansh Concepts,EKANSH|Ekansh Concepts|Ekansh Concepts Limited,,INE005E01013,531364,IIFL_SCRIPMASTER
EKI,BSE,543284.BO,Eki Energy Services,EKI|Eki Energy Services|Eki Energy Services Limited,,INE0CPR01018,543284,IIFL_SCRIPMASTER
ELFORGE,BSE,531144.BO,El Forge,ELFORGE|El Forge|El Forge Limited,,INE158F01017,531144,IIFL_SCRIPMASTER
ELANGO,BSE,513452.BO,Elango Industries,ELANGO|Elango Industries|Elango Industries Limited,,INE594D01018,513452,IIFL_SCRIPMASTER
ELANTAS,BSE,500123.BO,Elantas Beck India,ELANTAS|Elantas Beck India|Elantas Beck India Limited,,INE280B01018,500123,IIFL_SCRIPMASTER
ELCIDIN,BSE,503681.BO,Elcid Investments,ELCIDIN|Elcid Investments|Elcid Investments Limited,,INE927X01018,503681,IIFL_SCRIPMASTER
ELDEHSG,BSE,523329.BO,Eldeco Housing & Industries Lt,ELDEHSG|Eldeco Housing & Industries Lt,,INE668G01021,523329,IIFL_SCRIPMASTER
ELECON,BSE,505700.BO,Elecon Engineering Co.,ELECON|Elecon Engineering Co.|Elecon Engineering Co.Limited,,INE205B01031,505700,IIFL_SCRIPMASTER
EFORCE,BSE,210949.BO,Electro Force (India),EFORCE|Electro Force (India)|Electro Force (India) Limited,,INE0Q1W01012,210949,IIFL_SCRIPMASTER
EMIL,BSE,543626.BO,Electronics Mart India,EMIL|Electronics Mart India|Electronics Mart India Limited,,INE02YR01019,543626,IIFL_SCRIPMASTER
ELECTCAST,BSE,500128.BO,Electrosteel Castings,ELECTCAST|Electrosteel Castings|Electrosteel Castings Limited,,INE086A01029,500128,IIFL_SCRIPMASTER
ELECTHERM,BSE,526608.BO,Electrotherm (India),ELECTHERM|Electrotherm (India)|Electrotherm (India) Limited,,INE822G01016,526608,IIFL_SCRIPMASTER
ELEFLOR,BSE,526473.BO,Elegant Floriculture & Agrotec,ELEFLOR|Elegant Floriculture & Agrotec,,INE152E01013,526473,IIFL_SCRIPMASTER
ELEMARB,BSE,526705.BO,Elegant Marbles & Grani Indust,ELEMARB|Elegant Marbles & Grani Indust,,INE095B01010,526705,IIFL_SCRIPMASTER
ELGNZ,BSE,212499.BO,Eleganz Interiors,ELGNZ|Eleganz Interiors|Eleganz Interiors Limited,,INE0R9101015,212499,IIFL_SCRIPMASTER
ELGIEQUIP,BSE,522074.BO,Elgi Equipments,ELGIEQUIP|Elgi Equipments|Elgi Equipments Limited,,INE285A01027,522074,IIFL_SCRIPMASTER
ELGIRUBCO,BSE,200535.BO,Elgi Rubber Co.,ELGIRUBCO|Elgi Rubber Co.|Elgi Rubber Co. Limited,,INE819L01012,200535,IIFL_SCRIPMASTER
ELIN,BSE,543725.BO,Elin Electronics,ELIN|Elin Electronics|Elin Electronics Limited,,INE050401020,543725,IIFL_SCRIPMASTER
ELITECON,BSE,539533.BO,Elitecon International,ELITECON|Elitecon International|Elitecon International Limited,,INE669R01026,539533,IIFL_SCRIPMASTER
ELIXIR,BSE,531278.BO,Elixir Capital,ELIXIR|Elixir Capital|Elixir Capital Limited,,INE785D01012,531278,IIFL_SCRIPMASTER
ELLEN,BSE,544421.BO,Ellenbarrie Industrial Gases L,ELLEN|Ellenbarrie Industrial Gases L,,INE236E01022,544421,IIFL_SCRIPMASTER
ELNET,BSE,517477.BO,Elnet Technologies,ELNET|Elnet Technologies|Elnet Technologies Limited,,INE033C01019,517477,IIFL_SCRIPMASTER
ELPROINTL,BSE,504000.BO,Elpro International,ELPROINTL|Elpro International|Elpro International Limited,,INE579B01039,504000,IIFL_SCRIPMASTER
EMAPARTNER,BSE,212412.BO,Ema Partners India,EMAPARTNER|Ema Partners India|Ema Partners India Limited,,INE0ZOL01023,212412,IIFL_SCRIPMASTER
EMAMILTD,BSE,531162.BO,Emami,EMAMILTD|Emami|Emami Limited,,INE548C01032,531162,IIFL_SCRIPMASTER
EMAMIPAP,BSE,533208.BO,Emami Paper Mills,EMAMIPAP|Emami Paper Mills|Emami Paper Mills Limited,,INE830C01026,533208,IIFL_SCRIPMASTER
EMBDL,BSE,532832.BO,Embassy Developments,EMBDL|Embassy Developments|Embassy Developments Limited,,INE069I01010,532832,IIFL_SCRIPMASTER
EMBASSY,BSE,542602.BO,Embassy Office Parks Reit,EMBASSY|Embassy Office Parks Reit,,INE041025011,542602,IIFL_SCRIPMASTER
EMCURE,BSE,544210.BO,Emcure Pharmaceuticals,EMCURE|Emcure Pharmaceuticals|Emcure Pharmaceuticals Limited,,INE168P01015,544210,IIFL_SCRIPMASTER
EMERALD,BSE,538882.BO,Emerald Finance,EMERALD|Emerald Finance|Emerald Finance Limited,,INE030Q01015,538882,IIFL_SCRIPMASTER
EMERALL,BSE,507265.BO,Emerald Leisures,EMERALL|Emerald Leisures|Emerald Leisures Limited,,INE044N01021,507265,IIFL_SCRIPMASTER
ETML,BSE,212266.BO,Emerald Tyre Manuf,ETML|Emerald Tyre Manuf|Emerald Tyre Manuf Limited,,INE0RHD01013,212266,IIFL_SCRIPMASTER
EMIAC,BSE,544747.BO,Emiac Technologies,EMIAC|Emiac Technologies|Emiac Technologies Limited,,INE1OSW01015,544747,IIFL_SCRIPMASTER
EMKAY,BSE,532737.BO,Emkay Global Financial Service,EMKAY|Emkay Global Financial Service,,INE296H01011,532737,IIFL_SCRIPMASTER
EMKAYTOOLS,BSE,203139.BO,Emkay Tap & Cut. Tool,EMKAYTOOLS|Emkay Tap & Cut. Tool|Emkay Tap & Cut. Tool Limited,,INE332S01011,203139,IIFL_SCRIPMASTER
ETL,BSE,213509.BO,Emkay Tools,ETL|Emkay Tools|Emkay Tools Limited,,INE0PXC01024,213509,IIFL_SCRIPMASTER
EMMBI,BSE,533161.BO,Emmbi Industries,EMMBI|Emmbi Industries|Emmbi Industries Limited,,INE753K01015,533161,IIFL_SCRIPMASTER
EMMESSA,BSE,524768.BO,Emmessar Biotech & Nutrition L,EMMESSA|Emmessar Biotech & Nutrition L,,INE634B01016,524768,IIFL_SCRIPMASTER
EMMFORCE,BSE,544166.BO,Emmforce Autotech,EMMFORCE|Emmforce Autotech|Emmforce Autotech Limited,,INE0SDC01012,544166,IIFL_SCRIPMASTER
EMMVEE,BSE,544608.BO,Emmvee Photovoltaic Power Limi,EMMVEE|Emmvee Photovoltaic Power Limi,,INE1C6T01020,544608,IIFL_SCRIPMASTER
EMPIND,BSE,509525.BO,Empire Industries,EMPIND|Empire Industries|Empire Industries Limited,,INE515H01014,509525,IIFL_SCRIPMASTER
EMSLIMITED,BSE,543983.BO,Ems,EMSLIMITED|Ems|Ems Limited,,INE0OV601013,543983,IIFL_SCRIPMASTER
EMUDHRA,BSE,543533.BO,Emudhra,EMUDHRA|Emudhra|Emudhra Limited,,INE01QM01018,543533,IIFL_SCRIPMASTER
ENBETRD,BSE,512441.BO,Enbee Trade &Amp; Finance,ENBETRD|Enbee Trade &Amp; Finance|Enbee Trade &Amp; Finance Limited,,INE993I01029,512441,IIFL_SCRIPMASTER
ENCODE,BSE,530733.BO,Encode Packaging India,ENCODE|Encode Packaging India|Encode Packaging India Limited,,INE900O01014,530733,IIFL_SCRIPMASTER
ENCOMPAS,BSE,215425.BO,Encompass Design India L,ENCOMPAS|Encompass Design India L,,INE433T01015,215425,IIFL_SCRIPMASTER
ENDURANCE,BSE,540153.BO,Endurance Technologies,ENDURANCE|Endurance Technologies|Endurance Technologies Limited,,INE913H01037,540153,IIFL_SCRIPMASTER
ENERGYDEV,BSE,532219.BO,Energy Development Company,ENERGYDEV|Energy Development Company|Energy Development Company Limited,,INE306C01019,532219,IIFL_SCRIPMASTER
ENERGYINF,BSE,542543.BO,Energy Infrastructure Trust,ENERGYINF|Energy Infrastructure Trust,,INE05KD23015,542543,IIFL_SCRIPMASTER
EMMIL,BSE,211571.BO,Energy Mission Mach Ind L,EMMIL|Energy Mission Mach Ind L,,INE0S1L01013,211571,IIFL_SCRIPMASTER
ENFUSE,BSE,211327.BO,Enfuse Solutions,ENFUSE|Enfuse Solutions|Enfuse Solutions Limited,,INE0S3X01014,211327,IIFL_SCRIPMASTER
ENGINERSIN,BSE,532178.BO,Engineers India,ENGINERSIN|Engineers India|Engineers India Limited,,INE510A01028,532178,IIFL_SCRIPMASTER
ENKEIWHEL,BSE,533477.BO,Enkei Wheels (India),ENKEIWHEL|Enkei Wheels (India)|Enkei Wheels (India) Limited,,INE130L01014,533477,IIFL_SCRIPMASTER
ENSER,BSE,212475.BO,Enser Communications,ENSER|Enser Communications|Enser Communications Limited,,INE0R9I01021,212475,IIFL_SCRIPMASTER
ENTERO,BSE,544122.BO,Entero Healthcare Solutions Li,ENTERO|Entero Healthcare Solutions Li,,INE010601016,544122,IIFL_SCRIPMASTER
ENTRINT,BSE,526574.BO,Enterprise International,ENTRINT|Enterprise International|Enterprise International Limited,,INE439G01019,526574,IIFL_SCRIPMASTER
ENIL,BSE,532700.BO,Entertainment Network (India),ENIL|Entertainment Network (India),,INE265F01028,532700,IIFL_SCRIPMASTER
EIEL,BSE,544290.BO,Enviro Infra Engineers,EIEL|Enviro Infra Engineers|Enviro Infra Engineers Limited,,INE0LLY01014,544290,IIFL_SCRIPMASTER
ENVIRO,BSE,212002.BO,Envirotech Systems,ENVIRO|Envirotech Systems|Envirotech Systems Limited,,INE0SUH01015,212002,IIFL_SCRIPMASTER
EPBIO,BSE,543595.BO,Ep Biocomposites,EPBIO|Ep Biocomposites|Ep Biocomposites Limited,,INE0D2I01014,543595,IIFL_SCRIPMASTER
EPACK,BSE,544095.BO,Epack Durable,EPACK|Epack Durable|Epack Durable Limited,,INE0G5901015,544095,IIFL_SCRIPMASTER
EPACKPEB,BSE,544540.BO,Epack Prefab Technologies Limi,EPACKPEB|Epack Prefab Technologies Limi,,INE0MLS01022,544540,IIFL_SCRIPMASTER
EPIC,BSE,530407.BO,Epic Energy,EPIC|Epic Energy|Epic Energy Limited,,INE932F01015,530407,IIFL_SCRIPMASTER
EPIGRAL,BSE,543332.BO,Epigral,EPIGRAL|Epigral|Epigral Limited,,INE071N01016,543332,IIFL_SCRIPMASTER
EPL,BSE,500135.BO,Epl,EPL|Epl|Epl Limited,,INE255A01020,500135,IIFL_SCRIPMASTER
EEPL,BSE,213447.BO,Eppeltone Engineers,EEPL|Eppeltone Engineers|Eppeltone Engineers Limited,,INE11HF01010,213447,IIFL_SCRIPMASTER
EPSOMPRO,BSE,531155.BO,Epsom Properties,EPSOMPRO|Epsom Properties|Epsom Properties Limited,,INE601F01016,531155,IIFL_SCRIPMASTER
EPUJA,BSE,532092.BO,Epuja Spiritech,EPUJA|Epuja Spiritech|Epuja Spiritech Limited,,INE807D01030,532092,IIFL_SCRIPMASTER
EPWINDIA,BSE,215511.BO,Epw India,EPWINDIA|Epw India|Epw India Limited,,INE1KEC01023,215511,IIFL_SCRIPMASTER
EQUILATERA,BSE,531262.BO,Equilateral Enterprises Limite,EQUILATERA|Equilateral Enterprises Limite,,INE060N01019,531262,IIFL_SCRIPMASTER
EQUITASBNK,BSE,543243.BO,Equitas Small Finance Bank Lim,EQUITASBNK|Equitas Small Finance Bank Lim,,INE063P01018,543243,IIFL_SCRIPMASTER
ERIS,BSE,540596.BO,Eris Lifesciences,ERIS|Eris Lifesciences|Eris Lifesciences Limited,,INE406M01024,540596,IIFL_SCRIPMASTER
ERPSOFT,BSE,530909.BO,Erp Soft Systems,ERPSOFT|Erp Soft Systems|Erp Soft Systems Limited,,INE308B01017,530909,IIFL_SCRIPMASTER
ESARIND,BSE,531502.BO,Esaar (India),ESARIND|Esaar (India)|Esaar (India) Limited,,INE404L01039,531502,IIFL_SCRIPMASTER
ESABINDIA,BSE,500133.BO,Esab India,ESABINDIA|Esab India|Esab India Limited,,INE284A01012,500133,IIFL_SCRIPMASTER
ESAFSFB,BSE,544020.BO,Esaf Small Finance Bank,ESAFSFB|Esaf Small Finance Bank|Esaf Small Finance Bank Limited,,INE818W01011,544020,IIFL_SCRIPMASTER
ESCONET,BSE,211174.BO,Esconet Technologies,ESCONET|Esconet Technologies|Esconet Technologies Limited,,INE0RQZ01017,211174,IIFL_SCRIPMASTER
ESCORP,BSE,540455.BO,Escorp Asset Management Limite,ESCORP|Escorp Asset Management Limite,,INE953W01016,540455,IIFL_SCRIPMASTER
ESCORTS,BSE,500495.BO,Escorts Kubota,ESCORTS|Escorts Kubota|Escorts Kubota Limited,,INE042A01014,500495,IIFL_SCRIPMASTER
ESPIRE,BSE,532016.BO,Espire Hospitality,ESPIRE|Espire Hospitality|Espire Hospitality Limited,,INE176O01011,532016,IIFL_SCRIPMASTER
ESPRIT,BSE,211824.BO,Esprit Stones,ESPRIT|Esprit Stones|Esprit Stones Limited,,INE0SBP01018,211824,IIFL_SCRIPMASTER
ESSARPORTS,BSE,500630.BO,Essar Ports,ESSARPORTS|Essar Ports|Essar Ports Limited,,INE282A01024,500630,IIFL_SCRIPMASTER
ESSARSHPNG,BSE,533704.BO,Essar Shipping,ESSARSHPNG|Essar Shipping|Essar Shipping Limited,,INE122M01019,533704,IIFL_SCRIPMASTER
ESFL,BSE,210454.BO,Essen Speciality Films L,ESFL|Essen Speciality Films L,,INE0ITO01014,210454,IIFL_SCRIPMASTER
ESTER,BSE,500136.BO,Ester Industries,ESTER|Ester Industries|Ester Industries Limited,,INE778B01029,500136,IIFL_SCRIPMASTER
ETERNAL,BSE,543320.BO,Eternal,ETERNAL|Eternal|Eternal Limited,,INE758T01015,543320,IIFL_SCRIPMASTER
ETHOSLTD,BSE,543532.BO,Ethos,ETHOSLTD|Ethos|Ethos Limited,,INE04TZ01018,543532,IIFL_SCRIPMASTER
EUPHORIAIT,BSE,544094.BO,Euphoria Infotech (India) Limi,EUPHORIAIT|Euphoria Infotech (India) Limi,,INE0PYT01018,544094,IIFL_SCRIPMASTER
EUREKAFORB,BSE,543482.BO,Eureka Forbes,EUREKAFORB|Eureka Forbes|Eureka Forbes Limited,,INE0KCE01017,543482,IIFL_SCRIPMASTER
EIFFL,BSE,201720.BO,Euro (I) Fresh Foods,EIFFL|Euro (I) Fresh Foods|Euro (I) Fresh Foods Limited,,INE546V01010,201720,IIFL_SCRIPMASTER
EUROLED,BSE,526468.BO,Euro Leder Fashion,EUROLED|Euro Leder Fashion|Euro Leder Fashion Limited,,INE940E01011,526468,IIFL_SCRIPMASTER
EUROBOND,BSE,208418.BO,Euro Panel Products,EUROBOND|Euro Panel Products|Euro Panel Products Limited,,INE505V01016,208418,IIFL_SCRIPMASTER
EUROBOND,BSE,544461.BO,Euro Panel Products,EUROBOND|Euro Panel Products|Euro Panel Products Limited,,INE505V01016,544461,IIFL_SCRIPMASTER
EUROPRATIK,BSE,544519.BO,Euro Pratik Sales,EUROPRATIK|Euro Pratik Sales|Euro Pratik Sales Limited,,INE198501012,544519,IIFL_SCRIPMASTER
EUROTEXIND,BSE,521014.BO,Eurotex Industries & Exports L,EUROTEXIND|Eurotex Industries & Exports L,,INE022C01012,521014,IIFL_SCRIPMASTER
EVANS,BSE,542668.BO,Evans Electric,EVANS|Evans Electric|Evans Electric Limited,,INE06TD01010,542668,IIFL_SCRIPMASTER
EVEREADY,BSE,531508.BO,Eveready Industries India,EVEREADY|Eveready Industries India|Eveready Industries India Limited,,INE128A01029,531508,IIFL_SCRIPMASTER
EVERESTIND,BSE,508906.BO,Everest Industries,EVERESTIND|Everest Industries|Everest Industries Limited,,INE295A01018,508906,IIFL_SCRIPMASTER
EKC,BSE,532684.BO,Everest Kanto Cylinder,EKC|Everest Kanto Cylinder|Everest Kanto Cylinder Limited,,INE184H01027,532684,IIFL_SCRIPMASTER
EVERESTO,BSE,524790.BO,Everest Organics,EVERESTO|Everest Organics|Everest Organics Limited,,INE334C01029,524790,IIFL_SCRIPMASTER
EVERFIN,BSE,514358.BO,Everlon Financials,EVERFIN|Everlon Financials|Everlon Financials Limited,,INE339D01034,514358,IIFL_SCRIPMASTER
EVOQ,BSE,543500.BO,Evoq Remedies,EVOQ|Evoq Remedies|Evoq Remedies Limited,,INE0JVD01011,543500,IIFL_SCRIPMASTER
EXATO,BSE,544626.BO,Exato Technologies,EXATO|Exato Technologies|Exato Technologies Limited,,INE1E4401010,544626,IIFL_SCRIPMASTER
EXCELINDUS,BSE,500650.BO,Excel Industries,EXCELINDUS|Excel Industries|Excel Industries Limited,,INE369A01029,500650,IIFL_SCRIPMASTER
EXCELLENT,BSE,211983.BO,Excellent Wires N Pack L,EXCELLENT|Excellent Wires N Pack L,,INE0Y4801011,211983,IIFL_SCRIPMASTER
EXCELSOFT,BSE,544617.BO,Excelsoft Technologies,EXCELSOFT|Excelsoft Technologies|Excelsoft Technologies Limited,,INE606N01019,544617,IIFL_SCRIPMASTER
EXHICON,BSE,543895.BO,Exhicon Events Media Solutions,EXHICON|Exhicon Events Media Solutions,,INE0O8901016,543895,IIFL_SCRIPMASTER
EXICOM,BSE,544133.BO,Exicom Tele-Systems,EXICOM|Exicom Tele-Systems|Exicom Tele-Systems Limited,,INE777F01014,544133,IIFL_SCRIPMASTER
EXIDEIND,BSE,500086.BO,Exide Industries,EXIDEIND|Exide Industries|Exide Industries Limited,,INE302A01020,500086,IIFL_SCRIPMASTER
EXIMROUTES,BSE,215458.BO,Exim Routes,EXIMROUTES|Exim Routes|Exim Routes Limited,,INE19I001020,215458,IIFL_SCRIPMASTER
EXPLEOSOL,BSE,533121.BO,Expleo Solutions,EXPLEOSOL|Expleo Solutions|Expleo Solutions Limited,,INE201K01015,533121,IIFL_SCRIPMASTER
EXPLICITFIN,BSE,530571.BO,Explicit Finance,EXPLICITFIN|Explicit Finance|Explicit Finance Limited,,INE335G01019,530571,IIFL_SCRIPMASTER
EXPOEAPL,BSE,526614.BO,Expo Engineering and Projects,EXPOEAPL|Expo Engineering and Projects,,INE561D01025,526614,IIFL_SCRIPMASTER
EXXARO,BSE,543327.BO,Exxaro Tiles,EXXARO|Exxaro Tiles|Exxaro Tiles Limited,,INE0GFE01026,543327,IIFL_SCRIPMASTER
FMEC,BSE,539552.BO,F Mec International Financial,F Mec International Financial|FMEC,,INE108T01021,539552,IIFL_SCRIPMASTER
FAALCON,BSE,544164.BO,Faalcon Concepts,FAALCON|Faalcon Concepts|Faalcon Concepts Limited,,INE0Q9W01015,544164,IIFL_SCRIPMASTER
FABTECH,BSE,544558.BO,Fabtech Technologies,FABTECH|Fabtech Technologies|Fabtech Technologies Limited,,INE0HF201011,544558,IIFL_SCRIPMASTER
FABCLEAN,BSE,544332.BO,Fabtech Technologies Cleanroom,FABCLEAN|Fabtech Technologies Cleanroom,,INE0HSD01011,544332,IIFL_SCRIPMASTER
FACORALL,BSE,532656.BO,Facor Alloys,FACORALL|Facor Alloys|Facor Alloys Limited,,INE828G01013,532656,IIFL_SCRIPMASTER
FAIRCHEMOR,BSE,543252.BO,Fairchem Organics,FAIRCHEMOR|Fairchem Organics|Fairchem Organics Limited,,INE0DNW01011,543252,IIFL_SCRIPMASTER
FALTECH-RE,BSE,216131.BO,Falcon Techno,FALTECH-RE|Falcon Techno|Falcon Techno Limited,,INE0PQK20013,216131,IIFL_SCRIPMASTER
FALCONTECH,BSE,211693.BO,Falcon Technoproj Ind,FALCONTECH|Falcon Technoproj Ind|Falcon Technoproj Ind Limited,,INE0PQK01013,211693,IIFL_SCRIPMASTER
FAMILYCARE,BSE,516110.BO,Family Care Hospitals,FAMILYCARE|Family Care Hospitals|Family Care Hospitals Limited,,INE146N01016,516110,IIFL_SCRIPMASTER
FAZE3Q,BSE,530079.BO,Faze Three,FAZE3Q|Faze Three|Faze Three Limited,,INE963C01033,530079,IIFL_SCRIPMASTER
FDC,BSE,531599.BO,Fdc,FDC|Fdc|Fdc Limited,,INE258B01022,531599,IIFL_SCRIPMASTER
FEDFINA,BSE,544027.BO,Fedbank Financial Services Lim,FEDFINA|Fedbank Financial Services Lim,,INE007N01010,544027,IIFL_SCRIPMASTER
FEDDERSHOL,BSE,511628.BO,Fedders Holding,FEDDERSHOL|Fedders Holding|Fedders Holding Limited,,INE417D01020,511628,IIFL_SCRIPMASTER
FEDERALBNK,BSE,500469.BO,Federal Bank,FEDERALBNK|Federal Bank|Federal Bank Limited,,INE171A01029,500469,IIFL_SCRIPMASTER
FMGOETZE,BSE,505744.BO,Federal-Mogul Goetze (India) L,FMGOETZE|Federal-Mogul Goetze (India) L,,INE529A01010,505744,IIFL_SCRIPMASTER
FELIX,BSE,206059.BO,Felix Industries,FELIX|Felix Industries|Felix Industries Limited,,INE901X01013,206059,IIFL_SCRIPMASTER
FERMENTA,BSE,506414.BO,Fermenta Biotech,FERMENTA|Fermenta Biotech|Fermenta Biotech Limited,,INE225B01021,506414,IIFL_SCRIPMASTER
FACT,BSE,590024.BO,Fertilizers & Chemicals Travan,FACT|Fertilizers & Chemicals Travan,,INE188A01015,590024,IIFL_SCRIPMASTER
FERVENTSYN,BSE,533896.BO,Fervent Synergies,FERVENTSYN|Fervent Synergies|Fervent Synergies Limited,,INE258M01011,533896,IIFL_SCRIPMASTER
FGP,BSE,500142.BO,Fgp,FGP|Fgp|Fgp Limited,,INE512A01016,500142,IIFL_SCRIPMASTER
FIBERWEB,BSE,507910.BO,Fiberweb (India),FIBERWEB|Fiberweb (India)|Fiberweb (India) Limited,,INE296C01020,507910,IIFL_SCRIPMASTER
FIDEL,BSE,208792.BO,Fidel Softech,FIDEL|Fidel Softech|Fidel Softech Limited,,INE0LQQ01019,208792,IIFL_SCRIPMASTER
FIEMIND,BSE,532768.BO,Fiem Industries,FIEMIND|Fiem Industries|Fiem Industries Limited,,INE737H01014,532768,IIFL_SCRIPMASTER
FILATEX,BSE,526227.BO,Filatex India,FILATEX|Filatex India|Filatex India Limited,,INE816B01035,526227,IIFL_SCRIPMASTER
FILTRA,BSE,539098.BO,Filtra Consultants and Enginee,FILTRA|Filtra Consultants and Enginee,,INE541R01019,539098,IIFL_SCRIPMASTER
FINBUD,BSE,215290.BO,Finbud Financial Serv,FINBUD|Finbud Financial Serv|Finbud Financial Serv Limited,,INE0EDU01014,215290,IIFL_SCRIPMASTER
FINEORG,BSE,541557.BO,Fine Organic Industries Limite,FINEORG|Fine Organic Industries Limite,,INE686Y01026,541557,IIFL_SCRIPMASTER
FINELINE,BSE,517264.BO,Fine-Line Circuits,FINELINE|Fine-Line Circuits|Fine-Line Circuits Limited,,INE087E01011,517264,IIFL_SCRIPMASTER
FCL,BSE,533333.BO,Fineotex Chemical,FCL|Fineotex Chemical|Fineotex Chemical Limited,,INE045J01034,533333,IIFL_SCRIPMASTER
FINKURVE,BSE,508954.BO,Finkurve Financial Services Lt,FINKURVE|Finkurve Financial Services Lt,,INE734I01027,508954,IIFL_SCRIPMASTER
FINOPB,BSE,543386.BO,Fino Payments Bank,FINOPB|Fino Payments Bank|Fino Payments Bank Limited,,INE02NC01014,543386,IIFL_SCRIPMASTER
FINCABLES,BSE,500144.BO,Finolex Cables,FINCABLES|Finolex Cables|Finolex Cables Limited,,INE235A01022,500144,IIFL_SCRIPMASTER
FINPIPE,BSE,500940.BO,Finolex Industries,FINPIPE|Finolex Industries|Finolex Industries Limited,,INE183A01024,500940,IIFL_SCRIPMASTER
1STCUS,BSE,511122.BO,First Custodian Fund (India) L,1STCUS|First Custodian Fund (India) L,,INE609B01018,511122,IIFL_SCRIPMASTER
FIRSTFIN,BSE,532379.BO,First Fintec,FIRSTFIN|First Fintec|First Fintec Limited,,INE683B01047,532379,IIFL_SCRIPMASTER
FSL,BSE,532809.BO,Firstsource Solutions,FSL|Firstsource Solutions|Firstsource Solutions Limited,,INE684F01012,532809,IIFL_SCRIPMASTER
FISCHER,BSE,524743.BO,Fischer Medical Ventures Limit,FISCHER|Fischer Medical Ventures Limit,,INE771F01041,524743,IIFL_SCRIPMASTER
FIVESTAR,BSE,543663.BO,Five-Star Business Finance,FIVESTAR|Five-Star Business Finance|Five-Star Business Finance Limited,,INE128S01021,543663,IIFL_SCRIPMASTER
FLAIR,BSE,544030.BO,Flair Writing Industries Limit,FLAIR|Flair Writing Industries Limit,,INE00Y201027,544030,IIFL_SCRIPMASTER
FLEXFO,BSE,523672.BO,Flex Foods,FLEXFO|Flex Foods|Flex Foods Limited,,INE954B01018,523672,IIFL_SCRIPMASTER
FLEXITUFF,BSE,533638.BO,Flexituff Ventures Internation,FLEXITUFF|Flexituff Ventures Internation,,INE060J01017,533638,IIFL_SCRIPMASTER
FLOMIC,BSE,504380.BO,Flomic Global Logistics Limite,FLOMIC|Flomic Global Logistics Limite,,INE952M01019,504380,IIFL_SCRIPMASTER
FLORACORP,BSE,540267.BO,Flora,FLORACORP|Flora|Flora Corporation Limited,,INE318U01016,540267,IIFL_SCRIPMASTER
FLUIDOM,BSE,522017.BO,Fluidomat,FLUIDOM|Fluidomat|Fluidomat Limited,,INE459C01016,522017,IIFL_SCRIPMASTER
FLYSBS,BSE,213615.BO,Flysbs Aviation,FLYSBS|Flysbs Aviation|Flysbs Aviation Limited,,INE0VCK01011,213615,IIFL_SCRIPMASTER
FWSTC,BSE,215426.BO,Flywings Simulat T C,FWSTC|Flywings Simulat T C|Flywings Simulat T C Limited,,INE0SQZ01015,215426,IIFL_SCRIPMASTER
FOCE,BSE,208419.BO,Foce India,FOCE|Foce India|Foce India Limited,,INE0I7D01019,208419,IIFL_SCRIPMASTER
FOCIT,BSE,999920094.BO,Focit,FOCIT|Focit,,FOCIT,999920094,IIFL_SCRIPMASTER
FOCUS,BSE,543312.BO,Focus Business Solution Limite,FOCUS|Focus Business Solution Limite,,INE0DXR01010,543312,IIFL_SCRIPMASTER
FOCUS,BSE,210685.BO,Focus Lightg & Fixtrs,FOCUS|Focus Lightg & Fixtrs|Focus Lightg & Fixtrs Limited,,INE593W01028,210685,IIFL_SCRIPMASTER
FONE4,BSE,543521.BO,Fone4 Communications (India) L,FONE4|Fone4 Communications (India) L,,INE0L3H01014,543521,IIFL_SCRIPMASTER
FONEBOX,BSE,211091.BO,Fonebox Retail,FONEBOX|Fonebox Retail|Fonebox Retail Limited,,INE0Q4701019,211091,IIFL_SCRIPMASTER
FOODSIN,BSE,507552.BO,Foods & Inns,FOODSIN|Foods & Inns|Foods & Inns Limited,,INE976E01023,507552,IIFL_SCRIPMASTER
FORBESCO,BSE,502865.BO,Forbes & Company,FORBESCO|Forbes & Company|Forbes & Company Limited,,INE518A01013,502865,IIFL_SCRIPMASTER
TOTEM,BSE,544186.BO,Forbes Precision Tools and Mac,Forbes Precision Tools and Mac|TOTEM,,INE0TT901016,544186,IIFL_SCRIPMASTER
FORCAS,BSE,211899.BO,Forcas Studio,FORCAS|Forcas Studio|Forcas Studio Limited,,INE0U2501017,211899,IIFL_SCRIPMASTER
FORCEMOT,BSE,500033.BO,Force Motors,FORCEMOT|Force Motors|Force Motors Limited,,INE451A01017,500033,IIFL_SCRIPMASTER
FORGEAUTO,BSE,212059.BO,Forge Auto Internation L,FORGEAUTO|Forge Auto Internation L,,INE0YKW01013,212059,IIFL_SCRIPMASTER
FORTIS,BSE,532843.BO,Fortis Healthcare,FORTIS|Fortis Healthcare|Fortis Healthcare Limited,,INE061F01013,532843,IIFL_SCRIPMASTER
FORTISMLR,BSE,523696.BO,Fortis Malar Hospitals,FORTISMLR|Fortis Malar Hospitals|Fortis Malar Hospitals Limited,,INE842B01015,523696,IIFL_SCRIPMASTER
FORINTL,BSE,530213.BO,Fortune International,FORINTL|Fortune International|Fortune International Limited,,INE501D01013,530213,IIFL_SCRIPMASTER
FOSECOC,BSE,523160.BO,Foseco Crucible India,FOSECOC|Foseco Crucible India|Foseco Crucible India Limited,,INE599F01020,523160,IIFL_SCRIPMASTER
FOSECOIND,BSE,500150.BO,Foseco India,FOSECOIND|Foseco India|Foseco India Limited,,INE519A01011,500150,IIFL_SCRIPMASTER
FRACTAL,BSE,544700.BO,Fractal Analytics,FRACTAL|Fractal Analytics|Fractal Analytics Limited,,INE212S01015,544700,IIFL_SCRIPMASTER
FIL,BSE,544707.BO,Fractal Industries,FIL|Fractal Industries|Fractal Industries Limited,,INE1W3Q01011,544707,IIFL_SCRIPMASTER
FRANKLIN,BSE,539839.BO,Franklin Leasing and Finance L,FRANKLIN|Franklin Leasing and Finance L,,INE399S01010,539839,IIFL_SCRIPMASTER
FRATELLI,BSE,541741.BO,Fratelli Vineyards,FRATELLI|Fratelli Vineyards|Fratelli Vineyards Limited,,INE401Z01019,541741,IIFL_SCRIPMASTER
FRBGOI2035,BSE,800239.BO,Frbgoi2035,FRBGOI2035|Frbgoi2035,,IN0020042050,800239,IIFL_SCRIPMASTER
FREDUN,BSE,539730.BO,Fredun Pharmaceuticals,FREDUN|Fredun Pharmaceuticals|Fredun Pharmaceuticals Limited,,INE194R01017,539730,IIFL_SCRIPMASTER
FRESHARA,BSE,212128.BO,Freshara Agro Exports,FRESHARA|Freshara Agro Exports|Freshara Agro Exports Limited,,INE0SFW01015,212128,IIFL_SCRIPMASTER
FROG,BSE,200669.BO,Frog Innovations,FROG|Frog Innovations|Frog Innovations Limited,,INE385O01018,200669,IIFL_SCRIPMASTER
FRONTCAP,BSE,508980.BO,Frontier Capital,FRONTCAP|Frontier Capital|Frontier Capital Limited,,INE977E01013,508980,IIFL_SCRIPMASTER
FRONTSP,BSE,522195.BO,Frontier Springs,FRONTSP|Frontier Springs|Frontier Springs Limited,,INE572D01014,522195,IIFL_SCRIPMASTER
FRONTCORP,BSE,532042.BO,Frontline,FRONTCORP|Frontline|Frontline Corporation Limited,,INE092D01013,532042,IIFL_SCRIPMASTER
FRUTION,BSE,538568.BO,Fruition Venture,FRUTION|Fruition Venture|Fruition Venture Limited,,INE836C01015,538568,IIFL_SCRIPMASTER
NYKAA,BSE,543384.BO,Fsn E-Commerce Ventures Limite,Fsn E-Commerce Ventures Limite|NYKAA,,INE388Y01029,543384,IIFL_SCRIPMASTER
UTLSOLAR,BSE,544613.BO,Fujiyama Power Systems,Fujiyama Power Systems|Fujiyama Power Systems Limited|UTLSOLAR,,INE12UR01024,544613,IIFL_SCRIPMASTER
FUSION,BSE,543652.BO,Fusion Finance,FUSION|Fusion Finance|Fusion Finance Limited,,INE139R01012,543652,IIFL_SCRIPMASTER
FUTSOL,BSE,534063.BO,Futuristic Solutions,FUTSOL|Futuristic Solutions|Futuristic Solutions Limited,,INE241F01011,534063,IIFL_SCRIPMASTER
FYNX,BSE,507962.BO,Fynx Capital,FYNX|Fynx Capital|Fynx Capital Limited,,INE455H01021,507962,IIFL_SCRIPMASTER
GGENG,BSE,540614.BO,G G Engineering,G G Engineering|G G Engineering Limited|GGENG,,INE694X01030,540614,IIFL_SCRIPMASTER
GMPL,BSE,543239.BO,G M Polyplast,G M Polyplast|G M Polyplast Limited|GMPL,,INE0E2801015,543239,IIFL_SCRIPMASTER
GNA,BSE,540124.BO,G N A Axles,G N A Axles|G N A Axles Limited|GNA,,INE934S01014,540124,IIFL_SCRIPMASTER
GRINFRA,BSE,543317.BO,G R Infraprojects,G R Infraprojects|G R Infraprojects Limited|GRINFRA,,INE201P01022,543317,IIFL_SCRIPMASTER
GTECJAINX,BSE,204471.BO,G-Tec Jainx Education,G-Tec Jainx Education|G-Tec Jainx Education Limited|GTECJAINX,,INE586X01012,204471,IIFL_SCRIPMASTER
GGDPROP,BSE,505250.BO,G. G. Dandekar Properties Limi,G. G. Dandekar Properties Limi|GGDPROP,,INE631D01026,505250,IIFL_SCRIPMASTER
GKP,BSE,542666.BO,G. K. P. Printing & Packaging,G. K. P. Printing & Packaging|GKP,,INE05QJ01015,542666,IIFL_SCRIPMASTER
GGAUTO,BSE,531399.BO,G.G.Automotive Gears,G.G.Automotive Gears|G.G.Automotive Gears Limited|GGAUTO,,INE493B01017,531399,IIFL_SCRIPMASTER
GKCONS,BSE,531758.BO,G.K.Consultants,G.K.Consultants|G.K.Consultants Limited|GKCONS,,INE131D01019,531758,IIFL_SCRIPMASTER
GMBREW,BSE,507488.BO,G.M.Breweries,G.M.Breweries|G.M.Breweries Limited|GMBREW,,INE075D01018,507488,IIFL_SCRIPMASTER
GSAUTO,BSE,513059.BO,G.S.Auto International,G.S.Auto International|G.S.Auto International Limited|GSAUTO,,INE736H01024,513059,IIFL_SCRIPMASTER
GTIL,BSE,544675.BO,Gabion Technologies India Limi,GTIL|Gabion Technologies India Limi,,INE1H1501013,544675,IIFL_SCRIPMASTER
GABRIEL,BSE,505714.BO,Gabriel India,GABRIEL|Gabriel India|Gabriel India Limited,,INE524A01029,505714,IIFL_SCRIPMASTER
GPSL,BSE,544108.BO,Gabriel Pet Straps,GPSL|Gabriel Pet Straps|Gabriel Pet Straps Limited,,INE0QZF01012,544108,IIFL_SCRIPMASTER
GATECH,BSE,531723.BO,Gacm Technologies,GATECH|Gacm Technologies|Gacm Technologies Limited,,INE224E01028,531723,IIFL_SCRIPMASTER
GATECHDVR,BSE,570005.BO,Gacm Technologies - Dv,GATECHDVR|Gacm Technologies - Dv|Gacm Technologies Limited - Dv,,INE224E01036,570005,IIFL_SCRIPMASTER
ZGAEKWAR,BSE,502850.BO,Gaekwar Mills,Gaekwar Mills|Gaekwar Mills Limited|ZGAEKWAR,,INE837X01027,502850,IIFL_SCRIPMASTER
GAGAN,BSE,524624.BO,Gagan Gases,GAGAN|Gagan Gases|Gagan Gases Limited,,INE076D01016,524624,IIFL_SCRIPMASTER
GAIL,BSE,532155.BO,Gail (India),GAIL|Gail (India)|Gail (India) Limited,,INE129A01019,532155,IIFL_SCRIPMASTER
GAJANANSEC,BSE,538609.BO,Gajanan Securities Services Lt,GAJANANSEC|Gajanan Securities Services Lt,,INE868G01019,538609,IIFL_SCRIPMASTER
GAJANAND,BSE,211975.BO,Gajanand International L,GAJANAND|Gajanand International L,,INE0QTE01018,211975,IIFL_SCRIPMASTER
GALAPREC,BSE,544244.BO,Gala Precision Engineering Lim,GALAPREC|Gala Precision Engineering Lim,,INE0RE001014,544244,IIFL_SCRIPMASTER
GALACTICO,BSE,542802.BO,Galactico Corporate Services L,GALACTICO|Galactico Corporate Services L,,INE906Y01028,542802,IIFL_SCRIPMASTER
GALAGEX,BSE,531911.BO,Galaxy Agrico Exports,GALAGEX|Galaxy Agrico Exports|Galaxy Agrico Exports Limited,,INE803L01016,531911,IIFL_SCRIPMASTER
GALXBRG,BSE,526073.BO,Galaxy Bearings,GALXBRG|Galaxy Bearings|Galaxy Bearings Limited,,INE020S01012,526073,IIFL_SCRIPMASTER
GML,BSE,213754.BO,Galaxy Medicare,GML|Galaxy Medicare|Galaxy Medicare Limited,,INE09A801015,213754,IIFL_SCRIPMASTER
GSLTD,BSE,506186.BO,Galaxy Supermarket,GSLTD|Galaxy Supermarket|Galaxy Supermarket Limited,,INE403B01016,506186,IIFL_SCRIPMASTER
GALAXYSURF,BSE,540935.BO,Galaxy Surfactants,GALAXYSURF|Galaxy Surfactants|Galaxy Surfactants Limited,,INE600K01018,540935,IIFL_SCRIPMASTER
GALLANTT,BSE,532726.BO,Gallantt Ispat,GALLANTT|Gallantt Ispat|Gallantt Ispat Limited,,INE297H01019,532726,IIFL_SCRIPMASTER
GALLARD,BSE,544616.BO,Gallard Steel,GALLARD|Gallard Steel|Gallard Steel Limited,,INE0BUQ01012,544616,IIFL_SCRIPMASTER
GALLOPENT,BSE,531902.BO,Gallops Enterprise,GALLOPENT|Gallops Enterprise|Gallops Enterprise Limited,,INE755J01012,531902,IIFL_SCRIPMASTER
GAMCO,BSE,540097.BO,Gamco,GAMCO|Gamco|Gamco Limited,,INE890S01026,540097,IIFL_SCRIPMASTER
TRADEUNO,BSE,544594.BO,Game Changers Texfab,Game Changers Texfab|Game Changers Texfab Limited|TRADEUNO,,INE1GUJ01014,544594,IIFL_SCRIPMASTER
GANDHAR,BSE,544029.BO,Gandhar Oil Refinery (India) L,GANDHAR|Gandhar Oil Refinery (India) L,,INE717W01049,544029,IIFL_SCRIPMASTER
GANDHITUBE,BSE,513108.BO,Gandhi Special Tubes,GANDHITUBE|Gandhi Special Tubes|Gandhi Special Tubes Limited,,INE524B01027,513108,IIFL_SCRIPMASTER
GANESHBE,BSE,500153.BO,Ganesh Benzoplast,GANESHBE|Ganesh Benzoplast|Ganesh Benzoplast Limited,,INE388A01029,500153,IIFL_SCRIPMASTER
GANESHCP,BSE,544528.BO,Ganesh Consumer Products Limit,GANESHCP|Ganesh Consumer Products Limit,,INE652V01016,544528,IIFL_SCRIPMASTER
GGBL,BSE,211758.BO,Ganesh Green Bharat,GGBL|Ganesh Green Bharat|Ganesh Green Bharat Limited,,INE0R8C01018,211758,IIFL_SCRIPMASTER
GANESHHOU,BSE,526367.BO,Ganesh Housing,GANESHHOU|Ganesh Housing|Ganesh Housing Limited,,INE460C01014,526367,IIFL_SCRIPMASTER
GANESHIN,BSE,212251.BO,Ganesh Infraworld,GANESHIN|Ganesh Infraworld|Ganesh Infraworld Limited,,INE0TVT01024,212251,IIFL_SCRIPMASTER
GANECOS,BSE,514167.BO,Ganesha Ecosphere,GANECOS|Ganesha Ecosphere|Ganesha Ecosphere Limited,,INE845D01014,514167,IIFL_SCRIPMASTER
GANVERSE,BSE,539041.BO,Ganesha Ecoverse,GANVERSE|Ganesha Ecoverse|Ganesha Ecoverse Limited,,INE369Q01017,539041,IIFL_SCRIPMASTER
GANGABATH,BSE,213406.BO,Ganga Bath Fittings,GANGABATH|Ganga Bath Fittings|Ganga Bath Fittings Limited,,INE0ZI101018,213406,IIFL_SCRIPMASTER
GANGAFORGE,BSE,208199.BO,Ganga Forging,GANGAFORGE|Ganga Forging|Ganga Forging Limited,,INE691Z01023,208199,IIFL_SCRIPMASTER
GANGAPA,BSE,531813.BO,Ganga Papers India,GANGAPA|Ganga Papers India|Ganga Papers India Limited,,INE278O01015,531813,IIFL_SCRIPMASTER
GANGAPHARM,BSE,539680.BO,Ganga Pharmaceuticals,GANGAPHARM|Ganga Pharmaceuticals|Ganga Pharmaceuticals Limited,,INE615T01017,539680,IIFL_SCRIPMASTER
GANGESSECU,BSE,540647.BO,Ganges Securities,GANGESSECU|Ganges Securities|Ganges Securities Limited,,INE335W01016,540647,IIFL_SCRIPMASTER
GANONPRO,BSE,512443.BO,Ganon Products,GANONPRO|Ganon Products|Ganon Products Limited,,INE162L01017,512443,IIFL_SCRIPMASTER
GARBIFIN,BSE,539492.BO,Garbi Finvest,GARBIFIN|Garbi Finvest|Garbi Finvest Limited,,INE721C01019,539492,IIFL_SCRIPMASTER
GRSE,BSE,542011.BO,Garden Reach Shipbuilders & En,GRSE|Garden Reach Shipbuilders & En,,INE382Z01011,542011,IIFL_SCRIPMASTER
GARGFUR,BSE,530615.BO,Garg Furnace,GARGFUR|Garg Furnace|Garg Furnace Limited,,INE194E01015,530615,IIFL_SCRIPMASTER
GARMNTMNTR,BSE,539216.BO,Garment Mantra Lifestyle Limit,GARMNTMNTR|Garment Mantra Lifestyle Limit,,INE653S01028,539216,IIFL_SCRIPMASTER
GARNET,BSE,526727.BO,Garnet Construction,GARNET|Garnet Construction|Garnet Construction Limited,,INE797D01017,526727,IIFL_SCRIPMASTER
GARNETINT,BSE,512493.BO,Garnet International,GARNETINT|Garnet International|Garnet International Limited,,INE590B01010,512493,IIFL_SCRIPMASTER
GARUDA,BSE,544271.BO,Garuda Construction and Engine,GARUDA|Garuda Construction and Engine,,INE0JVO01026,544271,IIFL_SCRIPMASTER
GRWRHITECH,BSE,500655.BO,Garware Hi-Tech Films,GRWRHITECH|Garware Hi-Tech Films|Garware Hi-Tech Films Limited,,INE291A01017,500655,IIFL_SCRIPMASTER
GARWAMAR,BSE,509563.BO,Garware Marine Industries,GARWAMAR|Garware Marine Industries|Garware Marine Industries Limited,,INE925D01014,509563,IIFL_SCRIPMASTER
GARWAOFFS,BSE,501848.BO,Garware Offshore Services Limi,GARWAOFFS|Garware Offshore Services Limi,,INE446C01013,501848,IIFL_SCRIPMASTER
GARWSYN,BSE,514400.BO,Garware Synthetics,GARWSYN|Garware Synthetics|Garware Synthetics Limited,,INE340D01016,514400,IIFL_SCRIPMASTER
GARFIBRES,BSE,509557.BO,Garware Technical Fibres Limit,GARFIBRES|Garware Technical Fibres Limit,,INE276A01018,509557,IIFL_SCRIPMASTER
GATEWAY,BSE,543489.BO,Gateway Distriparks,GATEWAY|Gateway Distriparks|Gateway Distriparks Limited,,INE079J01017,543489,IIFL_SCRIPMASTER
GEL,BSE,540613.BO,Gautam Exim,GEL|Gautam Exim|Gautam Exim Limited,,INE721X01023,540613,IIFL_SCRIPMASTER
GGL,BSE,540936.BO,Gautam Gems,GGL|Gautam Gems|Gautam Gems Limited,,INE063Z01017,540936,IIFL_SCRIPMASTER
GAYAHWS,BSE,541546.BO,Gayatri Highways,GAYAHWS|Gayatri Highways|Gayatri Highways Limited,,INE287Z01012,541546,IIFL_SCRIPMASTER
GRCL,BSE,209456.BO,Gayatri Rubb and Chem,GRCL|Gayatri Rubb and Chem|Gayatri Rubb and Chem Limited,,INE0LVM01018,209456,IIFL_SCRIPMASTER
GAYATRI,BSE,532183.BO,Gayatri Sugars,GAYATRI|Gayatri Sugars|Gayatri Sugars Limited,,INE622E01023,532183,IIFL_SCRIPMASTER
GBLOGISTIC,BSE,544348.BO,Gb Logistics Commerce,GBLOGISTIC|Gb Logistics Commerce|Gb Logistics Commerce Limited,,INE0RWU01016,544348,IIFL_SCRIPMASTER
GCMCOMM,BSE,535917.BO,Gcm Commodity & Derivatives Lt,GCMCOMM|Gcm Commodity & Derivatives Lt,,INE200P01016,535917,IIFL_SCRIPMASTER
GCMSECU,BSE,535431.BO,Gcm Securities,GCMSECU|Gcm Securities|Gcm Securities Limited,,INE168O01026,535431,IIFL_SCRIPMASTER
GCONNECT,BSE,544156.BO,Gconnect Logitech and Supply C,GCONNECT|Gconnect Logitech and Supply C,,INE0QHY01011,544156,IIFL_SCRIPMASTER
GVPIL,BSE,532309.BO,Ge Power India,GVPIL|Ge Power India|Ge Power India Limited,,INE878A01011,532309,IIFL_SCRIPMASTER
GVTD,BSE,522275.BO,Ge Vernova T&D India,GVTD|Ge Vernova T&D India|Ge Vernova T&D India Limited,,INE200A01026,522275,IIFL_SCRIPMASTER
GEE,BSE,504028.BO,Gee,GEE|Gee|Gee Limited,,INE064H01021,504028,IIFL_SCRIPMASTER
GEECEE,BSE,532764.BO,Geecee Ventures,GEECEE|Geecee Ventures|Geecee Ventures Limited,,INE916G01016,532764,IIFL_SCRIPMASTER
GEEKAYWIRE,BSE,210728.BO,Geekay Wires,GEEKAYWIRE|Geekay Wires|Geekay Wires Limited,,INE669X01032,210728,IIFL_SCRIPMASTER
GEMENVIRO,BSE,544199.BO,Gem Enviro Management,GEMENVIRO|Gem Enviro Management|Gem Enviro Management Limited,,INE0RUJ01013,544199,IIFL_SCRIPMASTER
GEMSI,BSE,531137.BO,Gemstone Investments,GEMSI|Gemstone Investments|Gemstone Investments Limited,,INE503D01027,531137,IIFL_SCRIPMASTER
GICRE,BSE,540755.BO,General Insurance,GICRE|General Insurance|General Insurance Corporation,,INE481Y01014,540755,IIFL_SCRIPMASTER
GENCON,BSE,539407.BO,Generic Engineering Constructi,GENCON|Generic Engineering Constructi,,INE854S01022,539407,IIFL_SCRIPMASTER
GENESYS,BSE,506109.BO,Genesys International Corporat,GENESYS|Genesys International Corporat,,INE727B01026,506109,IIFL_SCRIPMASTER
GENNEX,BSE,531739.BO,Gennex Laboratories,GENNEX|Gennex Laboratories|Gennex Laboratories Limited,,INE509C01026,531739,IIFL_SCRIPMASTER
GVBL,BSE,539206.BO,Genomic Valley Biotech,GVBL|Genomic Valley Biotech|Genomic Valley Biotech Limited,,INE574D01010,539206,IIFL_SCRIPMASTER
GENPHARMA,BSE,531592.BO,Genpharmasec,GENPHARMA|Genpharmasec|Genpharmasec Limited,,INE861N01036,531592,IIFL_SCRIPMASTER
GENUSPAPER,BSE,538961.BO,Genus Paper & Boards,GENUSPAPER|Genus Paper & Boards|Genus Paper & Boards Limited,,INE949P01018,538961,IIFL_SCRIPMASTER
GENUSPOWER,BSE,530343.BO,Genus Power Infrastructures Lt,GENUSPOWER|Genus Power Infrastructures Lt,,INE955D01029,530343,IIFL_SCRIPMASTER
GEOJITFSL,BSE,532285.BO,Geojit Financial Services Limi,GEOJITFSL|Geojit Financial Services Limi,,INE007B01023,532285,IIFL_SCRIPMASTER
GEOMETRIC,BSE,532312.BO,Geometric,GEOMETRIC|Geometric|Geometric Limited,,INE797A01021,532312,IIFL_SCRIPMASTER
GETALONG,BSE,543372.BO,Getalong Enterprise,GETALONG|Getalong Enterprise|Getalong Enterprise Limited,,INE0H1201020,543372,IIFL_SCRIPMASTER
GFLLIMITED,BSE,500173.BO,Gfl,GFLLIMITED|Gfl|Gfl Limited,,INE538A01037,500173,IIFL_SCRIPMASTER
GHCL,BSE,500171.BO,Ghcl,GHCL|Ghcl|Ghcl Limited,,INE539A01019,500171,IIFL_SCRIPMASTER
GHCLTEXTIL,BSE,543918.BO,Ghcl Textiles,GHCLTEXTIL|Ghcl Textiles|Ghcl Textiles Limited,,INE0PA801013,543918,IIFL_SCRIPMASTER
GHUSHINE,BSE,539864.BO,Ghushine Fintrrade Ocean Limit,GHUSHINE|Ghushine Fintrrade Ocean Limit,,INE009U01011,539864,IIFL_SCRIPMASTER
GHVINFRA,BSE,505504.BO,Ghv Infra Projects,GHVINFRA|Ghv Infra Projects|Ghv Infra Projects Limited,,INE809Q01020,505504,IIFL_SCRIPMASTER
GICHSGFIN,BSE,511676.BO,Gic Housing Finance,GICHSGFIN|Gic Housing Finance|Gic Housing Finance Limited,,INE289B01019,511676,IIFL_SCRIPMASTER
GILADAFINS,BSE,538788.BO,Gilada Finance & Investments L,GILADAFINS|Gilada Finance & Investments L,,INE918C01029,538788,IIFL_SCRIPMASTER
GILLANDERS,BSE,532716.BO,Gillanders Arbuthnot & Co.,GILLANDERS|Gillanders Arbuthnot & Co.|Gillanders Arbuthnot & Co.Limited,,INE047B01011,532716,IIFL_SCRIPMASTER
GILLETTE,BSE,507815.BO,Gillette India,GILLETTE|Gillette India|Gillette India Limited,,INE322A01010,507815,IIFL_SCRIPMASTER
GINISILK,BSE,531744.BO,Gini Silk Mills,GINISILK|Gini Silk Mills|Gini Silk Mills Limited,,INE548B01018,531744,IIFL_SCRIPMASTER
GINNIFILA,BSE,590025.BO,Ginni Filaments,GINNIFILA|Ginni Filaments|Ginni Filaments Limited,,INE424C01010,590025,IIFL_SCRIPMASTER
GIRIRAJ,BSE,204207.BO,Giriraj Civil Devp,GIRIRAJ|Giriraj Civil Devp|Giriraj Civil Devp Limited,,INE614Z01017,204207,IIFL_SCRIPMASTER
GITARENEW,BSE,539013.BO,Gita Renewable Energy,GITARENEW|Gita Renewable Energy|Gita Renewable Energy Limited,,INE776O01018,539013,IIFL_SCRIPMASTER
GKENERGY,BSE,544525.BO,Gk Energy,GKENERGY|Gk Energy|Gk Energy Limited,,INE1AG301022,544525,IIFL_SCRIPMASTER
GKB,BSE,533212.BO,Gkb Ophthalmics,GKB|Gkb Ophthalmics|Gkb Ophthalmics Limited,,INE265D01015,533212,IIFL_SCRIPMASTER
GKWLIMITED,BSE,203307.BO,Gkw,GKWLIMITED|Gkw|Gkw Limited,,INE528A01020,203307,IIFL_SCRIPMASTER
GLANCE,BSE,531199.BO,Glance Finance,GLANCE|Glance Finance|Glance Finance Limited,,INE580D01017,531199,IIFL_SCRIPMASTER
GLAND,BSE,543245.BO,Gland Pharma,GLAND|Gland Pharma|Gland Pharma Limited,,INE068V01023,543245,IIFL_SCRIPMASTER
GLAXO,BSE,500660.BO,Glaxosmithkline Pharmaceutical,GLAXO|Glaxosmithkline Pharmaceutical,,INE159A01016,500660,IIFL_SCRIPMASTER
GLEN,BSE,544444.BO,Glen Industries,GLEN|Glen Industries|Glen Industries Limited,,INE0UMC01019,544444,IIFL_SCRIPMASTER
GLENMARK,BSE,532296.BO,Glenmark Pharmaceuticals,GLENMARK|Glenmark Pharmaceuticals|Glenmark Pharmaceuticals Limited,,INE935A01035,532296,IIFL_SCRIPMASTER
GLOBALCA,BSE,530263.BO,Global Capital Markets,GLOBALCA|Global Capital Markets|Global Capital Markets Limited,,INE062C01042,530263,IIFL_SCRIPMASTER
GLOBAL,BSE,212255.BO,Global Education,GLOBAL|Global Education|Global Education Limited,,INE291W01037,212255,IIFL_SCRIPMASTER
MEDANTA,BSE,543654.BO,Global Health,Global Health|Global Health Limited|MEDANTA,,INE474Q01031,543654,IIFL_SCRIPMASTER
GLOBALLOG,BSE,544665.BO,Global Ocean Logistics India L,GLOBALLOG|Global Ocean Logistics India L,,INE1ITY01011,544665,IIFL_SCRIPMASTER
GLOBALPET,BSE,210474.BO,Global Pet Industries,GLOBALPET|Global Pet Industries|Global Pet Industries Limited,,INE0PS501019,210474,IIFL_SCRIPMASTER
GSLSU,BSE,543829.BO,Global Surfaces,GSLSU|Global Surfaces|Global Surfaces Limited,,INE0JSX01015,543829,IIFL_SCRIPMASTER
GLOBALVECT,BSE,532773.BO,Global Vectra Helicorp,GLOBALVECT|Global Vectra Helicorp|Global Vectra Helicorp Limited,,INE792H01019,532773,IIFL_SCRIPMASTER
GLOBE,BSE,208134.BO,Globe Enterprise (I),GLOBE|Globe Enterprise (I)|Globe Enterprise (I) Limited,,INE581X01021,208134,IIFL_SCRIPMASTER
GICL,BSE,204730.BO,Globe Intl Carriers,GICL|Globe Intl Carriers|Globe Intl Carriers Limited,,INE947T01022,204730,IIFL_SCRIPMASTER
GSTL,BSE,208776.BO,Globesecure Techno,GSTL|Globesecure Techno|Globesecure Techno Limited,,INE00WS01056,208776,IIFL_SCRIPMASTER
GLOBUSCON,BSE,526025.BO,Globus Constructors & Develope,GLOBUSCON|Globus Constructors & Develope,,INE064L01015,526025,IIFL_SCRIPMASTER
GLOBUSSPR,BSE,533104.BO,Globus Spirits,GLOBUSSPR|Globus Spirits|Globus Spirits Limited,,INE615I01010,533104,IIFL_SCRIPMASTER
GLOSTERLTD,BSE,542351.BO,Gloster,GLOSTERLTD|Gloster|Gloster Limited,,INE350Z01018,542351,IIFL_SCRIPMASTER
GMMPFAUDLR,BSE,505255.BO,Gmm Pfaudler,GMMPFAUDLR|Gmm Pfaudler|Gmm Pfaudler Limited,,INE541A01023,505255,IIFL_SCRIPMASTER
GMRAIRPORT,BSE,532754.BO,Gmr Airports,GMRAIRPORT|Gmr Airports|Gmr Airports Limited,,INE776C01039,532754,IIFL_SCRIPMASTER
GMRP&UI,BSE,543490.BO,Gmr Power and Urban Infra Limi,GMRP&UI|Gmr Power and Urban Infra Limi,,INE0CU601026,543490,IIFL_SCRIPMASTER
GUJNREWAR,BSE,961689.BO,Gncl-Warrants-28-04-2015,GUJNREWAR|Gncl-Warrants-28-04-2015,,INE110D13018,961689,IIFL_SCRIPMASTER
EBGNG,BSE,544455.BO,Gng Electronics,EBGNG|Gng Electronics|Gng Electronics Limited,,INE18JU01028,544455,IIFL_SCRIPMASTER
GODIGIT,BSE,544179.BO,Go Digit General Insurance Lim,GODIGIT|Go Digit General Insurance Lim,,INE03JT01014,544179,IIFL_SCRIPMASTER
GOCOLORS,BSE,543401.BO,Go Fashion (India),GOCOLORS|Go Fashion (India)|Go Fashion (India) Limited,,INE0BJS01011,543401,IIFL_SCRIPMASTER
GOACARBON,BSE,509567.BO,Goa Carbon,GOACARBON|Goa Carbon|Goa Carbon Limited,,INE426D01013,509567,IIFL_SCRIPMASTER
GOCLCORP,BSE,506480.BO,Gocl,GOCLCORP|Gocl|Gocl Corporation Limited,,INE077F01035,506480,IIFL_SCRIPMASTER
GODAVARIB,BSE,544279.BO,Godavari Biorefineries,GODAVARIB|Godavari Biorefineries|Godavari Biorefineries Limited,,INE497S01012,544279,IIFL_SCRIPMASTER
GODAVARI,BSE,530317.BO,Godavari Drugs,GODAVARI|Godavari Drugs|Godavari Drugs Limited,,INE362C01012,530317,IIFL_SCRIPMASTER
GPIL,BSE,532734.BO,Godawari Power & Ispat,GPIL|Godawari Power & Ispat|Godawari Power & Ispat Limited,,INE177H01039,532734,IIFL_SCRIPMASTER
GODFRYPHLP,BSE,500163.BO,Godfrey Phillips India,GODFRYPHLP|Godfrey Phillips India|Godfrey Phillips India Limited,,INE260B01028,500163,IIFL_SCRIPMASTER
GODREJAGRO,BSE,540743.BO,Godrej Agrovet,GODREJAGRO|Godrej Agrovet|Godrej Agrovet Limited,,INE850D01014,540743,IIFL_SCRIPMASTER
GODREJCP,BSE,532424.BO,Godrej Consumer Products,GODREJCP|Godrej Consumer Products|Godrej Consumer Products Limited,,INE102D01028,532424,IIFL_SCRIPMASTER
GODREJIND,BSE,500164.BO,Godrej Industries,GODREJIND|Godrej Industries|Godrej Industries Limited,,INE233A01035,500164,IIFL_SCRIPMASTER
GODREJPROP,BSE,533150.BO,Godrej Properties,GODREJPROP|Godrej Properties|Godrej Properties Limited,,INE484J01027,533150,IIFL_SCRIPMASTER
GOELCONS,BSE,544504.BO,Goel Construction Company Limi,GOELCONS|Goel Construction Company Limi,,INE0ZOM01013,544504,IIFL_SCRIPMASTER
GOGIACAPGL,BSE,531600.BO,Gogia Capital Growth,GOGIACAPGL|Gogia Capital Growth|Gogia Capital Growth Limited,,INE832C01014,531600,IIFL_SCRIPMASTER
GOKAKTEX,BSE,532957.BO,Gokak Textiles,GOKAKTEX|Gokak Textiles|Gokak Textiles Limited,,INE642I01014,532957,IIFL_SCRIPMASTER
GOKEX,BSE,532630.BO,Gokaldas Exports,GOKEX|Gokaldas Exports|Gokaldas Exports Limited,,INE887G01027,532630,IIFL_SCRIPMASTER
GOKULAGRO,BSE,539725.BO,Gokul Agro Resources,GOKULAGRO|Gokul Agro Resources|Gokul Agro Resources Limited,,INE314T01033,539725,IIFL_SCRIPMASTER
GOKUL,BSE,532980.BO,Gokul Refoils & Solvent,GOKUL|Gokul Refoils & Solvent|Gokul Refoils & Solvent Limited,,INE020J01029,532980,IIFL_SCRIPMASTER
GOLDENCREST,BSE,540062.BO,Golden Crest Education & Servi,GOLDENCREST|Golden Crest Education & Servi,,INE222U01010,540062,IIFL_SCRIPMASTER
GOLDLEG,BSE,509024.BO,Golden Legand Leasing & Financ,GOLDLEG|Golden Legand Leasing & Financ,,INE088E01019,509024,IIFL_SCRIPMASTER
GOLDIAM,BSE,526729.BO,Goldiam International,GOLDIAM|Goldiam International|Goldiam International Limited,,INE025B01025,526729,IIFL_SCRIPMASTER
GOLDKART,BSE,206531.BO,Goldkart Jewels,GOLDKART|Goldkart Jewels|Goldkart Jewels Limited,,INE06MH01016,206531,IIFL_SCRIPMASTER
GOLDSTAR,BSE,209403.BO,Goldstar Power,GOLDSTAR|Goldstar Power|Goldstar Power Limited,,INE405Y01021,209403,IIFL_SCRIPMASTER
GOLKUNDIA,BSE,523676.BO,Golkunda Diamonds & Jewellery,GOLKUNDIA|Golkunda Diamonds & Jewellery,,INE798D01015,523676,IIFL_SCRIPMASTER
GOODLUCK,BSE,530655.BO,Goodluck India,GOODLUCK|Goodluck India|Goodluck India Limited,,INE127I01024,530655,IIFL_SCRIPMASTER
GOODRICKE,BSE,500166.BO,Goodricke Group,GOODRICKE|Goodricke Group|Goodricke Group Limited,,INE300A01016,500166,IIFL_SCRIPMASTER
GOODYEAR,BSE,500168.BO,Goodyear India,GOODYEAR|Goodyear India|Goodyear India Limited,,INE533A01012,500168,IIFL_SCRIPMASTER
GOPAL,BSE,544140.BO,Gopal Snacks,GOPAL|Gopal Snacks|Gopal Snacks Limited,,INE0L9R01028,544140,IIFL_SCRIPMASTER
GOURMET,BSE,506134.BO,Gourmet Gateway India,GOURMET|Gourmet Gateway India|Gourmet Gateway India Limited,,INE512D01028,506134,IIFL_SCRIPMASTER
GOWRALE,BSE,530709.BO,Gowra Leasing & Finance,GOWRALE|Gowra Leasing & Finance|Gowra Leasing & Finance Limited,,INE225G01012,530709,IIFL_SCRIPMASTER
GOYALALUM,BSE,541152.BO,Goyal Aluminiums,GOYALALUM|Goyal Aluminiums|Goyal Aluminiums Limited,,INE705X01026,541152,IIFL_SCRIPMASTER
GOYALASS,BSE,530663.BO,Goyal Associates,GOYALASS|Goyal Associates|Goyal Associates Limited,,INE912B01032,530663,IIFL_SCRIPMASTER
GOYALSALT,BSE,210694.BO,Goyal Salt,GOYALSALT|Goyal Salt|Goyal Salt Limited,,INE0QFE01017,210694,IIFL_SCRIPMASTER
GPECO,BSE,211687.BO,Gp Eco Solutions India L,GPECO|Gp Eco Solutions India L,,INE0S7E01015,211687,IIFL_SCRIPMASTER
GULFPETRO,BSE,532543.BO,Gp Petroleums,GULFPETRO|Gp Petroleums|Gp Petroleums Limited,,INE586G01017,532543,IIFL_SCRIPMASTER
GPTHEALTH,BSE,544131.BO,Gpt Healthcare,GPTHEALTH|Gpt Healthcare|Gpt Healthcare Limited,,INE486R01017,544131,IIFL_SCRIPMASTER
GPTINFRA,BSE,533761.BO,Gpt Infraprojects,GPTINFRA|Gpt Infraprojects|Gpt Infraprojects Limited,,INE390G01014,533761,IIFL_SCRIPMASTER
GRADIENTE,BSE,216243.BO,Gradiente Infotainment L,GRADIENTE|Gradiente Infotainment L,,INE361K01017,216243,IIFL_SCRIPMASTER
GRAMEVA,BSE,539120.BO,Grameva,GRAMEVA|Grameva|Grameva Limited,,INE578R01011,539120,IIFL_SCRIPMASTER
GCHOTELS,BSE,212731.BO,Grand Continent Hotels L,GCHOTELS|Grand Continent Hotels L,,INE12E301017,212731,IIFL_SCRIPMASTER
GRANDOAK,BSE,523862.BO,Grand Oak Canyons Distillery L,GRANDOAK|Grand Oak Canyons Distillery L,,INE926B01016,523862,IIFL_SCRIPMASTER
GRANDMA,BSE,504369.BO,Grandma Trading & Agencies,GRANDMA|Grandma Trading & Agencies|Grandma Trading & Agencies Limited,,INE927M01029,504369,IIFL_SCRIPMASTER
GRANULES,BSE,532482.BO,Granules India,GRANULES|Granules India|Granules India Limited,,INE101D01020,532482,IIFL_SCRIPMASTER
GRAPHISAD,BSE,210877.BO,Graphisads,GRAPHISAD|Graphisads|Graphisads Limited,,INE0POU01017,210877,IIFL_SCRIPMASTER
GRAPHITE,BSE,509488.BO,Graphite India,GRAPHITE|Graphite India|Graphite India Limited,,INE371A01025,509488,IIFL_SCRIPMASTER
GRASIM,BSE,500300.BO,Grasim Industries,GRASIM|Grasim Industries|Grasim Industries Limited,,INE047A01021,500300,IIFL_SCRIPMASTER
GRATEXI,BSE,526751.BO,Gratex Industries,GRATEXI|Gratex Industries|Gratex Industries Limited,,INE915E01013,526751,IIFL_SCRIPMASTER
GRAUWEIL,BSE,505710.BO,Grauer & Weil (India),GRAUWEIL|Grauer & Weil (India)|Grauer & Weil (India) Limited,,INE266D01021,505710,IIFL_SCRIPMASTER
GRAVISSHO,BSE,509546.BO,Graviss Hospitality,GRAVISSHO|Graviss Hospitality|Graviss Hospitality Limited,,INE214F01026,509546,IIFL_SCRIPMASTER
GRAVITA,BSE,533282.BO,Gravita India,GRAVITA|Gravita India|Gravita India Limited,,INE024L01027,533282,IIFL_SCRIPMASTER
GESHIP,BSE,500620.BO,Great Eastern Shipping Co.,GESHIP|Great Eastern Shipping Co.|Great Eastern Shipping Co.Limited,,INE017A01032,500620,IIFL_SCRIPMASTER
GREAVESCOT,BSE,501455.BO,Greaves Cotton,GREAVESCOT|Greaves Cotton|Greaves Cotton Limited,,INE224A01026,501455,IIFL_SCRIPMASTER
GREENCHEF,BSE,210456.BO,Greenchef Appliances,GREENCHEF|Greenchef Appliances|Greenchef Appliances Limited,,INE0O7P01015,210456,IIFL_SCRIPMASTER
GREENCREST,BSE,531737.BO,Greencrest Financial Services,GREENCREST|Greencrest Financial Services,,INE414C01045,531737,IIFL_SCRIPMASTER
GVL,BSE,544163.BO,Greenhitech Ventures,GVL|Greenhitech Ventures|Greenhitech Ventures Limited,,INE0S0701019,544163,IIFL_SCRIPMASTER
GREENLAM,BSE,538979.BO,Greenlam Industries,GREENLAM|Greenlam Industries|Greenlam Industries Limited,,INE544R01021,538979,IIFL_SCRIPMASTER
GREENLEAF,BSE,215186.BO,Greenleaf Envirotech,GREENLEAF|Greenleaf Envirotech|Greenleaf Envirotech Limited,,INE0PLX01017,215186,IIFL_SCRIPMASTER
GREENPANEL,BSE,542857.BO,Greenpanel Industries,GREENPANEL|Greenpanel Industries|Greenpanel Industries Limited,,INE08ZM01014,542857,IIFL_SCRIPMASTER
GREENPLY,BSE,526797.BO,Greenply Industries,GREENPLY|Greenply Industries|Greenply Industries Limited,,INE461C01038,526797,IIFL_SCRIPMASTER
GCSL,BSE,543324.BO,Gretex Corporate Services Limi,GCSL|Gretex Corporate Services Limi,,INE199P01028,543324,IIFL_SCRIPMASTER
GRETEX,BSE,204026.BO,Gretex Industries,GRETEX|Gretex Industries|Gretex Industries Limited,,INE985P01012,204026,IIFL_SCRIPMASTER
BIRDYS,BSE,211521.BO,Grill Splendour Ser,BIRDYS|Grill Splendour Ser|Grill Splendour Ser Limited,,INE0PC901019,211521,IIFL_SCRIPMASTER
GRINDWELL,BSE,506076.BO,Grindwell Norton,GRINDWELL|Grindwell Norton|Grindwell Norton Limited,,INE536A01023,506076,IIFL_SCRIPMASTER
GRMOVER,BSE,531449.BO,Grm Overseas,GRMOVER|Grm Overseas|Grm Overseas Limited,,INE192H01020,531449,IIFL_SCRIPMASTER
GROARC,BSE,532315.BO,Groarc Industries India Limite,GROARC|Groarc Industries India Limite,,INE042B01012,532315,IIFL_SCRIPMASTER
GJL,BSE,215720.BO,Grover Jewells,GJL|Grover Jewells|Grover Jewells Limited,,INE1TY801010,215720,IIFL_SCRIPMASTER
GROVY,BSE,539522.BO,Grovy India,GROVY|Grovy India|Grovy India Limited,,INE343C01012,539522,IIFL_SCRIPMASTER
GRPLTD,BSE,509152.BO,Grp,GRPLTD|Grp|Grp Limited,,INE137I01015,509152,IIFL_SCRIPMASTER
GS02JAN27C,BSE,800359.BO,Gs02Jan27C,GS02JAN27C|Gs02Jan27C,,IN000127C018,800359,IIFL_SCRIPMASTER
GS02JAN28C,BSE,800363.BO,Gs02Jan28C,GS02JAN28C|Gs02Jan28C,,IN000128C016,800363,IIFL_SCRIPMASTER
GS02JAN29C,BSE,800426.BO,Gs02Jan29C,GS02JAN29C|Gs02Jan29C,,IN000129C014,800426,IIFL_SCRIPMASTER
GS02JAN36C,BSE,800380.BO,Gs02Jan36C,GS02JAN36C|Gs02Jan36C,,IN000136C019,800380,IIFL_SCRIPMASTER
GS02JAN39C,BSE,800417.BO,Gs02Jan39C,GS02JAN39C|Gs02Jan39C,,IN000139C013,800417,IIFL_SCRIPMASTER
GS02JUL26C,BSE,800357.BO,Gs02Jul26C,GS02JUL26C|Gs02Jul26C,,IN000726C017,800357,IIFL_SCRIPMASTER
GS02JUL27C,BSE,800361.BO,Gs02Jul27C,GS02JUL27C|Gs02Jul27C,,IN000727C015,800361,IIFL_SCRIPMASTER
GS02JUL28C,BSE,800365.BO,Gs02Jul28C,GS02JUL28C|Gs02Jul28C,,IN000728C013,800365,IIFL_SCRIPMASTER
GS02JUL36C,BSE,800381.BO,Gs02Jul36C,GS02JUL36C|Gs02Jul36C,,IN000736C016,800381,IIFL_SCRIPMASTER
GS02JUL39C,BSE,800422.BO,Gs02Jul39C,GS02JUL39C|Gs02Jul39C,,IN000739C010,800422,IIFL_SCRIPMASTER
GS02JUL40C,BSE,800382.BO,Gs02Jul40C,GS02JUL40C|Gs02Jul40C,,IN000740C018,800382,IIFL_SCRIPMASTER
GS06MAY30C,BSE,800613.BO,Gs06May30C,GS06MAY30C|Gs06May30C,,IN000530C021,800613,IIFL_SCRIPMASTER
GS06MAY33,BSE,800724.BO,Gs06May33,GS06MAY33|Gs06May33,,IN000533C025,800724,IIFL_SCRIPMASTER
GS06MAY34C,BSE,800683.BO,Gs06May34C,GS06MAY34C|Gs06May34C,,IN000534C015,800683,IIFL_SCRIPMASTER
GS06MAY35C,BSE,800685.BO,Gs06May35C,GS06MAY35C|Gs06May35C,,IN000535C012,800685,IIFL_SCRIPMASTER
GS06MAY36C,BSE,800672.BO,Gs06May36C,GS06MAY36C|Gs06May36C,,IN000536C010,800672,IIFL_SCRIPMASTER
GS06MAY37C,BSE,800676.BO,Gs06May37C,GS06MAY37C|Gs06May37C,,IN000537C018,800676,IIFL_SCRIPMASTER
GS06MAY38C,BSE,800680.BO,Gs06May38C,GS06MAY38C|Gs06May38C,,IN000538C016,800680,IIFL_SCRIPMASTER
GS06MAY39C,BSE,800656.BO,Gs06May39C,GS06MAY39C|Gs06May39C,,IN000539C014,800656,IIFL_SCRIPMASTER
GS06MAY40,BSE,800727.BO,Gs06May40,GS06MAY40|Gs06May40,,IN000540C012,800727,IIFL_SCRIPMASTER
GS06MAY41,BSE,800731.BO,Gs06May41,GS06MAY41|Gs06May41,,IN000541C010,800731,IIFL_SCRIPMASTER
GS06MAY42,BSE,800735.BO,Gs06May42,GS06MAY42|Gs06May42,,IN000542C018,800735,IIFL_SCRIPMASTER
GS06MAY43,BSE,800739.BO,Gs06May43,GS06MAY43|Gs06May43,,IN000543C016,800739,IIFL_SCRIPMASTER
GS06MAY44,BSE,800743.BO,Gs06May44,GS06MAY44|Gs06May44,,IN000544C014,800743,IIFL_SCRIPMASTER
GS06MAY45,BSE,800747.BO,Gs06May45,GS06MAY45|Gs06May45,,IN000545C011,800747,IIFL_SCRIPMASTER
GS06MAY46,BSE,800749.BO,Gs06May46,GS06MAY46|Gs06May46,,IN000546C019,800749,IIFL_SCRIPMASTER
GS06MAY47,BSE,800728.BO,Gs06May47,GS06MAY47|Gs06May47,,IN000547C017,800728,IIFL_SCRIPMASTER
GS06MAY48,BSE,800732.BO,Gs06May48,GS06MAY48|Gs06May48,,IN000548C015,800732,IIFL_SCRIPMASTER
GS06MAY49,BSE,800736.BO,Gs06May49,GS06MAY49|Gs06May49,,IN000549C013,800736,IIFL_SCRIPMASTER
GS06MAY50,BSE,800740.BO,Gs06May50,GS06MAY50|Gs06May50,,IN000550C011,800740,IIFL_SCRIPMASTER
GS06MAY51,BSE,800745.BO,Gs06May51,GS06MAY51|Gs06May51,,IN000551C019,800745,IIFL_SCRIPMASTER
GS06MAY52,BSE,800750.BO,Gs06May52,GS06MAY52|Gs06May52,,IN000552C017,800750,IIFL_SCRIPMASTER
GS06MAY53,BSE,800754.BO,Gs06May53,GS06MAY53|Gs06May53,,IN000553C015,800754,IIFL_SCRIPMASTER
GS06MAY54,BSE,800759.BO,Gs06May54,GS06MAY54|Gs06May54,,IN000554C013,800759,IIFL_SCRIPMASTER
GS06MAY55,BSE,800762.BO,Gs06May55,GS06MAY55|Gs06May55,,IN000555C010,800762,IIFL_SCRIPMASTER
GS06MAY56,BSE,800766.BO,Gs06May56,GS06MAY56|Gs06May56,,IN000556C018,800766,IIFL_SCRIPMASTER
GS06MAY57,BSE,800770.BO,Gs06May57,GS06MAY57|Gs06May57,,IN000557C016,800770,IIFL_SCRIPMASTER
GS06MAY58,BSE,800774.BO,Gs06May58,GS06MAY58|Gs06May58,,IN000558C014,800774,IIFL_SCRIPMASTER
GS06MAY59,BSE,800778.BO,Gs06May59,GS06MAY59|Gs06May59,,IN000559C012,800778,IIFL_SCRIPMASTER
GS06MAY60,BSE,800751.BO,Gs06May60,GS06MAY60|Gs06May60,,IN000560C010,800751,IIFL_SCRIPMASTER
GS06MAY61,BSE,800756.BO,Gs06May61,GS06MAY61|Gs06May61,,IN000561C018,800756,IIFL_SCRIPMASTER
GS06MAY62,BSE,800764.BO,Gs06May62,GS06MAY62|Gs06May62,,IN000562C016,800764,IIFL_SCRIPMASTER
GS06MAY63,BSE,800771.BO,Gs06May63,GS06MAY63|Gs06May63,,IN000563C014,800771,IIFL_SCRIPMASTER
GS06MAY64,BSE,800776.BO,Gs06May64,GS06MAY64|Gs06May64,,IN000564C012,800776,IIFL_SCRIPMASTER
GS06MAY65,BSE,800781.BO,Gs06May65,GS06MAY65|Gs06May65,,IN000565C019,800781,IIFL_SCRIPMASTER
GS06MAY66,BSE,800784.BO,Gs06May66,GS06MAY66|Gs06May66,,IN000566C017,800784,IIFL_SCRIPMASTER
GS06MAY67,BSE,800786.BO,Gs06May67,GS06MAY67|Gs06May67,,IN000567C015,800786,IIFL_SCRIPMASTER
GS06MAY68,BSE,800788.BO,Gs06May68,GS06MAY68|Gs06May68,,IN000568C013,800788,IIFL_SCRIPMASTER
GS06MAY69,BSE,800790.BO,Gs06May69,GS06MAY69|Gs06May69,,IN000569C011,800790,IIFL_SCRIPMASTER
GS06MAY70,BSE,800792.BO,Gs06May70,GS06MAY70|Gs06May70,,IN000570C019,800792,IIFL_SCRIPMASTER
GS06MAY71,BSE,800794.BO,Gs06May71,GS06MAY71|Gs06May71,,IN000571C017,800794,IIFL_SCRIPMASTER
GS06MAY72,BSE,800777.BO,Gs06May72,GS06MAY72|Gs06May72,,IN000572C015,800777,IIFL_SCRIPMASTER
GS06MAY73,BSE,800763.BO,Gs06May73,GS06MAY73|Gs06May73,,IN000573C013,800763,IIFL_SCRIPMASTER
GS06NOV29C,BSE,800612.BO,Gs06Nov29C,GS06NOV29C|Gs06Nov29C,,IN001129C021,800612,IIFL_SCRIPMASTER
GS06NOV30C,BSE,800614.BO,Gs06Nov30C,GS06NOV30C|Gs06Nov30C,,IN001130C029,800614,IIFL_SCRIPMASTER
GS06NOV33,BSE,800725.BO,Gs06Nov33,GS06NOV33|Gs06Nov33,,IN001133C023,800725,IIFL_SCRIPMASTER
GS06NOV34C,BSE,800684.BO,Gs06Nov34C,GS06NOV34C|Gs06Nov34C,,IN001134C013,800684,IIFL_SCRIPMASTER
GS06NOV35C,BSE,800669.BO,Gs06Nov35C,GS06NOV35C|Gs06Nov35C,,IN001135C010,800669,IIFL_SCRIPMASTER
GS06NOV36C,BSE,800675.BO,Gs06Nov36C,GS06NOV36C|Gs06Nov36C,,IN001136C018,800675,IIFL_SCRIPMASTER
GS06NOV37C,BSE,800678.BO,Gs06Nov37C,GS06NOV37C|Gs06Nov37C,,IN001137C016,800678,IIFL_SCRIPMASTER
GS06NOV38C,BSE,800682.BO,Gs06Nov38C,GS06NOV38C|Gs06Nov38C,,IN001138C014,800682,IIFL_SCRIPMASTER
GS06NOV39C,BSE,800658.BO,Gs06Nov39C,GS06NOV39C|Gs06Nov39C,,IN001139C012,800658,IIFL_SCRIPMASTER
GS06NOV40,BSE,800729.BO,Gs06Nov40,GS06NOV40|Gs06Nov40,,IN001140C010,800729,IIFL_SCRIPMASTER
GS06NOV41,BSE,800733.BO,Gs06Nov41,GS06NOV41|Gs06Nov41,,IN001141C018,800733,IIFL_SCRIPMASTER
GS06NOV42,BSE,800737.BO,Gs06Nov42,GS06NOV42|Gs06Nov42,,IN001142C016,800737,IIFL_SCRIPMASTER
GS06NOV43,BSE,800741.BO,Gs06Nov43,GS06NOV43|Gs06Nov43,,IN001143C014,800741,IIFL_SCRIPMASTER
GS06NOV44,BSE,800744.BO,Gs06Nov44,GS06NOV44|Gs06Nov44,,IN001144C012,800744,IIFL_SCRIPMASTER
GS06NOV45,BSE,800748.BO,Gs06Nov45,GS06NOV45|Gs06Nov45,,IN001145C019,800748,IIFL_SCRIPMASTER
GS06NOV46,BSE,800726.BO,Gs06Nov46,GS06NOV46|Gs06Nov46,,IN001146C017,800726,IIFL_SCRIPMASTER
GS06NOV47,BSE,800730.BO,Gs06Nov47,GS06NOV47|Gs06Nov47,,IN001147C015,800730,IIFL_SCRIPMASTER
GS06NOV48,BSE,800734.BO,Gs06Nov48,GS06NOV48|Gs06Nov48,,IN001148C013,800734,IIFL_SCRIPMASTER
GS06NOV49,BSE,800738.BO,Gs06Nov49,GS06NOV49|Gs06Nov49,,IN001149C011,800738,IIFL_SCRIPMASTER
GS06NOV50,BSE,800742.BO,Gs06Nov50,GS06NOV50|Gs06Nov50,,IN001150C019,800742,IIFL_SCRIPMASTER
GS06NOV51,BSE,800746.BO,Gs06Nov51,GS06NOV51|Gs06Nov51,,IN001151C017,800746,IIFL_SCRIPMASTER
GS06NOV52,BSE,800753.BO,Gs06Nov52,GS06NOV52|Gs06Nov52,,IN001152C015,800753,IIFL_SCRIPMASTER
GS06NOV53,BSE,800757.BO,Gs06Nov53,GS06NOV53|Gs06Nov53,,IN001153C013,800757,IIFL_SCRIPMASTER
GS06NOV54,BSE,800761.BO,Gs06Nov54,GS06NOV54|Gs06Nov54,,IN001154C011,800761,IIFL_SCRIPMASTER
GS06NOV55,BSE,800765.BO,Gs06Nov55,GS06NOV55|Gs06Nov55,,IN001155C018,800765,IIFL_SCRIPMASTER
GS06NOV56,BSE,800769.BO,Gs06Nov56,GS06NOV56|Gs06Nov56,,IN001156C016,800769,IIFL_SCRIPMASTER
GS06NOV57,BSE,800772.BO,Gs06Nov57,GS06NOV57|Gs06Nov57,,IN001157C014,800772,IIFL_SCRIPMASTER
GS06NOV58,BSE,800775.BO,Gs06Nov58,GS06NOV58|Gs06Nov58,,IN001158C012,800775,IIFL_SCRIPMASTER
GS06NOV59,BSE,800780.BO,Gs06Nov59,GS06NOV59|Gs06Nov59,,IN001159C010,800780,IIFL_SCRIPMASTER
GS06NOV60,BSE,800755.BO,Gs06Nov60,GS06NOV60|Gs06Nov60,,IN001160C018,800755,IIFL_SCRIPMASTER
GS06NOV61,BSE,800760.BO,Gs06Nov61,GS06NOV61|Gs06Nov61,,IN001161C016,800760,IIFL_SCRIPMASTER
GS06NOV62,BSE,800767.BO,Gs06Nov62,GS06NOV62|Gs06Nov62,,IN001162C014,800767,IIFL_SCRIPMASTER
GS06NOV63,BSE,800773.BO,Gs06Nov63,GS06NOV63|Gs06Nov63,,IN001163C012,800773,IIFL_SCRIPMASTER
GS06NOV64,BSE,800779.BO,Gs06Nov64,GS06NOV64|Gs06Nov64,,IN001164C010,800779,IIFL_SCRIPMASTER
GS06NOV65,BSE,800782.BO,Gs06Nov65,GS06NOV65|Gs06Nov65,,IN001165C017,800782,IIFL_SCRIPMASTER
GS06NOV66,BSE,800785.BO,Gs06Nov66,GS06NOV66|Gs06Nov66,,IN001166C015,800785,IIFL_SCRIPMASTER
GS06NOV67,BSE,800787.BO,Gs06Nov67,GS06NOV67|Gs06Nov67,,IN001167C013,800787,IIFL_SCRIPMASTER
GS06NOV68,BSE,800789.BO,Gs06Nov68,GS06NOV68|Gs06Nov68,,IN001168C011,800789,IIFL_SCRIPMASTER
GS06NOV69,BSE,800791.BO,Gs06Nov69,GS06NOV69|Gs06Nov69,,IN001169C019,800791,IIFL_SCRIPMASTER
GS06NOV70,BSE,800793.BO,Gs06Nov70,GS06NOV70|Gs06Nov70,,IN001170C017,800793,IIFL_SCRIPMASTER
GS06NOV71,BSE,800783.BO,Gs06Nov71,GS06NOV71|Gs06Nov71,,IN001171C015,800783,IIFL_SCRIPMASTER
GS06NOV72,BSE,800768.BO,Gs06Nov72,GS06NOV72|Gs06Nov72,,IN001172C013,800768,IIFL_SCRIPMASTER
GS06NOV73,BSE,800758.BO,Gs06Nov73,GS06NOV73|Gs06Nov73,,IN001173C011,800758,IIFL_SCRIPMASTER
GS09JUL26,BSE,800795.BO,Gs09Jul26,GS09JUL26|Gs09Jul26,,IN000726C025,800795,IIFL_SCRIPMASTER
GS12DC2032C,BSE,800582.BO,Gs12Dc2032C,GS12DC2032C|Gs12Dc2032C,,IN001232C049,800582,IIFL_SCRIPMASTER
GS12DEC2030,BSE,800585.BO,Gs12Dec2030,GS12DEC2030|Gs12Dec2030,,IN001230C043,800585,IIFL_SCRIPMASTER
GS12DEC2034,BSE,800606.BO,Gs12Dec2034C,GS12DEC2034|Gs12Dec2034C,,IN001234C045,800606,IIFL_SCRIPMASTER
GS12DEC2040,BSE,800593.BO,Gs12Dec2040,GS12DEC2040|Gs12Dec2040,,IN001240C034,800593,IIFL_SCRIPMASTER
GS12DEC2041,BSE,800595.BO,Gs12Dec2041,GS12DEC2041|Gs12Dec2041,,IN001241C032,800595,IIFL_SCRIPMASTER
GS12DEC27C,BSE,800362.BO,Gs12Dec27C,GS12DEC27C|Gs12Dec27C,,IN001227C049,800362,IIFL_SCRIPMASTER
GS12DEC28C,BSE,800366.BO,Gs12Dec28C,GS12DEC28C|Gs12Dec28C,,IN001228C047,800366,IIFL_SCRIPMASTER
GS12DEC33,BSE,800610.BO,Gs12Dec33,GS12DEC33|Gs12Dec33,,IN001233C047,800610,IIFL_SCRIPMASTER
GS12DEC36,BSE,800804.BO,Gs12Dec36,GS12DEC36|Gs12Dec36,,IN001236C032,800804,IIFL_SCRIPMASTER
GS12DEC42,BSE,800666.BO,Gs12Dec42,GS12DEC42|Gs12Dec42,,IN001242C071,800666,IIFL_SCRIPMASTER
GS12DEC43,BSE,800670.BO,Gs12Dec43,GS12DEC43|Gs12Dec43,,IN001243C061,800670,IIFL_SCRIPMASTER
GS12DEC44,BSE,800673.BO,Gs12Dec44,GS12DEC44|Gs12Dec44,,IN001244C051,800673,IIFL_SCRIPMASTER
GS12DEC45,BSE,800705.BO,Gs12Dec45,GS12DEC45|Gs12Dec45,,IN001245C041,800705,IIFL_SCRIPMASTER
GS12DEC47,BSE,800716.BO,Gs12Dec47,GS12DEC47|Gs12Dec47,,IN001247C047,800716,IIFL_SCRIPMASTER
GS12DEC48,BSE,800711.BO,Gs12Dec48,GS12DEC48|Gs12Dec48,,IN001248C045,800711,IIFL_SCRIPMASTER
GS12DEC49F,BSE,800723.BO,Gs12Dec49F,GS12DEC49F|Gs12Dec49F,,IN001249C043,800723,IIFL_SCRIPMASTER
GS12JUN2040,BSE,800592.BO,Gs12Jun2040,GS12JUN2040|Gs12Jun2040,,IN000640C036,800592,IIFL_SCRIPMASTER
GS12JUN2041,BSE,800594.BO,Gs12Jun2041,GS12JUN2041|Gs12Jun2041,,IN000641C034,800594,IIFL_SCRIPMASTER
GS12JUN27C,BSE,800360.BO,Gs12Jun27C,GS12JUN27C|Gs12Jun27C,,IN000627C041,800360,IIFL_SCRIPMASTER
GS12JUN28C,BSE,800364.BO,Gs12Jun28C,GS12JUN28C|Gs12Jun28C,,IN000628C049,800364,IIFL_SCRIPMASTER
GS12JUN32C,BSE,800615.BO,Gs12Jun32C,GS12JUN32C|Gs12Jun32C,,IN000632C041,800615,IIFL_SCRIPMASTER
GS12JUN33,BSE,800609.BO,Gs12Jun33,GS12JUN33|Gs12Jun33,,IN000633C049,800609,IIFL_SCRIPMASTER
GS12JUN34,BSE,800611.BO,Gs12Jun34,GS12JUN34|Gs12Jun34,,IN000634C047,800611,IIFL_SCRIPMASTER
GS12JUN42,BSE,800664.BO,Gs12Jun42,GS12JUN42|Gs12Jun42,,IN000642C073,800664,IIFL_SCRIPMASTER
GS12JUN43,BSE,800668.BO,Gs12Jun43,GS12JUN43|Gs12Jun43,,IN000643C063,800668,IIFL_SCRIPMASTER
GS12JUN44,BSE,800671.BO,Gs12Jun44,GS12JUN44|Gs12Jun44,,IN000644C053,800671,IIFL_SCRIPMASTER
GS12JUN45,BSE,800704.BO,Gs12Jun45,GS12JUN45|Gs12Jun45,,IN000645C043,800704,IIFL_SCRIPMASTER
GS12JUN46,BSE,800708.BO,Gs12Jun46,GS12JUN46|Gs12Jun46,,IN000646C041,800708,IIFL_SCRIPMASTER
GS12JUN47,BSE,800709.BO,Gs12Jun47,GS12JUN47|Gs12Jun47,,IN000647C049,800709,IIFL_SCRIPMASTER
GS12JUN48D,BSE,800721.BO,Gs12Jun48D,GS12JUN48D|Gs12Jun48D,,IN000648C047,800721,IIFL_SCRIPMASTER
GS12JUN49,BSE,800718.BO,Gs12Jun49,GS12JUN49|Gs12Jun49,,IN000649C045,800718,IIFL_SCRIPMASTER
GS12MAR28C,BSE,800813.BO,Gs12Mar28C,GS12MAR28C|Gs12Mar28C,,IN000328C053,800813,IIFL_SCRIPMASTER
GS12MAR40,BSE,800803.BO,Gs12Mar40,GS12MAR40|Gs12Mar40,,IN000340C041,800803,IIFL_SCRIPMASTER
GS12SEP2041,BSE,800600.BO,Gs12Sep2041,GS12SEP2041|Gs12Sep2041,,IN000941C046,800600,IIFL_SCRIPMASTER
GS12SEP27,BSE,800706.BO,Gs12Sep27,GS12SEP27|Gs12Sep27,,IN000927C052,800706,IIFL_SCRIPMASTER
GS15APR27C,BSE,800651.BO,Gs15Apr27C,GS15APR27C|Gs15Apr27C,,IN000427C046,800651,IIFL_SCRIPMASTER
GS15APR28C,BSE,800653.BO,Gs15Apr28C,GS15APR28C|Gs15Apr28C,,IN000428C044,800653,IIFL_SCRIPMASTER
GS15APR29C,BSE,800633.BO,Gs15Apr29C,GS15APR29C|Gs15Apr29C,,IN000429C042,800633,IIFL_SCRIPMASTER
GS15APR30C,BSE,800635.BO,Gs15Apr30C,GS15APR30C|Gs15Apr30C,,IN000430C040,800635,IIFL_SCRIPMASTER
GS15APR31C,BSE,800637.BO,Gs15Apr31C,GS15APR31C|Gs15Apr31C,,IN000431C048,800637,IIFL_SCRIPMASTER
GS15APR32C,BSE,800639.BO,Gs15Apr32C,GS15APR32C|Gs15Apr32C,,IN000432C046,800639,IIFL_SCRIPMASTER
GS15APR33C,BSE,800641.BO,Gs15Apr33C,GS15APR33C|Gs15Apr33C,,IN000433C044,800641,IIFL_SCRIPMASTER
GS15APR34C,BSE,800622.BO,Gs15Apr34C,GS15APR34C|Gs15Apr34C,,IN000434C042,800622,IIFL_SCRIPMASTER
GS15APR35C,BSE,800624.BO,Gs15Apr35C,GS15APR35C|Gs15Apr35C,,IN000435C049,800624,IIFL_SCRIPMASTER
GS15APR36C,BSE,800626.BO,Gs15Apr36C,GS15APR36C|Gs15Apr36C,,IN000436C047,800626,IIFL_SCRIPMASTER
GS15APR37C,BSE,800628.BO,Gs15Apr37C,GS15APR37C|Gs15Apr37C,,IN000437C045,800628,IIFL_SCRIPMASTER
GS15APR38C,BSE,800630.BO,Gs15Apr38C,GS15APR38C|Gs15Apr38C,,IN000438C043,800630,IIFL_SCRIPMASTER
GS15APR39C,BSE,800632.BO,Gs15Apr39C,GS15APR39C|Gs15Apr39C,,IN000439C041,800632,IIFL_SCRIPMASTER
GS15DEC2034,BSE,800456.BO,Gs15Dec2034,GS15DEC2034|Gs15Dec2034,,IN001234C052,800456,IIFL_SCRIPMASTER
GS151226C,BSE,800358.BO,Gs15Dec26C,GS151226C|Gs15Dec26C,,IN001226C058,800358,IIFL_SCRIPMASTER
GS15DEC27C,BSE,800407.BO,Gs15Dec27C,GS15DEC27C|Gs15Dec27C,,IN001227C056,800407,IIFL_SCRIPMASTER
GS15DEC28C,BSE,800421.BO,Gs15Dec28C,GS15DEC28C|Gs15Dec28C,,IN001228C054,800421,IIFL_SCRIPMASTER
GS15DEC29C,BSE,800387.BO,Gs15Dec29C,GS15DEC29C|Gs15Dec29C,,IN001229C052,800387,IIFL_SCRIPMASTER
GS15DEC30C,BSE,800392.BO,Gs15Dec30C,GS15DEC30C|Gs15Dec30C,,IN001230C050,800392,IIFL_SCRIPMASTER
GS15DEC31C,BSE,800401.BO,Gs15Dec31C,GS15DEC31C|Gs15Dec31C,,IN001231C058,800401,IIFL_SCRIPMASTER
GS15DEC32C,BSE,800412.BO,Gs15Dec32C,GS15DEC32C|Gs15Dec32C,,IN001232C056,800412,IIFL_SCRIPMASTER
GS15DEC39C,BSE,800423.BO,Gs15Dec39C,GS15DEC39C|Gs15Dec39C,,IN001239C044,800423,IIFL_SCRIPMASTER
GS15JUN2034,BSE,800455.BO,Gs15Jun2034,GS15JUN2034|Gs15Jun2034,,IN000634C054,800455,IIFL_SCRIPMASTER
GS15JUN2035,BSE,800457.BO,Gs15Jun2035,GS15JUN2035|Gs15Jun2035,,IN000635C051,800457,IIFL_SCRIPMASTER
GS150626C,BSE,800355.BO,Gs15Jun26C,GS150626C|Gs15Jun26C,,IN000626C050,800355,IIFL_SCRIPMASTER
GS15JUN27C,BSE,800400.BO,Gs15Jun27C,GS15JUN27C|Gs15Jun27C,,IN000627C058,800400,IIFL_SCRIPMASTER
GS15JUN28C,BSE,800413.BO,Gs15Jun28C,GS15JUN28C|Gs15Jun28C,,IN000628C056,800413,IIFL_SCRIPMASTER
GS15JUN29C,BSE,800428.BO,Gs15Jun29C,GS15JUN29C|Gs15Jun29C,,IN000629C054,800428,IIFL_SCRIPMASTER
GS15JUN30C,BSE,800389.BO,Gs15Jun30C,GS15JUN30C|Gs15Jun30C,,IN000630C052,800389,IIFL_SCRIPMASTER
GS15JUN31C,BSE,800396.BO,Gs15Jun31C,GS15JUN31C|Gs15Jun31C,,IN000631C050,800396,IIFL_SCRIPMASTER
GS15JUN32C,BSE,800406.BO,Gs15Jun32C,GS15JUN32C|Gs15Jun32C,,IN000632C058,800406,IIFL_SCRIPMASTER
GS15JUN39C,BSE,800418.BO,Gs15Jun39C,GS15JUN39C|Gs15Jun39C,,IN000639C046,800418,IIFL_SCRIPMASTER
GS15MAR34C,BSE,800660.BO,Gs15Mar34C,GS15MAR34C|Gs15Mar34C,,IN000334C028,800660,IIFL_SCRIPMASTER
GS15OCT26C,BSE,800650.BO,Gs15Oct26C,GS15OCT26C|Gs15Oct26C,,IN001026C045,800650,IIFL_SCRIPMASTER
GS15OCT27C,BSE,800652.BO,Gs15Oct27C,GS15OCT27C|Gs15Oct27C,,IN001027C043,800652,IIFL_SCRIPMASTER
GS15OCT28C,BSE,800654.BO,Gs15Oct28C,GS15OCT28C|Gs15Oct28C,,IN001028C041,800654,IIFL_SCRIPMASTER
GS15OCT29C,BSE,800634.BO,Gs15Oct29C,GS15OCT29C|Gs15Oct29C,,IN001029C049,800634,IIFL_SCRIPMASTER
GS15OCT30C,BSE,800636.BO,Gs15Oct30C,GS15OCT30C|Gs15Oct30C,,IN001030C047,800636,IIFL_SCRIPMASTER
GS15OCT31C,BSE,800638.BO,Gs15Oct31C,GS15OCT31C|Gs15Oct31C,,IN001031C045,800638,IIFL_SCRIPMASTER
GS15OCT32C,BSE,800640.BO,Gs15Oct32C,GS15OCT32C|Gs15Oct32C,,IN001032C043,800640,IIFL_SCRIPMASTER
GS15OCT33C,BSE,800642.BO,Gs15Oct33C,GS15OCT33C|Gs15Oct33C,,IN001033C041,800642,IIFL_SCRIPMASTER
GS15OCT34C,BSE,800623.BO,Gs15Oct34C,GS15OCT34C|Gs15Oct34C,,IN001034C049,800623,IIFL_SCRIPMASTER
GS15OCT35C,BSE,800625.BO,Gs15Oct35C,GS15OCT35C|Gs15Oct35C,,IN001035C046,800625,IIFL_SCRIPMASTER
GS15OCT36C,BSE,800627.BO,Gs15Oct36C,GS15OCT36C|Gs15Oct36C,,IN001036C044,800627,IIFL_SCRIPMASTER
GS15OCT37C,BSE,800629.BO,Gs15Oct37C,GS15OCT37C|Gs15Oct37C,,IN001037C042,800629,IIFL_SCRIPMASTER
GS15OCT38C,BSE,800631.BO,Gs15Oct38C,GS15OCT38C|Gs15Oct38C,,IN001038C040,800631,IIFL_SCRIPMASTER
GS16DEC2026,BSE,800449.BO,Gs16Dec2026C,GS16DEC2026|Gs16Dec2026C,,IN001226C074,800449,IIFL_SCRIPMASTER
GS16DEC2027,BSE,800451.BO,Gs16Dec2027C,GS16DEC2027|Gs16Dec2027C,,IN001227C072,800451,IIFL_SCRIPMASTER
GS16DEC2030,BSE,800446.BO,Gs16Dec2030C,GS16DEC2030|Gs16Dec2030C,,IN001230C076,800446,IIFL_SCRIPMASTER
GS16JUN2027,BSE,800450.BO,Gs16Jun2027C,GS16JUN2027|Gs16Jun2027C,,IN000627C074,800450,IIFL_SCRIPMASTER
GS16JUN2029,BSE,800572.BO,Gs16Jun2029,GS16JUN2029|Gs16Jun2029,,IN000629C070,800572,IIFL_SCRIPMASTER
GS17DEC26C,BSE,800377.BO,Gs17Dec26C,GS17DEC26C|Gs17Dec26C,,IN001226C033,800377,IIFL_SCRIPMASTER
GS17DEC27C,BSE,800409.BO,Gs17Dec27C,GS17DEC27C|Gs17Dec27C,,IN001227C031,800409,IIFL_SCRIPMASTER
GS17DEC28C,BSE,800424.BO,Gs17Dec28C,GS17DEC28C|Gs17Dec28C,,IN001228C039,800424,IIFL_SCRIPMASTER
GS17DEC29C,BSE,800388.BO,Gs17Dec29C,GS17DEC29C|Gs17Dec29C,,IN001229C037,800388,IIFL_SCRIPMASTER
GS17DEC30C,BSE,800393.BO,Gs17Dec30C,GS17DEC30C|Gs17Dec30C,,IN001230C035,800393,IIFL_SCRIPMASTER
GS17DEC31C,BSE,800403.BO,Gs17Dec31C,GS17DEC31C|Gs17Dec31C,,IN001231C033,800403,IIFL_SCRIPMASTER
GS17DEC32C,BSE,800414.BO,Gs17Dec32C,GS17DEC32C|Gs17Dec32C,,IN001232C031,800414,IIFL_SCRIPMASTER
GS17DEC34C,BSE,800665.BO,Gs17Dec34C,GS17DEC34C|Gs17Dec34C,,IN001234C037,800665,IIFL_SCRIPMASTER
GS17DEC35,BSE,800662.BO,Gs17Dec35,GS17DEC35|Gs17Dec35,,IN001235C034,800662,IIFL_SCRIPMASTER
GS17JUN26C,BSE,800376.BO,Gs17Jun26C,GS17JUN26C|Gs17Jun26C,,IN000626C035,800376,IIFL_SCRIPMASTER
GS17JUN27C,BSE,800402.BO,Gs17Jun27C,GS17JUN27C|Gs17Jun27C,,IN000627C033,800402,IIFL_SCRIPMASTER
GS17JUN28C,BSE,800416.BO,Gs17Jun28C,GS17JUN28C|Gs17Jun28C,,IN000628C031,800416,IIFL_SCRIPMASTER
GS17JUN29C,BSE,800429.BO,Gs17Jun29C,GS17JUN29C|Gs17Jun29C,,IN000629C039,800429,IIFL_SCRIPMASTER
GS17JUN30C,BSE,800391.BO,Gs17Jun30C,GS17JUN30C|Gs17Jun30C,,IN000630C037,800391,IIFL_SCRIPMASTER
GS17JUN31C,BSE,800398.BO,Gs17Jun31C,GS17JUN31C|Gs17Jun31C,,IN000631C035,800398,IIFL_SCRIPMASTER
GS17JUN32C,BSE,800408.BO,Gs17Jun32C,GS17JUN32C|Gs17Jun32C,,IN000632C033,800408,IIFL_SCRIPMASTER
GS17JUN34C,BSE,800661.BO,Gs17Jun34C,GS17JUN34C|Gs17Jun34C,,IN000634C039,800661,IIFL_SCRIPMASTER
GS17JUN35,BSE,800657.BO,Gs17Jun35,GS17JUN35|Gs17Jun35,,IN000635C036,800657,IIFL_SCRIPMASTER
GS17JUN39C,BSE,800420.BO,Gs17Jun39C,GS17JUN39C|Gs17Jun39C,,IN000639C020,800420,IIFL_SCRIPMASTER
GS17JUN40C,BSE,800425.BO,Gs17Jun40C,GS17JUN40C|Gs17Jun40C,,IN000640C028,800425,IIFL_SCRIPMASTER
GS19DEC2030,BSE,800586.BO,Gs19Dec2030,GS19DEC2030|Gs19Dec2030,,IN001230C092,800586,IIFL_SCRIPMASTER
GS19JUN2031,BSE,800587.BO,Gs19Jun2031,GS19JUN2031|Gs19Jun2031,,IN000631C092,800587,IIFL_SCRIPMASTER
GS19MAR2027,BSE,800497.BO,Gs19Mar2027,GS19MAR2027|Gs19Mar2027,,IN000327C048,800497,IIFL_SCRIPMASTER
GS19MAR2028,BSE,800499.BO,Gs19Mar2028,GS19MAR2028|Gs19Mar2028,,IN000328C046,800499,IIFL_SCRIPMASTER
GS19MAR2029,BSE,800501.BO,Gs19Mar2029,GS19MAR2029|Gs19Mar2029,,IN000329C044,800501,IIFL_SCRIPMASTER
GS19MAR2030,BSE,800503.BO,Gs19Mar2030,GS19MAR2030|Gs19Mar2030,,IN000330C042,800503,IIFL_SCRIPMASTER
GS19MAR2031,BSE,800505.BO,Gs19Mar2031,GS19MAR2031|Gs19Mar2031,,IN000331C040,800505,IIFL_SCRIPMASTER
GS19MAR2032,BSE,800509.BO,Gs19Mar2032,GS19MAR2032|Gs19Mar2032,,IN000332C048,800509,IIFL_SCRIPMASTER
GS19MAR2033,BSE,800511.BO,Gs19Mar2033,GS19MAR2033|Gs19Mar2033,,IN000333C046,800511,IIFL_SCRIPMASTER
GS19MAR2035,BSE,800512.BO,Gs19Mar2035,GS19MAR2035|Gs19Mar2035,,IN000335C041,800512,IIFL_SCRIPMASTER
GS19MAR2036,BSE,800515.BO,Gs19Mar2036,GS19MAR2036|Gs19Mar2036,,IN000336C031,800515,IIFL_SCRIPMASTER
GS19MAR2037,BSE,800523.BO,Gs19Mar2037,GS19MAR2037|Gs19Mar2037,,IN000337C039,800523,IIFL_SCRIPMASTER
GS19MAR2038,BSE,800521.BO,Gs19Mar2038,GS19MAR2038|Gs19Mar2038,,IN000338C037,800521,IIFL_SCRIPMASTER
GS19MAR2039,BSE,800524.BO,Gs19Mar2039,GS19MAR2039|Gs19Mar2039,,IN000339C035,800524,IIFL_SCRIPMASTER
GS19MAR2040,BSE,800522.BO,Gs19Mar2040,GS19MAR2040|Gs19Mar2040,,IN000340C033,800522,IIFL_SCRIPMASTER
GS19MAR2041,BSE,800525.BO,Gs19Mar2041,GS19MAR2041|Gs19Mar2041,,IN000341C031,800525,IIFL_SCRIPMASTER
GS19MAR2042,BSE,800535.BO,Gs19Mar2042,GS19MAR2042|Gs19Mar2042,,IN000342C039,800535,IIFL_SCRIPMASTER
GS19MAR2043,BSE,800526.BO,Gs19Mar2043,GS19MAR2043|Gs19Mar2043,,IN000343C037,800526,IIFL_SCRIPMASTER
GS19MAR2044,BSE,800538.BO,Gs19Mar2044,GS19MAR2044|Gs19Mar2044,,IN000344C035,800538,IIFL_SCRIPMASTER
GS19MAR2045,BSE,800527.BO,Gs19Mar2045,GS19MAR2045|Gs19Mar2045,,IN000345C032,800527,IIFL_SCRIPMASTER
GS19MAR2046,BSE,800541.BO,Gs19Mar2046,GS19MAR2046|Gs19Mar2046,,IN000346C030,800541,IIFL_SCRIPMASTER
GS19MAR2047,BSE,800528.BO,Gs19Mar2047,GS19MAR2047|Gs19Mar2047,,IN000347C038,800528,IIFL_SCRIPMASTER
GS19MAR2048,BSE,800543.BO,Gs19Mar2048,GS19MAR2048|Gs19Mar2048,,IN000348C036,800543,IIFL_SCRIPMASTER
GS19MAR2049,BSE,800529.BO,Gs19Mar2049,GS19MAR2049|Gs19Mar2049,,IN000349C034,800529,IIFL_SCRIPMASTER
GS19MAR2050,BSE,800544.BO,Gs19Mar2050,GS19MAR2050|Gs19Mar2050,,IN000350C032,800544,IIFL_SCRIPMASTER
GS19MAR2051,BSE,800530.BO,Gs19Mar2051,GS19MAR2051|Gs19Mar2051,,IN000351C022,800530,IIFL_SCRIPMASTER
GS19MAR2052,BSE,800547.BO,Gs19Mar2052,GS19MAR2052|Gs19Mar2052,,IN000352C020,800547,IIFL_SCRIPMASTER
GS19MAR2053,BSE,800531.BO,Gs19Mar2053,GS19MAR2053|Gs19Mar2053,,IN000353C028,800531,IIFL_SCRIPMASTER
GS19MAR2054,BSE,800550.BO,Gs19Mar2054,GS19MAR2054|Gs19Mar2054,,IN000354C026,800550,IIFL_SCRIPMASTER
GS19MAR2055,BSE,800533.BO,Gs19Mar2055,GS19MAR2055|Gs19Mar2055,,IN000355C023,800533,IIFL_SCRIPMASTER
GS19MAR2056,BSE,800555.BO,Gs19Mar2056,GS19MAR2056|Gs19Mar2056,,IN000356C021,800555,IIFL_SCRIPMASTER
GS19MAR2057,BSE,800534.BO,Gs19Mar2057,GS19MAR2057|Gs19Mar2057,,IN000357C029,800534,IIFL_SCRIPMASTER
GS19MAR2058,BSE,800558.BO,Gs19Mar2058,GS19MAR2058|Gs19Mar2058,,IN000358C027,800558,IIFL_SCRIPMASTER
GS19MAR2059,BSE,800553.BO,Gs19Mar2059,GS19MAR2059|Gs19Mar2059,,IN000359C025,800553,IIFL_SCRIPMASTER
GS19MAR2060,BSE,800570.BO,Gs19Mar2060,GS19MAR2060|Gs19Mar2060,,IN000360C023,800570,IIFL_SCRIPMASTER
GS19MAR2061,BSE,800556.BO,Gs19Mar2061,GS19MAR2061|Gs19Mar2061,,IN000361C013,800556,IIFL_SCRIPMASTER
GS19MAR2062,BSE,800571.BO,Gs19Mar2062,GS19MAR2062|Gs19Mar2062,,IN000362C011,800571,IIFL_SCRIPMASTER
GS19SEP2026,BSE,800496.BO,Gs19Sep2026,GS19SEP2026|Gs19Sep2026,,IN000926C047,800496,IIFL_SCRIPMASTER
GS19SEP2027,BSE,800498.BO,Gs19Sep2027,GS19SEP2027|Gs19Sep2027,,IN000927C045,800498,IIFL_SCRIPMASTER
GS19SEP2028,BSE,800500.BO,Gs19Sep2028,GS19SEP2028|Gs19Sep2028,,IN000928C043,800500,IIFL_SCRIPMASTER
GS19SEP2029,BSE,800502.BO,Gs19Sep2029,GS19SEP2029|Gs19Sep2029,,IN000929C041,800502,IIFL_SCRIPMASTER
GS19SEP2030,BSE,800504.BO,Gs19Sep2030,GS19SEP2030|Gs19Sep2030,,IN000930C049,800504,IIFL_SCRIPMASTER
GS19SEP2031,BSE,800506.BO,Gs19Sep2031,GS19SEP2031|Gs19Sep2031,,IN000931C047,800506,IIFL_SCRIPMASTER
GS19SEP2032,BSE,800510.BO,Gs19Sep2032,GS19SEP2032|Gs19Sep2032,,IN000932C045,800510,IIFL_SCRIPMASTER
GS19SEP2033,BSE,800513.BO,Gs19Sep2033,GS19SEP2033|Gs19Sep2033,,IN000933C043,800513,IIFL_SCRIPMASTER
GS19SEP2034,BSE,800508.BO,Gs19Sep2034,GS19SEP2034|Gs19Sep2034,,IN000934C041,800508,IIFL_SCRIPMASTER
GS19SEP2035,BSE,800514.BO,Gs19Sep2035,GS19SEP2035|Gs19Sep2035,,IN000935C048,800514,IIFL_SCRIPMASTER
GS19SEP2036,BSE,800516.BO,Gs19Sep2036,GS19SEP2036|Gs19Sep2036,,IN000936C038,800516,IIFL_SCRIPMASTER
GS19SEP2037,BSE,800554.BO,Gs19Sep2037,GS19SEP2037|Gs19Sep2037,,IN000937C036,800554,IIFL_SCRIPMASTER
GS19SEP2038,BSE,800532.BO,Gs19Sep2038C,GS19SEP2038|Gs19Sep2038C,,IN000938C034,800532,IIFL_SCRIPMASTER
GS19SEP2039,BSE,800557.BO,Gs19Sep2039,GS19SEP2039|Gs19Sep2039,,IN000939C032,800557,IIFL_SCRIPMASTER
GS19SEP2040,BSE,800539.BO,Gs19Sep2040,GS19SEP2040|Gs19Sep2040,,IN000940C030,800539,IIFL_SCRIPMASTER
GS19SEP2041,BSE,800559.BO,Gs19Sep2041,GS19SEP2041|Gs19Sep2041,,IN000941C038,800559,IIFL_SCRIPMASTER
GS19SEP2042,BSE,800540.BO,Gs19Sep2042,GS19SEP2042|Gs19Sep2042,,IN000942C036,800540,IIFL_SCRIPMASTER
GS19SEP2043,BSE,800562.BO,Gs19Sep2043,GS19SEP2043|Gs19Sep2043,,IN000943C034,800562,IIFL_SCRIPMASTER
GS19SEP2044,BSE,800542.BO,Gs19Sep2044,GS19SEP2044|Gs19Sep2044,,IN000944C032,800542,IIFL_SCRIPMASTER
GS19SEP2045,BSE,800563.BO,Gs19Sep2045,GS19SEP2045|Gs19Sep2045,,IN000945C039,800563,IIFL_SCRIPMASTER
GS19SEP2046,BSE,800545.BO,Gs19Sep2046,GS19SEP2046|Gs19Sep2046,,IN000946C037,800545,IIFL_SCRIPMASTER
GS19SEP2047,BSE,800564.BO,Gs19Sep2047,GS19SEP2047|Gs19Sep2047,,IN000947C035,800564,IIFL_SCRIPMASTER
GS19SEP2048,BSE,800546.BO,Gs19Sep2048,GS19SEP2048|Gs19Sep2048,,IN000948C033,800546,IIFL_SCRIPMASTER
GS19SEP2049,BSE,800565.BO,Gs19Sep2049,GS19SEP2049|Gs19Sep2049,,IN000949C031,800565,IIFL_SCRIPMASTER
GS19SEP2050,BSE,800548.BO,Gs19Sep2050,GS19SEP2050|Gs19Sep2050,,IN000950C039,800548,IIFL_SCRIPMASTER
GS19SEP2051,BSE,800566.BO,Gs19Sep2051,GS19SEP2051|Gs19Sep2051,,IN000951C029,800566,IIFL_SCRIPMASTER
GS19SEP2052,BSE,800549.BO,Gs19Sep2052,GS19SEP2052|Gs19Sep2052,,IN000952C027,800549,IIFL_SCRIPMASTER
GS19SEP2053,BSE,800567.BO,Gs19Sep2053,GS19SEP2053|Gs19Sep2053,,IN000953C025,800567,IIFL_SCRIPMASTER
GS19SEP2054,BSE,800551.BO,Gs19Sep2054,GS19SEP2054|Gs19Sep2054,,IN000954C023,800551,IIFL_SCRIPMASTER
GS19SEP2055,BSE,800568.BO,Gs19Sep2055,GS19SEP2055|Gs19Sep2055,,IN000955C020,800568,IIFL_SCRIPMASTER
GS19SEP2056,BSE,800552.BO,Gs19Sep2056,GS19SEP2056|Gs19Sep2056,,IN000956C028,800552,IIFL_SCRIPMASTER
GS19SEP2057,BSE,800569.BO,Gs19Sep2057,GS19SEP2057|Gs19Sep2057,,IN000957C026,800569,IIFL_SCRIPMASTER
GS19SEP2058,BSE,800517.BO,Gs19Sep2058,GS19SEP2058|Gs19Sep2058,,IN000958C024,800517,IIFL_SCRIPMASTER
GS19SEP2059,BSE,800536.BO,Gs19Sep2059,GS19SEP2059|Gs19Sep2059,,IN000959C022,800536,IIFL_SCRIPMASTER
GS19SEP2060,BSE,800560.BO,Gs19Sep2060,GS19SEP2060|Gs19Sep2060,,IN000960C020,800560,IIFL_SCRIPMASTER
GS19SEP2061,BSE,800537.BO,Gs19Sep2061,GS19SEP2061|Gs19Sep2061,,IN000961C010,800537,IIFL_SCRIPMASTER
GS19SEP2062,BSE,800561.BO,Gs19Sep2062,GS19SEP2062|Gs19Sep2062,,IN000962C018,800561,IIFL_SCRIPMASTER
GS22APR32C,BSE,800644.BO,Gs22Apr32C,GS22APR32C|Gs22Apr32C,,IN000432C038,800644,IIFL_SCRIPMASTER
GS22APR33,BSE,800620.BO,Gs22Apr33,GS22APR33|Gs22Apr33,,IN000433C036,800620,IIFL_SCRIPMASTER
GS22APR34,BSE,800703.BO,Gs22Apr34,GS22APR34|Gs22Apr34,,IN000434C034,800703,IIFL_SCRIPMASTER
GS22APR35C,BSE,800674.BO,Gs22Apr35C,GS22APR35C|Gs22Apr35C,,IN000435C031,800674,IIFL_SCRIPMASTER
GS22APR36C,BSE,800679.BO,Gs22Apr36C,GS22APR36C|Gs22Apr36C,,IN000436C039,800679,IIFL_SCRIPMASTER
GS22APR37,BSE,800700.BO,Gs22Apr37,GS22APR37|Gs22Apr37,,IN000437C037,800700,IIFL_SCRIPMASTER
GS22APR38,BSE,800698.BO,Gs22Apr38,GS22APR38|Gs22Apr38,,IN000438C035,800698,IIFL_SCRIPMASTER
GS22APR39,BSE,800702.BO,Gs22Apr39,GS22APR39|Gs22Apr39,,IN000439C033,800702,IIFL_SCRIPMASTER
GS22APR40,BSE,800695.BO,Gs22Apr40,GS22APR40|Gs22Apr40,,IN000440C031,800695,IIFL_SCRIPMASTER
GS22APR41,BSE,800693.BO,Gs22Apr41,GS22APR41|Gs22Apr41,,IN000441C039,800693,IIFL_SCRIPMASTER
GS22APR42,BSE,800691.BO,Gs22Apr42,GS22APR42|Gs22Apr42,,IN000442C037,800691,IIFL_SCRIPMASTER
GS22APR43,BSE,800689.BO,Gs22Apr43,GS22APR43|Gs22Apr43,,IN000443C035,800689,IIFL_SCRIPMASTER
GS22APR44,BSE,800687.BO,Gs22Apr44,GS22APR44|Gs22Apr44,,IN000444C033,800687,IIFL_SCRIPMASTER
GS22APR45,BSE,800707.BO,Gs22Apr45,GS22APR45|Gs22Apr45,,IN000445C030,800707,IIFL_SCRIPMASTER
GS22APR46,BSE,800714.BO,Gs22Apr46,GS22APR46|Gs22Apr46,,IN000446C038,800714,IIFL_SCRIPMASTER
GS22APR47,BSE,800715.BO,Gs22Apr47,GS22APR47|Gs22Apr47,,IN000447C028,800715,IIFL_SCRIPMASTER
GS22APR48,BSE,800710.BO,Gs22Apr48,GS22APR48|Gs22Apr48,,IN000448C026,800710,IIFL_SCRIPMASTER
GS22APR49E,BSE,800722.BO,Gs22Apr49E,GS22APR49E|Gs22Apr49E,,IN000449C024,800722,IIFL_SCRIPMASTER
GS22AUG27C,BSE,800404.BO,Gs22Aug27C,GS22AUG27C|Gs22Aug27C,,IN000827C021,800404,IIFL_SCRIPMASTER
GS22AUG28C,BSE,800419.BO,Gs22Aug28C,GS22AUG28C|Gs22Aug28C,,IN000828C029,800419,IIFL_SCRIPMASTER
GS22AUG29C,BSE,800430.BO,Gs22Aug29C,GS22AUG29C|Gs22Aug29C,,IN000829C027,800430,IIFL_SCRIPMASTER
GS220830C,BSE,800378.BO,Gs22Aug30C,GS220830C|Gs22Aug30C,,IN000830C025,800378,IIFL_SCRIPMASTER
GS220831C,BSE,800399.BO,Gs22Aug31C,GS220831C|Gs22Aug31C,,IN000831C023,800399,IIFL_SCRIPMASTER
GS22AUG32C,BSE,800410.BO,Gs22Aug32C,GS22AUG32C|Gs22Aug32C,,IN000832C021,800410,IIFL_SCRIPMASTER
GS22AUG34C,BSE,800663.BO,Gs22Aug34C,GS22AUG34C|Gs22Aug34C,,IN000834C027,800663,IIFL_SCRIPMASTER
GS22AUG35,BSE,800659.BO,Gs22Aug35,GS22AUG35|Gs22Aug35,,IN000835C016,800659,IIFL_SCRIPMASTER
GS220840C,BSE,800383.BO,Gs22Aug40C,GS220840C|Gs22Aug40C,,IN000840C016,800383,IIFL_SCRIPMASTER
GS22FEB27C,BSE,800397.BO,Gs22Feb27C,GS22FEB27C|Gs22Feb27C,,IN000227C024,800397,IIFL_SCRIPMASTER
GS22FEB28C,BSE,800411.BO,Gs22Feb28C,GS22FEB28C|Gs22Feb28C,,IN000228C022,800411,IIFL_SCRIPMASTER
GS22FEB29C,BSE,800427.BO,Gs22Feb29C,GS22FEB29C|Gs22Feb29C,,IN000229C020,800427,IIFL_SCRIPMASTER
GS220230C,BSE,800379.BO,Gs22Feb30C,GS220230C|Gs22Feb30C,,IN000230C028,800379,IIFL_SCRIPMASTER
GS220231C,BSE,800394.BO,Gs22Feb31C,GS220231C|Gs22Feb31C,,IN000231C026,800394,IIFL_SCRIPMASTER
GS22FEB32C,BSE,800405.BO,Gs22Feb32C,GS22FEB32C|Gs22Feb32C,,IN000232C024,800405,IIFL_SCRIPMASTER
GS22FEB34C,BSE,800415.BO,Gs22Feb34C,GS22FEB34C|Gs22Feb34C,,IN000234C020,800415,IIFL_SCRIPMASTER
GS22FEB35C,BSE,800667.BO,Gs22Feb35C,GS22FEB35C|Gs22Feb35C,,IN000235C019,800667,IIFL_SCRIPMASTER
GS22FEB38,BSE,800814.BO,Gs22Feb38,GS22FEB38|Gs22Feb38,,IN000238C013,800814,IIFL_SCRIPMASTER
GS22FEB41C,BSE,800384.BO,Gs22Feb41C,GS22FEB41C|Gs22Feb41C,,IN000241C017,800384,IIFL_SCRIPMASTER
GS22OCT29,BSE,800617.BO,Gs22Oct29,GS22OCT29|Gs22Oct29,,IN001029C031,800617,IIFL_SCRIPMASTER
GS22OCT30,BSE,800616.BO,Gs22Oct30,GS22OCT30|Gs22Oct30,,IN001030C039,800616,IIFL_SCRIPMASTER
GS22OCT31C,BSE,800643.BO,Gs22Oct31C,GS22OCT31C|Gs22Oct31C,,IN001031C037,800643,IIFL_SCRIPMASTER
GS22OCT32,BSE,800619.BO,Gs22Oct32,GS22OCT32|Gs22Oct32,,IN001032C035,800619,IIFL_SCRIPMASTER
GS22OCT33,BSE,800621.BO,Gs22Oct33,GS22OCT33|Gs22Oct33,,IN001033C033,800621,IIFL_SCRIPMASTER
GS22OCT34,BSE,800701.BO,Gs22Oct34,GS22OCT34|Gs22Oct34,,IN001034C031,800701,IIFL_SCRIPMASTER
GS22OCT35C,BSE,800677.BO,Gs22Oct35C,GS22OCT35C|Gs22Oct35C,,IN001035C038,800677,IIFL_SCRIPMASTER
GS22OCT36C,BSE,800681.BO,Gs22Oct36C,GS22OCT36C|Gs22Oct36C,,IN001036C036,800681,IIFL_SCRIPMASTER
GS22OCT37,BSE,800699.BO,Gs22Oct37,GS22OCT37|Gs22Oct37,,IN001037C034,800699,IIFL_SCRIPMASTER
GS22OCT38,BSE,800697.BO,Gs22Oct38,GS22OCT38|Gs22Oct38,,IN001038C032,800697,IIFL_SCRIPMASTER
GS22OCT39,BSE,800696.BO,Gs22Oct39,GS22OCT39|Gs22Oct39,,IN001039C030,800696,IIFL_SCRIPMASTER
GS22OCT40,BSE,800694.BO,Gs22Oct40,GS22OCT40|Gs22Oct40,,IN001040C038,800694,IIFL_SCRIPMASTER
GS22OCT41,BSE,800692.BO,Gs22Oct41,GS22OCT41|Gs22Oct41,,IN001041C036,800692,IIFL_SCRIPMASTER
GS22OCT42,BSE,800690.BO,Gs22Oct42,GS22OCT42|Gs22Oct42,,IN001042C034,800690,IIFL_SCRIPMASTER
GS22OCT43,BSE,800688.BO,Gs22Oct43,GS22OCT43|Gs22Oct43,,IN001043C032,800688,IIFL_SCRIPMASTER
GS22OCT44,BSE,800686.BO,Gs22Oct44,GS22OCT44|Gs22Oct44,,IN001044C030,800686,IIFL_SCRIPMASTER
GS22OCT45,BSE,800713.BO,Gs22Oct45,GS22OCT45|Gs22Oct45,,IN001045C037,800713,IIFL_SCRIPMASTER
GS22OCT46B,BSE,800719.BO,Gs22Oct46B,GS22OCT46B|Gs22Oct46B,,IN001046C035,800719,IIFL_SCRIPMASTER
GS22OCT47C,BSE,800720.BO,Gs22Oct47C,GS22OCT47C|Gs22Oct47C,,IN001047C025,800720,IIFL_SCRIPMASTER
GS22OCT48,BSE,800717.BO,Gs22Oct48,GS22OCT48|Gs22Oct48,,IN001048C023,800717,IIFL_SCRIPMASTER
GS22OCT49,BSE,800712.BO,Gs22Oct49,GS22OCT49|Gs22Oct49,,IN001049C021,800712,IIFL_SCRIPMASTER
GS22SEP33,BSE,800797.BO,Gs22Sep33,GS22SEP33|Gs22Sep33,,IN0020200120,800797,IIFL_SCRIPMASTER
GS23JUN26C,BSE,800356.BO,Gs23Jun26C,GS23JUN26C|Gs23Jun26C,,IN000626C068,800356,IIFL_SCRIPMASTER
GS25MAY38,BSE,800810.BO,Gs25May38,GS25MAY38|Gs25May38,,IN000538C024,800810,IIFL_SCRIPMASTER
GS25MAY40,BSE,800799.BO,Gs25May40,GS25MAY40|Gs25May40,,IN000540C020,800799,IIFL_SCRIPMASTER
GS25MAY41,BSE,800802.BO,Gs25May41,GS25MAY41|Gs25May41,,IN000541C028,800802,IIFL_SCRIPMASTER
GS25NOV38,BSE,800811.BO,Gs25Nov38,GS25NOV38|Gs25Nov38,,IN001138C022,800811,IIFL_SCRIPMASTER
GS25NOV39,BSE,800798.BO,Gs25Nov39,GS25NOV39|Gs25Nov39,,IN001139C020,800798,IIFL_SCRIPMASTER
GS25NOV40,BSE,800800.BO,Gs25Nov40,GS25NOV40|Gs25Nov40,,IN001140C028,800800,IIFL_SCRIPMASTER
GS25NOV42,BSE,800801.BO,Gs25Nov42,GS25NOV42|Gs25Nov42,,IN001142C024,800801,IIFL_SCRIPMASTER
GS25NOV44,BSE,800806.BO,Gs25Nov44,GS25NOV44|Gs25Nov44,,IN001144C020,800806,IIFL_SCRIPMASTER
GSBFIN,BSE,511543.BO,Gsb Finance,GSBFIN|Gsb Finance|Gsb Finance Limited,,INE777C01011,511543,IIFL_SCRIPMASTER
GSEC190962,BSE,800577.BO,Gsec190962,GSEC190962|Gsec190962,,IN000962P010,800577,IIFL_SCRIPMASTER
GSM-RE,BSE,213728.BO,Gsm Foils,GSM-RE|Gsm Foils|Gsm Foils Limited,,INE0SQY20018,213728,IIFL_SCRIPMASTER
GSMFOILS,BSE,211624.BO,Gsm Foils,GSMFOILS|Gsm Foils|Gsm Foils Limited,,INE0SQY01018,211624,IIFL_SCRIPMASTER
GSPCROP,BSE,544733.BO,Gsp Crop Science,GSPCROP|Gsp Crop Science|Gsp Crop Science Limited,,INE713R01022,544733,IIFL_SCRIPMASTER
GTL,BSE,500160.BO,Gtl,GTL|Gtl|Gtl Limited,,INE043A01012,500160,IIFL_SCRIPMASTER
GTLINFRA,BSE,532775.BO,Gtl Infrastructure,GTLINFRA|Gtl Infrastructure|Gtl Infrastructure Limited,,INE221H01019,532775,IIFL_SCRIPMASTER
GTNINDS,BSE,500170.BO,Gtn Industries,GTNINDS|Gtn Industries|Gtn Industries Limited,,INE537A01013,500170,IIFL_SCRIPMASTER
GTNTEX,BSE,532744.BO,Gtn Textiles,GTNTEX|Gtn Textiles|Gtn Textiles Limited,,INE302H01017,532744,IIFL_SCRIPMASTER
GTPL,BSE,540602.BO,Gtpl Hathway,GTPL|Gtpl Hathway|Gtpl Hathway Limited,,INE869I01013,540602,IIFL_SCRIPMASTER
GTTDATA,BSE,530457.BO,Gtt Data Solutions,GTTDATA|Gtt Data Solutions|Gtt Data Solutions Limited,,INE959B01017,530457,IIFL_SCRIPMASTER
GTV,BSE,539479.BO,Gtv Engineering,GTV|Gtv Engineering|Gtv Engineering Limited,,INE910R01024,539479,IIFL_SCRIPMASTER
GUFICBIO,BSE,509079.BO,Gufic Biosciences,GUFICBIO|Gufic Biosciences|Gufic Biosciences Limited,,INE742B01025,509079,IIFL_SCRIPMASTER
GUJALKALI,BSE,530001.BO,Gujarat Alkalies & Chemicals L,GUJALKALI|Gujarat Alkalies & Chemicals L,,INE186A01019,530001,IIFL_SCRIPMASTER
GAEL,BSE,524226.BO,Gujarat Ambuja Exports,GAEL|Gujarat Ambuja Exports|Gujarat Ambuja Exports Limited,,INE036B01030,524226,IIFL_SCRIPMASTER
GUJAPOLLO,BSE,522217.BO,Gujarat Apollo Industries,GUJAPOLLO|Gujarat Apollo Industries|Gujarat Apollo Industries Limited,,INE826C01016,522217,IIFL_SCRIPMASTER
GUJCRAFT,BSE,526965.BO,Gujarat Craft Industries,GUJCRAFT|Gujarat Craft Industries|Gujarat Craft Industries Limited,,INE372D01019,526965,IIFL_SCRIPMASTER
GUJCRED,BSE,511441.BO,Gujarat Credit,GUJCRED|Gujarat Credit|Gujarat Credit Corporation Limited,,INE034B01019,511441,IIFL_SCRIPMASTER
FLUOROCHEM,BSE,542812.BO,Gujarat Fluorochemicals Limite,FLUOROCHEM|Gujarat Fluorochemicals Limite,,INE09N301011,542812,IIFL_SCRIPMASTER
GUJGASLTD,BSE,539336.BO,Gujarat Gas,GUJGASLTD|Gujarat Gas|Gujarat Gas Limited,,INE844O01030,539336,IIFL_SCRIPMASTER
GUJHOTE,BSE,507960.BO,Gujarat Hotels,GUJHOTE|Gujarat Hotels|Gujarat Hotels Limited,,INE621C01011,507960,IIFL_SCRIPMASTER
GUJHYSPIN,BSE,540938.BO,Gujarat Hy-Spin,GUJHYSPIN|Gujarat Hy-Spin|Gujarat Hy-Spin Limited,,INE578V01013,540938,IIFL_SCRIPMASTER
GIPCL,BSE,517300.BO,Gujarat Industries Power Co.Lt,GIPCL|Gujarat Industries Power Co.Lt,,INE162A01010,517300,IIFL_SCRIPMASTER
GUJINTRX,BSE,517372.BO,Gujarat Intrux,GUJINTRX|Gujarat Intrux|Gujarat Intrux Limited,,INE877E01015,517372,IIFL_SCRIPMASTER
GUJINV,BSE,531341.BO,Gujarat Investa,GUJINV|Gujarat Investa|Gujarat Investa Limited,,INE373D01017,531341,IIFL_SCRIPMASTER
GKSL,BSE,544666.BO,Gujarat Kidney and Super Speci,GKSL|Gujarat Kidney and Super Speci,,INE0V0W01025,544666,IIFL_SCRIPMASTER
GMDCLTD,BSE,532181.BO,Gujarat Mineral Development Co,GMDCLTD|Gujarat Mineral Development Co,,INE131A01031,532181,IIFL_SCRIPMASTER
GNFC,BSE,500670.BO,Gujarat Narmada Valley Fertili,GNFC|Gujarat Narmada Valley Fertili,,INE113A01013,500670,IIFL_SCRIPMASTER
GNRL,BSE,513536.BO,Gujarat Natural Resources Limi,GNRL|Gujarat Natural Resources Limi,,INE207H01018,513536,IIFL_SCRIPMASTER
GPAPL,BSE,544548.BO,Gujarat Peanut and Agri Produc,GPAPL|Gujarat Peanut and Agri Produc,,INE0SIK01014,544548,IIFL_SCRIPMASTER
GUJPETR,BSE,506858.BO,Gujarat Petrosynthese,GUJPETR|Gujarat Petrosynthese|Gujarat Petrosynthese Limited,,INE636P01011,506858,IIFL_SCRIPMASTER
GPPL,BSE,533248.BO,Gujarat Pipavav Port,GPPL|Gujarat Pipavav Port|Gujarat Pipavav Port Limited,,INE517F01014,533248,IIFL_SCRIPMASTER
GUJARATPOLY,BSE,517288.BO,Gujarat Poly Electronics Limit,GUJARATPOLY|Gujarat Poly Electronics Limit,,INE541F01022,517288,IIFL_SCRIPMASTER
GUJRAFFIA,BSE,523836.BO,Gujarat Raffia Industries,GUJRAFFIA|Gujarat Raffia Industries|Gujarat Raffia Industries Limited,,INE610B01024,523836,IIFL_SCRIPMASTER
GSFC,BSE,500690.BO,Gujarat State Fertilizers & Ch,GSFC|Gujarat State Fertilizers & Ch,,INE026A01025,500690,IIFL_SCRIPMASTER
GUJSTATFIN,BSE,532160.BO,Gujarat State Financial Corpor,GUJSTATFIN|Gujarat State Financial Corpor,,INE944A01011,532160,IIFL_SCRIPMASTER
GUJTERC,BSE,524314.BO,Gujarat Terce Laboratories,GUJTERC|Gujarat Terce Laboratories|Gujarat Terce Laboratories Limited,,INE499G01013,524314,IIFL_SCRIPMASTER
GUJTHEM,BSE,506879.BO,Gujarat Themis Biosyn,GUJTHEM|Gujarat Themis Biosyn|Gujarat Themis Biosyn Limited,,INE942C01045,506879,IIFL_SCRIPMASTER
GUJTLRM,BSE,513337.BO,Gujarat Toolroom,GUJTLRM|Gujarat Toolroom|Gujarat Toolroom Limited,,INE145J01032,513337,IIFL_SCRIPMASTER
GUJWIND,BSE,541627.BO,Gujarat Winding Systems Limite,GUJWIND|Gujarat Winding Systems Limite,,INE173V01013,541627,IIFL_SCRIPMASTER
GUJJUBHAI,BSE,532070.BO,Gujjubhai Industries,GUJJUBHAI|Gujjubhai Industries|Gujjubhai Industries Limited,,INE311N01016,532070,IIFL_SCRIPMASTER
GULFOILLUB,BSE,538567.BO,Gulf Oil Lubricants India,GULFOILLUB|Gulf Oil Lubricants India|Gulf Oil Lubricants India Limited,,INE635Q01029,538567,IIFL_SCRIPMASTER
GULPOLY,BSE,532457.BO,Gulshan Polyols,GULPOLY|Gulshan Polyols|Gulshan Polyols Limited,,INE255D01024,532457,IIFL_SCRIPMASTER
GKL,BSE,540545.BO,Guru Krupa Gems and Jewellery,GKL|Guru Krupa Gems and Jewellery,,INE986W01016,540545,IIFL_SCRIPMASTER
GURUNANAK,BSE,215150.BO,Gurunanak Agricultur In L,GURUNANAK|Gurunanak Agricultur In L,,INE1CCX01012,215150,IIFL_SCRIPMASTER
GVPTECH,BSE,209405.BO,Gvp Infotech,GVPTECH|Gvp Infotech|Gvp Infotech Limited,,INE382T01030,209405,IIFL_SCRIPMASTER
GVPTECH-RE,BSE,213527.BO,Gvp Infotech,GVPTECH-RE|Gvp Infotech|Gvp Infotech Limited,,INE382T20014,213527,IIFL_SCRIPMASTER
GVPTECHPP,BSE,213609.BO,Gvptech Re.1 Ppd Up,GVPTECHPP|Gvptech Re.1 Ppd Up,,IN9382T01012,213609,IIFL_SCRIPMASTER
GYANDEV,BSE,530141.BO,Gyan Developers & Builders,GYANDEV|Gyan Developers & Builders|Gyan Developers & Builders Limited,,INE487G01018,530141,IIFL_SCRIPMASTER
GYFTR,BSE,507912.BO,Gyftr,GYFTR|Gyftr|Gyftr Limited,,INE724A01017,507912,IIFL_SCRIPMASTER
HGINFRA,BSE,541019.BO,H.G. Infra Engineering,H.G. Infra Engineering|H.G. Infra Engineering Limited|HGINFRA,,INE926X01010,541019,IIFL_SCRIPMASTER
HMEML,BSE,544349.BO,H.M. Electro Mech,H.M. Electro Mech|H.M. Electro Mech Limited|HMEML,,INE0DZD01015,544349,IIFL_SCRIPMASTER
HPCOTTON,BSE,502873.BO,H.P.Cotton Textile Mills,H.P.Cotton Textile Mills|H.P.Cotton Textile Mills Limited|HPCOTTON,,INE950C01014,502873,IIFL_SCRIPMASTER
HOTLSILV,BSE,532145.BO,H.S.India,H.S.India|H.S.India Limited|HOTLSILV,,INE731B01010,532145,IIFL_SCRIPMASTER
HDFCAMC,BSE,541729.BO,HDFC Asset Management Company,HDFC Asset Management Company|HDFCAMC,,INE127D01025,541729,IIFL_SCRIPMASTER
HDFCBANK,BSE,500180.BO,HDFC Bank,HDFC|HDFC Bank|HDFC Bank Limited|HDFCBANK,,INE040A01034,500180,IIFL_SCRIPMASTER
HDFCLIFE,BSE,540777.BO,HDFC Life Insurance Company Li,HDFC Life Insurance Company Li|HDFCLIFE,,INE795G01014,540777,IIFL_SCRIPMASTER
HALDER,BSE,539854.BO,Halder Venture,HALDER|Halder Venture|Halder Venture Limited,,INE115S01010,539854,IIFL_SCRIPMASTER
HALDYNGL,BSE,515147.BO,Haldyn Glass,HALDYNGL|Haldyn Glass|Haldyn Glass Limited,,INE506D01020,515147,IIFL_SCRIPMASTER
HALEOSLABS,BSE,540679.BO,Haleos Labs,HALEOSLABS|Haleos Labs|Haleos Labs Limited,,INE320X01016,540679,IIFL_SCRIPMASTER
HAMPTON,BSE,526407.BO,Hampton Sky Realty,HAMPTON|Hampton Sky Realty|Hampton Sky Realty Limited,,INE299D01022,526407,IIFL_SCRIPMASTER
HGM,BSE,532761.BO,Handson Global Management (Hgm,HGM|Handson Global Management (Hgm,,INE596H01014,532761,IIFL_SCRIPMASTER
HANMAN,BSE,538731.BO,Hanman Fit,HANMAN|Hanman Fit|Hanman Fit Limited,,INE982Q01017,538731,IIFL_SCRIPMASTER
HANNAH,BSE,544687.BO,Hannah Joseph Hospital,HANNAH|Hannah Joseph Hospital|Hannah Joseph Hospital Limited,,INE0JVH01012,544687,IIFL_SCRIPMASTER
HAPPSTMNDS,BSE,543227.BO,Happiest Minds Technologies Li,HAPPSTMNDS|Happiest Minds Technologies Li,,INE419U01012,543227,IIFL_SCRIPMASTER
HAPPYFORGE,BSE,544057.BO,Happy Forgings,HAPPYFORGE|Happy Forgings|Happy Forgings Limited,,INE330T01021,544057,IIFL_SCRIPMASTER
WHITEFORCE,BSE,213514.BO,Happy Square Outsourc S L,Happy Square Outsourc S L|WHITEFORCE,,INE0TLP01015,213514,IIFL_SCRIPMASTER
HARDCAS,BSE,509597.BO,Hardcastle & Waud Mfg.Co.,HARDCAS|Hardcastle & Waud Mfg.Co.|Hardcastle & Waud Mfg.Co.Limited,,INE722D01015,509597,IIFL_SCRIPMASTER
HARDWYN,BSE,541276.BO,Hardwyn India,HARDWYN|Hardwyn India|Hardwyn India Limited,,INE626Z01029,541276,IIFL_SCRIPMASTER
HARIAAPL,BSE,538081.BO,Haria Apparels,HARIAAPL|Haria Apparels|Haria Apparels Limited,,INE493N01012,538081,IIFL_SCRIPMASTER
HARIAEXPO,BSE,512604.BO,Haria Exports,HARIAEXPO|Haria Exports|Haria Exports Limited,,INE772B01014,512604,IIFL_SCRIPMASTER
HARIOMPIPE,BSE,543517.BO,Hariom Pipe Industries,HARIOMPIPE|Hariom Pipe Industries|Hariom Pipe Industries Limited,,INE00EV01017,543517,IIFL_SCRIPMASTER
HARISH,BSE,542682.BO,Harish Textile Engineers Limit,HARISH|Harish Textile Engineers Limit,,INE01K301012,542682,IIFL_SCRIPMASTER
HRYNSHP,BSE,526931.BO,Hariyana Ship Breakers,HRYNSHP|Hariyana Ship Breakers|Hariyana Ship Breakers Limited,,INE400G01011,526931,IIFL_SCRIPMASTER
HARRMALAYA,BSE,500467.BO,Harrisons Malayalam,HARRMALAYA|Harrisons Malayalam|Harrisons Malayalam Limited,,INE544A01019,500467,IIFL_SCRIPMASTER
HARSHA,BSE,543600.BO,Harsha Engineers International,HARSHA|Harsha Engineers International,,INE0JUS01029,543600,IIFL_SCRIPMASTER
HARSHDEEP,BSE,544105.BO,Harshdeep Hortico,HARSHDEEP|Harshdeep Hortico|Harshdeep Hortico Limited,,INE0OLZ01015,544105,IIFL_SCRIPMASTER
HARYNACAP,BSE,532855.BO,Haryana Capfin,HARYNACAP|Haryana Capfin|Haryana Capfin Limited,,INE928H01019,532855,IIFL_SCRIPMASTER
HARLETH,BSE,524080.BO,Haryana Leather Chemicals,HARLETH|Haryana Leather Chemicals|Haryana Leather Chemicals Limited,,INE681F01018,524080,IIFL_SCRIPMASTER
HASTIFIN,BSE,531387.BO,Hasti Finance,HASTIFIN|Hasti Finance|Hasti Finance Limited,,INE671D01014,531387,IIFL_SCRIPMASTER
HATHWAYB,BSE,509073.BO,Hathway Bhawani Cabletel & Dat,HATHWAYB|Hathway Bhawani Cabletel & Dat,,INE525B01016,509073,IIFL_SCRIPMASTER
HATHWAY,BSE,533162.BO,Hathway Cable & Datacom,HATHWAY|Hathway Cable & Datacom|Hathway Cable & Datacom Limited,,INE982F01036,533162,IIFL_SCRIPMASTER
HATSUN,BSE,531531.BO,Hatsun Agro Product,HATSUN|Hatsun Agro Product|Hatsun Agro Product Limited,,INE473B01035,531531,IIFL_SCRIPMASTER
HAVELLS,BSE,517354.BO,Havells India,HAVELLS|Havells India|Havells India Limited,,INE176B01034,517354,IIFL_SCRIPMASTER
HAWAENG,BSE,539176.BO,Hawa Engineers,HAWAENG|Hawa Engineers|Hawa Engineers Limited,,INE230I01018,539176,IIFL_SCRIPMASTER
HAWKINCOOK,BSE,508486.BO,Hawkins Cookers,HAWKINCOOK|Hawkins Cookers|Hawkins Cookers Limited,,INE979B01015,508486,IIFL_SCRIPMASTER
HAZOOR,BSE,532467.BO,Hazoor Multi Projects,HAZOOR|Hazoor Multi Projects|Hazoor Multi Projects Limited,,INE550F01049,532467,IIFL_SCRIPMASTER
HBESD,BSE,532334.BO,Hb Estate Developers,HBESD|Hb Estate Developers|Hb Estate Developers Limited,,INE640B01021,532334,IIFL_SCRIPMASTER
HBLEAS,BSE,508956.BO,Hb Leasing & Finance Co.,HBLEAS|Hb Leasing & Finance Co.|Hb Leasing & Finance Co.Limited,,INE549B01016,508956,IIFL_SCRIPMASTER
HBPOR,BSE,532333.BO,Hb Portfolio,HBPOR|Hb Portfolio|Hb Portfolio Limited,,INE638B01025,532333,IIFL_SCRIPMASTER
HBGHOTELS,BSE,537839.BO,Hbg Hotels,HBGHOTELS|Hbg Hotels|Hbg Hotels Limited,,INE977M01024,537839,IIFL_SCRIPMASTER
HBLENGINE,BSE,517271.BO,Hbl Engineering,HBLENGINE|Hbl Engineering|Hbl Engineering Limited,,INE292B01021,517271,IIFL_SCRIPMASTER
HCL-INSYS,BSE,500179.BO,Hcl Infosystems,HCL-INSYS|Hcl Infosystems|Hcl Infosystems Limited,,INE236A01020,500179,IIFL_SCRIPMASTER
HCLTECH,BSE,532281.BO,Hcl Technologies,HCLTECH|Hcl Technologies|Hcl Technologies Limited,,INE860A01027,532281,IIFL_SCRIPMASTER
HDBFS,BSE,544429.BO,Hdb Financial Services,HDBFS|Hdb Financial Services|Hdb Financial Services Limited,,INE756I01012,544429,IIFL_SCRIPMASTER
HEADSUP,BSE,540210.BO,Heads Up Ventures,HEADSUP|Heads Up Ventures|Heads Up Ventures Limited,,INE759V01019,540210,IIFL_SCRIPMASTER
HEALTHX,BSE,533259.BO,Health X Platform,HEALTHX|Health X Platform|Health X Platform Limited,,INE019J01013,533259,IIFL_SCRIPMASTER
HCG,BSE,539787.BO,Healthcare Global Enterprises,HCG|Healthcare Global Enterprises,,INE075I01017,539787,IIFL_SCRIPMASTER
HEALTHYLIFE,BSE,543546.BO,Healthy Life Agritec,HEALTHYLIFE|Healthy Life Agritec|Healthy Life Agritec Limited,,INE0L3501015,543546,IIFL_SCRIPMASTER
HECPROJECT,BSE,202985.BO,Hec Infra Projects,HECPROJECT|Hec Infra Projects|Hec Infra Projects Limited,,INE558R01013,202985,IIFL_SCRIPMASTER
HEERAISP,BSE,526967.BO,Heera Ispat,HEERAISP|Heera Ispat|Heera Ispat Limited,,INE025D01013,526967,IIFL_SCRIPMASTER
HEG,BSE,509631.BO,Heg,HEG|Heg|Heg Limited,,INE545A01024,509631,IIFL_SCRIPMASTER
HEIDELBERG,BSE,500292.BO,Heidelbergcement India,HEIDELBERG|Heidelbergcement India|Heidelbergcement India Limited,,INE578A01017,500292,IIFL_SCRIPMASTER
HELLOJI,BSE,544630.BO,Helloji Holidays,HELLOJI|Helloji Holidays|Helloji Holidays Limited,,INE1FJE01010,544630,IIFL_SCRIPMASTER
HELPAGE,BSE,539174.BO,Helpage Finlease,HELPAGE|Helpage Finlease|Helpage Finlease Limited,,INE738P01015,539174,IIFL_SCRIPMASTER
HEMIPROP,BSE,543242.BO,Hemisphere Properties India Li,HEMIPROP|Hemisphere Properties India Li,,INE0AJG01018,543242,IIFL_SCRIPMASTER
HERANBA,BSE,543266.BO,Heranba Industries,HERANBA|Heranba Industries|Heranba Industries Limited,,INE694N01015,543266,IIFL_SCRIPMASTER
HERCULES,BSE,505720.BO,Hercules Investments,HERCULES|Hercules Investments|Hercules Investments Limited,,INE688E01024,505720,IIFL_SCRIPMASTER
HERITGFOOD,BSE,519552.BO,Heritage Foods,HERITGFOOD|Heritage Foods|Heritage Foods Limited,,INE978A01027,519552,IIFL_SCRIPMASTER
HEROMOTOCO,BSE,500182.BO,Hero Motocorp,HEROMOTOCO|Hero Motocorp|Hero Motocorp Limited,,INE158A01026,500182,IIFL_SCRIPMASTER
HESTERBIO,BSE,524669.BO,Hester Biosciences,HESTERBIO|Hester Biosciences|Hester Biosciences Limited,,INE782E01017,524669,IIFL_SCRIPMASTER
HEXATRADEX,BSE,534328.BO,Hexa Tradex,HEXATRADEX|Hexa Tradex|Hexa Tradex Limited,,INE750M01017,534328,IIFL_SCRIPMASTER
HEXT,BSE,544362.BO,Hexaware Technologies,HEXT|Hexaware Technologies|Hexaware Technologies Limited,,INE093A01041,544362,IIFL_SCRIPMASTER
HFCL,BSE,500183.BO,Hfcl,HFCL|Hfcl|Hfcl Limited,,INE548A01028,500183,IIFL_SCRIPMASTER
HGIND,BSE,513723.BO,Hg Industries,HGIND|Hg Industries|Hg Industries Limited,,INE464C01024,513723,IIFL_SCRIPMASTER
HIGREEN,BSE,210637.BO,Hi Green Carbon,HIGREEN|Hi Green Carbon|Hi Green Carbon Limited,,INE0PIC01017,210637,IIFL_SCRIPMASTER
HITECH,BSE,543411.BO,Hi-Tech Pipes,HITECH|Hi-Tech Pipes|Hi-Tech Pipes Limited,,INE106T01025,543411,IIFL_SCRIPMASTER
HIGHENE,BSE,504176.BO,High Energy Batteries (India),HIGHENE|High Energy Batteries (India),,INE783E01023,504176,IIFL_SCRIPMASTER
HIGHNESS,BSE,544741.BO,Highness Microelectronics Limi,HIGHNESS|Highness Microelectronics Limi,,INE1KI801019,544741,IIFL_SCRIPMASTER
HIKAL,BSE,524735.BO,Hikal,HIKAL|Hikal|Hikal Limited,,INE475B01022,524735,IIFL_SCRIPMASTER
HILIKS,BSE,539697.BO,Hiliks Technologies,HILIKS|Hiliks Technologies|Hiliks Technologies Limited,,INE966Q01010,539697,IIFL_SCRIPMASTER
HILLTONE,BSE,544308.BO,Hilltone Software and Gases Lt,HILLTONE|Hilltone Software and Gases Lt,,INE168C01013,544308,IIFL_SCRIPMASTER
HIMTEK,BSE,505712.BO,Him Teknoforge,HIMTEK|Him Teknoforge|Him Teknoforge Limited,,INE705G01021,505712,IIFL_SCRIPMASTER
HSCL,BSE,500184.BO,Himadri Speciality Chemical Lt,HSCL|Himadri Speciality Chemical Lt,,INE019C01026,500184,IIFL_SCRIPMASTER
HFIL,BSE,526899.BO,Himalaya Food International Li,HFIL|Himalaya Food International Li,,INE552B01010,526899,IIFL_SCRIPMASTER
HIMATSEIDE,BSE,514043.BO,Himatsingka Seide,HIMATSEIDE|Himatsingka Seide|Himatsingka Seide Limited,,INE049A01027,514043,IIFL_SCRIPMASTER
HINDALUMI,BSE,531979.BO,Hind Aluminium Industries,HINDALUMI|Hind Aluminium Industries|Hind Aluminium Industries Limited,,INE227B01019,531979,IIFL_SCRIPMASTER
HCLTD,BSE,538652.BO,Hind Commerce,HCLTD|Hind Commerce|Hind Commerce Limited,,INE691J01019,538652,IIFL_SCRIPMASTER
HIRECT,BSE,504036.BO,Hind Rectifiers,HIRECT|Hind Rectifiers|Hind Rectifiers Limited,,INE835D01023,504036,IIFL_SCRIPMASTER
HINDALCO,BSE,500440.BO,Hindalco Industries,HINDALCO|Hindalco Industries|Hindalco Industries Limited,,INE038A01020,500440,IIFL_SCRIPMASTER
HINDCON,BSE,210804.BO,Hindcon Chemicals,HINDCON|Hindcon Chemicals|Hindcon Chemicals Limited,,INE642Y01029,210804,IIFL_SCRIPMASTER
HINDMILL,BSE,509895.BO,Hindoostan Mills,HINDMILL|Hindoostan Mills|Hindoostan Mills Limited,,INE832D01020,509895,IIFL_SCRIPMASTER
HPIL,BSE,543645.BO,Hindprakash Industries,HPIL|Hindprakash Industries|Hindprakash Industries Limited,,INE05X901010,543645,IIFL_SCRIPMASTER
HGS,BSE,532859.BO,Hinduja Global Solutions,HGS|Hinduja Global Solutions|Hinduja Global Solutions Limited,,INE170I01016,532859,IIFL_SCRIPMASTER
HINDADH,BSE,514428.BO,Hindustan Adhesives,HINDADH|Hindustan Adhesives|Hindustan Adhesives Limited,,INE074C01013,514428,IIFL_SCRIPMASTER
HAL,BSE,541154.BO,Hindustan Aeronautics,HAL|Hindustan Aeronautics|Hindustan Aeronautics Limited,,INE066F01020,541154,IIFL_SCRIPMASTER
HINDUST,BSE,519574.BO,Hindustan Agrigenetics,HINDUST|Hindustan Agrigenetics|Hindustan Agrigenetics Limited,,INE092301014,519574,IIFL_SCRIPMASTER
HINDCOMPOS,BSE,509635.BO,Hindustan Composites,HINDCOMPOS|Hindustan Composites|Hindustan Composites Limited,,INE310C01029,509635,IIFL_SCRIPMASTER
HCC,BSE,500185.BO,Hindustan Construction Co.,HCC|Hindustan Construction Co.|Hindustan Construction Co.Limited,,INE549A01026,500185,IIFL_SCRIPMASTER
HINDCOPPER,BSE,513599.BO,Hindustan Copper,HINDCOPPER|Hindustan Copper|Hindustan Copper Limited,,INE531E01026,513599,IIFL_SCRIPMASTER
HNDFDS,BSE,519126.BO,Hindustan Foods,HNDFDS|Hindustan Foods|Hindustan Foods Limited,,INE254N01026,519126,IIFL_SCRIPMASTER
HINDHARD,BSE,505893.BO,Hindustan Hardy,HINDHARD|Hindustan Hardy|Hindustan Hardy Limited,,INE724D01011,505893,IIFL_SCRIPMASTER
HMVL,BSE,533217.BO,Hindustan Media Ventures,HMVL|Hindustan Media Ventures|Hindustan Media Ventures Limited,,INE871K01015,533217,IIFL_SCRIPMASTER
HINDOILEXP,BSE,500186.BO,Hindustan Oil Exploration Co.L,HINDOILEXP|Hindustan Oil Exploration Co.L,,INE345A01011,500186,IIFL_SCRIPMASTER
HOCL,BSE,500449.BO,Hindustan Organic Chemicals Lt,HOCL|Hindustan Organic Chemicals Lt,,INE048A01011,500449,IIFL_SCRIPMASTER
HINDPETRO,BSE,500104.BO,Hindustan Petroleum Corporatio,HINDPETRO|Hindustan Petroleum Corporatio,,INE094A01015,500104,IIFL_SCRIPMASTER
HINDTIN,BSE,530315.BO,Hindustan Tin Works,HINDTIN|Hindustan Tin Works|Hindustan Tin Works Limited,,INE428D01019,530315,IIFL_SCRIPMASTER
HINDUNILVR,BSE,500696.BO,Hindustan Unilever,HINDUNILVR|Hindustan Unilever|Hindustan Unilever Limited,,INE030A01027,500696,IIFL_SCRIPMASTER
HINDZINC,BSE,500188.BO,Hindustan Zinc,HINDZINC|Hindustan Zinc|Hindustan Zinc Limited,,INE267A01025,500188,IIFL_SCRIPMASTER
HINDWAREAP,BSE,542905.BO,Hindware Home Innovation Limit,HINDWAREAP|Hindware Home Innovation Limit,,INE05AN01011,542905,IIFL_SCRIPMASTER
HISARMETAL,BSE,590018.BO,Hisar Metal Industries,HISARMETAL|Hisar Metal Industries|Hisar Metal Industries Limited,,INE598C01011,590018,IIFL_SCRIPMASTER
POWERINDIA,BSE,543187.BO,Hitachi Energy India,Hitachi Energy India|Hitachi Energy India Limited|POWERINDIA,,INE07Y701011,543187,IIFL_SCRIPMASTER
HITECHCORP,BSE,526217.BO,Hitech,HITECHCORP|Hitech|Hitech Corporation Limited,,INE120D01012,526217,IIFL_SCRIPMASTER
HITTCO,BSE,531661.BO,Hittco Tools,HITTCO|Hittco Tools|Hittco Tools Limited,,INE863C01019,531661,IIFL_SCRIPMASTER
HLEGLAS,BSE,522215.BO,Hle Glascoat,HLEGLAS|Hle Glascoat|Hle Glascoat Limited,,INE461D01028,522215,IIFL_SCRIPMASTER
HLVLTD,BSE,500193.BO,Hlv,HLVLTD|Hlv|Hlv Limited,,INE102A01024,500193,IIFL_SCRIPMASTER
HMAAGRO,BSE,543929.BO,Hma Agro Industries,HMAAGRO|Hma Agro Industries|Hma Agro Industries Limited,,INE0ECP01024,543929,IIFL_SCRIPMASTER
HOACFOODS,BSE,211603.BO,Hoac Foods India,HOACFOODS|Hoac Foods India|Hoac Foods India Limited,,INE0S6S01017,211603,IIFL_SCRIPMASTER
HOLMARC,BSE,210619.BO,Holmarc Opto Mechatro L,HOLMARC|Holmarc Opto Mechatro L,,INE0LXA01019,210619,IIFL_SCRIPMASTER
HOMEFIRST,BSE,543259.BO,Home First Finance Company Ind,HOMEFIRST|Home First Finance Company Ind,,INE481N01025,543259,IIFL_SCRIPMASTER
HOMESFY,BSE,209367.BO,Homesfy Realty,HOMESFY|Homesfy Realty|Homesfy Realty Limited,,INE0N7F01017,209367,IIFL_SCRIPMASTER
HONASA,BSE,544014.BO,Honasa Consumer,HONASA|Honasa Consumer|Honasa Consumer Limited,,INE0J5401028,544014,IIFL_SCRIPMASTER
HONDAPOWER,BSE,522064.BO,Honda India Power Products Lim,HONDAPOWER|Honda India Power Products Lim,,INE634A01018,522064,IIFL_SCRIPMASTER
HONAUT,BSE,517174.BO,Honeywell Automation India,HONAUT|Honeywell Automation India|Honeywell Automation India Limited,,INE671A01010,517174,IIFL_SCRIPMASTER
HUDCO,BSE,540530.BO,Housing &Urban Development Cor,HUDCO|Housing &Urban Development Cor,,INE031A01017,540530,IIFL_SCRIPMASTER
HOWARHO,BSE,526761.BO,Howard Hotels,HOWARHO|Howard Hotels|Howard Hotels Limited,,INE931B01016,526761,IIFL_SCRIPMASTER
HPAL,BSE,543433.BO,Hp Adhesives,HPAL|Hp Adhesives|Hp Adhesives Limited,,INE0GSL01024,543433,IIFL_SCRIPMASTER
HPTL,BSE,212541.BO,Hp Telecom India,HPTL|Hp Telecom India|Hp Telecom India Limited,,INE0VA601019,212541,IIFL_SCRIPMASTER
HPL,BSE,540136.BO,Hpl Electric & Power,HPL|Hpl Electric & Power|Hpl Electric & Power Limited,,INE495S01016,540136,IIFL_SCRIPMASTER
HRHNEXT,BSE,210975.BO,Hrh Next Services,HRHNEXT|Hrh Next Services|Hrh Next Services Limited,,INE0R3501012,210975,IIFL_SCRIPMASTER
HRS,BSE,544656.BO,Hrs Aluglaze,HRS|Hrs Aluglaze|Hrs Aluglaze Limited,,INE1E1V01017,544656,IIFL_SCRIPMASTER
HTMEDIA,BSE,532662.BO,Ht Media,HTMEDIA|Ht Media|Ht Media Limited,,INE501G01024,532662,IIFL_SCRIPMASTER
HUBTOWN,BSE,532799.BO,Hubtown,HUBTOWN|Hubtown|Hubtown Limited,,INE703H01016,532799,IIFL_SCRIPMASTER
HUHTAMAKI,BSE,509820.BO,Huhtamaki India,HUHTAMAKI|Huhtamaki India|Huhtamaki India Limited,,INE275B01026,509820,IIFL_SCRIPMASTER
HBEL,BSE,542592.BO,Humming Bird Education,HBEL|Humming Bird Education|Humming Bird Education Limited,,INE02PC01027,542592,IIFL_SCRIPMASTER
HVAX,BSE,212076.BO,Hvax Technologies,HVAX|Hvax Technologies|Hvax Technologies Limited,,INE0TO501019,212076,IIFL_SCRIPMASTER
HYBRIDFIN,BSE,500262.BO,Hybrid Financial Services Limi,HYBRIDFIN|Hybrid Financial Services Limi,,INE965B01022,500262,IIFL_SCRIPMASTER
HYUNDAI,BSE,544274.BO,Hyundai Motor India,HYUNDAI|Hyundai Motor India|Hyundai Motor India Limited,,INE0V6F01027,544274,IIFL_SCRIPMASTER
IGPL,BSE,500199.BO,I G Petrochemicals,I G Petrochemicals|I G Petrochemicals Limited|IGPL,,INE204A01010,500199,IIFL_SCRIPMASTER
ICICIBANK,BSE,532174.BO,ICICI Bank,ICICI|ICICI Bank|ICICI Bank Limited|ICICIBANK,,INE090A01021,532174,IIFL_SCRIPMASTER
ICICIGI,BSE,540716.BO,ICICI Lombard General Insuranc,ICICI Lombard General Insuranc|ICICIGI,,INE765G01017,540716,IIFL_SCRIPMASTER
ICICIAMC,BSE,544658.BO,ICICI Prudential Asset Managem,ICICI Prudential Asset Managem|ICICIAMC,,INE346A01027,544658,IIFL_SCRIPMASTER
MIDSELIETF,BSE,539980.BO,ICICI Prudential Bse Midcap Se,ICICI Prudential Bse Midcap Se|MIDSELIETF,,INF109KC10W0,539980,IIFL_SCRIPMASTER
SENSEXIETF,BSE,555555.BO,ICICI Prudential Bse Sensex Et,ICICI Prudential Bse Sensex Et|SENSEXIETF,,INF346A01034,555555,IIFL_SCRIPMASTER
ICICIPRULI,BSE,540133.BO,ICICI Prudential Life Insuranc,ICICI Prudential Life Insuranc|ICICIPRULI,,INE726G01019,540133,IIFL_SCRIPMASTER
LOWVOLIETF,BSE,540612.BO,ICICI Prudential Nifty Low Vol,ICICI Prudential Nifty Low Vol|LOWVOLIETF,,INF109KC19U5,540612,IIFL_SCRIPMASTER
IDBI,BSE,500116.BO,IDBI Bank,IDBI|IDBI Bank|IDBI Bank Limited,,INE008A01015,500116,IIFL_SCRIPMASTER
IDFCEOS1DD,BSE,535502.BO,IDFC Equity Opportunity- Serie,IDFC Equity Opportunity- Serie|IDFCEOS1DD,,INF194K01I45,535502,IIFL_SCRIPMASTER
IDFCEOS1RD,BSE,535501.BO,IDFC Equity Opportunity- Serie,IDFC Equity Opportunity- Serie|IDFCEOS1RD,,INF194K012N1,535501,IIFL_SCRIPMASTER
IDFCFIRSTB,BSE,539437.BO,IDFC First Bank,IDFC First Bank|IDFC First Bank Limited|IDFCFIRSTB,,INE092T01019,539437,IIFL_SCRIPMASTER
IFCI,BSE,500106.BO,IFCI,IFCI|IFCI Limited,,INE039A01010,500106,IIFL_SCRIPMASTER
IBLFL,BSE,211004.BO,Ibl Finance,IBLFL|Ibl Finance|Ibl Finance Limited,,INE0O7401018,211004,IIFL_SCRIPMASTER
ICDSLTD,BSE,511194.BO,Icds,ICDSLTD|Icds|Icds Limited,,INE613B01010,511194,IIFL_SCRIPMASTER
ICEMAKE,BSE,201038.BO,Ice Make Refrigerat,ICEMAKE|Ice Make Refrigerat|Ice Make Refrigerat Limited,,INE520Y01019,201038,IIFL_SCRIPMASTER
ICODEX,BSE,544483.BO,Icodex Publishing Solutions Li,ICODEX|Icodex Publishing Solutions Li,,INE111601014,544483,IIFL_SCRIPMASTER
ICONIKSPEV,BSE,511260.BO,Iconik Sports and Events Limit,ICONIKSPEV|Iconik Sports and Events Limit,,INE088P01015,511260,IIFL_SCRIPMASTER
ICRA,BSE,532835.BO,Icra,ICRA|Icra|Icra Limited,,INE725G01011,532835,IIFL_SCRIPMASTER
IDEALTECHO,BSE,211906.BO,Ideal Technoplast Ind,IDEALTECHO|Ideal Technoplast Ind|Ideal Technoplast Ind Limited,,INE0T9I01011,211906,IIFL_SCRIPMASTER
IDENTICAL,BSE,212309.BO,Identical Brains Studio L,IDENTICAL|Identical Brains Studio L,,INE0TD101011,212309,IIFL_SCRIPMASTER
IDENTIXWEB,BSE,544388.BO,Identixweb,IDENTIXWEB|Identixweb|Identixweb Limited,,INE0PA401012,544388,IIFL_SCRIPMASTER
IECEDU,BSE,531840.BO,Iec Education,IECEDU|Iec Education|Iec Education Limited,,INE172B01017,531840,IIFL_SCRIPMASTER
INDXTRA,BSE,524614.BO,Iel,INDXTRA|Iel|Iel Limited,,INE056E01024,524614,IIFL_SCRIPMASTER
IFBIND,BSE,505726.BO,Ifb Industries,IFBIND|Ifb Industries|Ifb Industries Limited,,INE559A01017,505726,IIFL_SCRIPMASTER
IFGLEXPOR,BSE,540774.BO,Ifgl Refractories,IFGLEXPOR|Ifgl Refractories|Ifgl Refractories Limited,,INE133Y01011,540774,IIFL_SCRIPMASTER
IFL,BSE,540377.BO,Ifl Enterprises,IFL|Ifl Enterprises|Ifl Enterprises Limited,,INE714U01024,540377,IIFL_SCRIPMASTER
IGARASHI,BSE,517380.BO,Igarashi Motors India,IGARASHI|Igarashi Motors India|Igarashi Motors India Limited,,INE188B01013,517380,IIFL_SCRIPMASTER
IGCIL,BSE,539449.BO,Igc Industries,IGCIL|Igc Industries|Igc Industries Limited,,INE099S01016,539449,IIFL_SCRIPMASTER
IIFLCAPS,BSE,542773.BO,Iifl Capital Services,IIFLCAPS|Iifl Capital Services|Iifl Capital Services Limited,,INE489L01022,542773,IIFL_SCRIPMASTER
IIFL,BSE,532636.BO,Iifl Finance,IIFL|Iifl Finance|Iifl Finance Limited,,INE530B01024,532636,IIFL_SCRIPMASTER
IIRM,BSE,526530.BO,Iirm Holdings India,IIRM|Iirm Holdings India|Iirm Holdings India Limited,,INE670C01026,526530,IIFL_SCRIPMASTER
IITLPROJ,BSE,531968.BO,Iitl Projects,IITLPROJ|Iitl Projects|Iitl Projects Limited,,INE786E01018,531968,IIFL_SCRIPMASTER
IKIO,BSE,543923.BO,Ikio Technologies,IKIO|Ikio Technologies|Ikio Technologies Limited,,INE0LOJ01019,543923,IIFL_SCRIPMASTER
IVC,BSE,511208.BO,Il&Fs Investment Managers,IVC|Il&Fs Investment Managers|Il&Fs Investment Managers Limited,,INE050B01023,511208,IIFL_SCRIPMASTER
IMAGICAA,BSE,539056.BO,Imagicaaworld Entertainment Li,IMAGICAA|Imagicaaworld Entertainment Li,,INE172N01012,539056,IIFL_SCRIPMASTER
IMEC,BSE,513295.BO,Imec Services,IMEC|Imec Services|Imec Services Limited,,INE611C01020,513295,IIFL_SCRIPMASTER
INANI,BSE,531129.BO,Inani Marbles & Industries,INANI|Inani Marbles & Industries|Inani Marbles & Industries Limited,,INE635D01027,531129,IIFL_SCRIPMASTER
INCAP,BSE,517370.BO,Incap,INCAP|Incap|Incap Limited,,INE437C01012,517370,IIFL_SCRIPMASTER
INCON,BSE,531594.BO,Incon Engineers,INCON|Incon Engineers|Incon Engineers Limited,,INE507D01010,531594,IIFL_SCRIPMASTER
INCREDIBLE,BSE,538365.BO,Incredible Industries,INCREDIBLE|Incredible Industries|Incredible Industries Limited,,INE452L01012,538365,IIFL_SCRIPMASTER
INDBNK,BSE,523465.BO,Ind Bank Housing,INDBNK|Ind Bank Housing|Ind Bank Housing Limited,,INE969D01012,523465,IIFL_SCRIPMASTER
INDAGIV,BSE,517077.BO,Ind-Agiv Commerce,INDAGIV|Ind-Agiv Commerce|Ind-Agiv Commerce Limited,,INE115E01010,517077,IIFL_SCRIPMASTER
INDSWFTLAB,BSE,532305.BO,Ind-Swift Laboratories,INDSWFTLAB|Ind-Swift Laboratories|Ind-Swift Laboratories Limited,,INE915B01019,532305,IIFL_SCRIPMASTER
INDAG,BSE,509162.BO,Indag Rubber,INDAG|Indag Rubber|Indag Rubber Limited,,INE802D01023,509162,IIFL_SCRIPMASTER
INDBANK,BSE,511473.BO,Indbank Merchant Banking Servi,INDBANK|Indbank Merchant Banking Servi,,INE841B01017,511473,IIFL_SCRIPMASTER
BAJAJINDEF,BSE,544364.BO,Indef Manufacturing,BAJAJINDEF|Indef Manufacturing|Indef Manufacturing Limited,,INE0O9T01021,544364,IIFL_SCRIPMASTER
INDGN,BSE,544172.BO,Indegene,INDGN|Indegene|Indegene Limited,,INE065X01017,544172,IIFL_SCRIPMASTER
INDIACEM,BSE,530005.BO,India Cements,INDIACEM|India Cements|India Cements Limited,,INE383A01012,530005,IIFL_SCRIPMASTER
INDCEMCAP,BSE,511355.BO,India Cements Capital,INDCEMCAP|India Cements Capital|India Cements Capital Limited,,INE429D01017,511355,IIFL_SCRIPMASTER
IFINSEC,BSE,535667.BO,India Finsec,IFINSEC|India Finsec|India Finsec Limited,,INE474O01010,535667,IIFL_SCRIPMASTER
INDGELA,BSE,531253.BO,India Gelatine & Chemicals,INDGELA|India Gelatine & Chemicals|India Gelatine & Chemicals Limited,,INE342D01012,531253,IIFL_SCRIPMASTER
INDIAGLYCO,BSE,500201.BO,India Glycols,INDIAGLYCO|India Glycols|India Glycols Limited,,INE560A01023,500201,IIFL_SCRIPMASTER
INDIAHOME,BSE,530979.BO,India Home Loan,INDIAHOME|India Home Loan|India Home Loan Limited,,INE274E01015,530979,IIFL_SCRIPMASTER
INDLEASE,BSE,500202.BO,India Lease Development,INDLEASE|India Lease Development|India Lease Development Limited,,INE333C01013,500202,IIFL_SCRIPMASTER
IMPAL,BSE,590065.BO,India Motor Parts & Accessorie,IMPAL|India Motor Parts & Accessorie,,INE547E01014,590065,IIFL_SCRIPMASTER
INDNIPPON,BSE,532240.BO,India Nippon Electricals,INDNIPPON|India Nippon Electricals|India Nippon Electricals Limited,,INE092B01025,532240,IIFL_SCRIPMASTER
IPL,BSE,543311.BO,India Pesticides,IPL|India Pesticides|India Pesticides Limited,,INE0D6701023,543311,IIFL_SCRIPMASTER
INDIASHLTR,BSE,544044.BO,India Shelter Finance Corporat,INDIASHLTR|India Shelter Finance Corporat,,INE922K01024,544044,IIFL_SCRIPMASTER
ITDC,BSE,532189.BO,India Tourism Development Corp,ITDC|India Tourism Development Corp,,INE353K01014,532189,IIFL_SCRIPMASTER
INDIAMART,BSE,542726.BO,Indiamart Intermesh,INDIAMART|Indiamart Intermesh|Indiamart Intermesh Limited,,INE933S01016,542726,IIFL_SCRIPMASTER
INDIANACRY,BSE,514165.BO,Indian Acrylics,INDIANACRY|Indian Acrylics|Indian Acrylics Limited,,INE862B01013,514165,IIFL_SCRIPMASTER
INDIANB,BSE,532814.BO,Indian Bank,INDIANB|Indian Bank,,INE562A01011,532814,IIFL_SCRIPMASTER
INDIANCARD,BSE,509692.BO,Indian Card Clothing Co.,INDIANCARD|Indian Card Clothing Co.|Indian Card Clothing Co.Limited,,INE061A01014,509692,IIFL_SCRIPMASTER
IEML-RE,BSE,215233.BO,Indian Emulsifers,IEML-RE|Indian Emulsifers|Indian Emulsifers Limited,,INE0RRU20016,215233,IIFL_SCRIPMASTER
IEML,BSE,211586.BO,Indian Emulsifiers,IEML|Indian Emulsifiers|Indian Emulsifiers Limited,,INE0RRU01016,211586,IIFL_SCRIPMASTER
IEX,BSE,540750.BO,Indian Energy Exchange,IEX|Indian Energy Exchange|Indian Energy Exchange Limited,,INE022Q01020,540750,IIFL_SCRIPMASTER
INDHOTEL,BSE,500850.BO,Indian Hotels Co.,INDHOTEL|Indian Hotels Co.|Indian Hotels Co.Limited,,INE053A01029,500850,IIFL_SCRIPMASTER
INDIANHUME,BSE,504741.BO,Indian Hume Pipe Co.,INDIANHUME|Indian Hume Pipe Co.|Indian Hume Pipe Co.Limited,,INE323C01030,504741,IIFL_SCRIPMASTER
INDINFO,BSE,509051.BO,Indian Infotech & Software,INDINFO|Indian Infotech & Software|Indian Infotech & Software Limited,,INE300B01022,509051,IIFL_SCRIPMASTER
INLCM,BSE,504746.BO,Indian Link Chain Manufactures,INLCM|Indian Link Chain Manufactures,,INE359D01024,504746,IIFL_SCRIPMASTER
IMFA,BSE,533047.BO,Indian Metals & Ferro Alloys L,IMFA|Indian Metals & Ferro Alloys L,,INE919H01018,533047,IIFL_SCRIPMASTER
IOC,BSE,530965.BO,Indian Oil,IOC|Indian Oil|Indian Oil Corporation Limited,,INE242A01010,530965,IIFL_SCRIPMASTER
IOB,BSE,532388.BO,Indian Overseas Bank,IOB|Indian Overseas Bank,,INE565A01014,532388,IIFL_SCRIPMASTER
IPHL,BSE,211931.BO,Indian Phosphate,IPHL|Indian Phosphate|Indian Phosphate Limited,,INE0DHF01018,211931,IIFL_SCRIPMASTER
IRCTC,BSE,542830.BO,Indian Railway Catering and To,IRCTC|Indian Railway Catering and To,,INE335Y01020,542830,IIFL_SCRIPMASTER
IRFC,BSE,543257.BO,Indian Railway Finance Corpora,IRFC|Indian Railway Finance Corpora,,INE053F01010,543257,IIFL_SCRIPMASTER
IREDA,BSE,544026.BO,Indian Renewable Energy Develo,IREDA|Indian Renewable Energy Develo,,INE202E01016,544026,IIFL_SCRIPMASTER
INDSUCR,BSE,500319.BO,Indian Sucrose,INDSUCR|Indian Sucrose|Indian Sucrose Limited,,INE557C01017,500319,IIFL_SCRIPMASTER
INDTERRAIN,BSE,533329.BO,Indian Terrain Fashions,INDTERRAIN|Indian Terrain Fashions|Indian Terrain Fashions Limited,,INE611L01021,533329,IIFL_SCRIPMASTER
INDTONER,BSE,523586.BO,Indian Toners & Developers,INDTONER|Indian Toners & Developers|Indian Toners & Developers Limited,,INE826B01018,523586,IIFL_SCRIPMASTER
INDIANVSH,BSE,501700.BO,Indianivesh,INDIANVSH|Indianivesh|Indianivesh Limited,,INE131H01028,501700,IIFL_SCRIPMASTER
INDIFRA,BSE,210968.BO,Indifra,INDIFRA|Indifra|Indifra Limited,,INE0PS301014,210968,IIFL_SCRIPMASTER
INDIGOPNTS,BSE,543258.BO,Indigo Paints,INDIGOPNTS|Indigo Paints|Indigo Paints Limited,,INE09VQ01012,543258,IIFL_SCRIPMASTER
INDIGRID,BSE,540565.BO,Indigrid Infrastructure Trust,INDIGRID|Indigrid Infrastructure Trust,,INE219X23014,540565,IIFL_SCRIPMASTER
INDIQUBE,BSE,544454.BO,Indiqube Spaces,INDIQUBE|Indiqube Spaces|Indiqube Spaces Limited,,INE06ST01018,544454,IIFL_SCRIPMASTER
INDOAMIN,BSE,524648.BO,Indo Amines,INDOAMIN|Indo Amines|Indo Amines Limited,,INE760F01028,524648,IIFL_SCRIPMASTER
INDOBORAX,BSE,524342.BO,Indo Borax & Chemicals,INDOBORAX|Indo Borax & Chemicals|Indo Borax & Chemicals Limited,,INE803D01021,524342,IIFL_SCRIPMASTER
ICIL,BSE,521016.BO,Indo Count Industries,ICIL|Indo Count Industries|Indo Count Industries Limited,,INE483B01026,521016,IIFL_SCRIPMASTER
INDOEURO,BSE,524458.BO,Indo Euro Indchem,INDOEURO|Indo Euro Indchem|Indo Euro Indchem Limited,,INE319N01019,524458,IIFL_SCRIPMASTER
INDOFARM,BSE,544328.BO,Indo Farm Equipment,INDOFARM|Indo Farm Equipment|Indo Farm Equipment Limited,,INE622H01018,544328,IIFL_SCRIPMASTER
INDORAMA,BSE,500207.BO,Indo Rama Synthetics (India) L,INDORAMA|Indo Rama Synthetics (India) L,,INE156A01020,500207,IIFL_SCRIPMASTER
INDOTHAI,BSE,533676.BO,Indo Thai Securities,INDOTHAI|Indo Thai Securities|Indo Thai Securities Limited,,INE337M01021,533676,IIFL_SCRIPMASTER
INDOUS,BSE,541304.BO,Indo Us Bio-Tech,INDOUS|Indo Us Bio-Tech|Indo Us Bio-Tech Limited,,INE250Z01010,541304,IIFL_SCRIPMASTER
INDOCITY,BSE,532100.BO,Indo-City Infotech,INDOCITY|Indo-City Infotech|Indo-City Infotech Limited,,INE456B01014,532100,IIFL_SCRIPMASTER
NIPPOBATRY,BSE,504058.BO,Indo-National,Indo-National|Indo-National Limited|NIPPOBATRY,,INE567A01028,504058,IIFL_SCRIPMASTER
INDOCO,BSE,532612.BO,Indoco Remedies,INDOCO|Indoco Remedies|Indoco Remedies Limited,,INE873D01024,532612,IIFL_SCRIPMASTER
IGCL,BSE,544432.BO,Indogulf Cropsciences,IGCL|Indogulf Cropsciences|Indogulf Cropsciences Limited,,INE05J901018,544432,IIFL_SCRIPMASTER
INDONG,BSE,543769.BO,Indong Tea Company,INDONG|Indong Tea Company|Indong Tea Company Limited,,INE0KN201016,543769,IIFL_SCRIPMASTER
INDOSTAR,BSE,541336.BO,Indostar Capital Finance Limit,INDOSTAR|Indostar Capital Finance Limit,,INE896L01010,541336,IIFL_SCRIPMASTER
IGL,BSE,532514.BO,Indraprastha Gas,IGL|Indraprastha Gas|Indraprastha Gas Limited,,INE203G01027,532514,IIFL_SCRIPMASTER
INDRAMEDCO,BSE,532150.BO,Indraprastha Medical Corp.,INDRAMEDCO|Indraprastha Medical Corp.|Indraprastha Medical Corp.Limited,,INE681B01017,532150,IIFL_SCRIPMASTER
INDSILHYD,BSE,522165.BO,Indsil Hydro Power and Mangane,INDSILHYD|Indsil Hydro Power and Mangane,,INE867D01018,522165,IIFL_SCRIPMASTER
INDCTST,BSE,532001.BO,Inducto Steel,INDCTST|Inducto Steel|Inducto Steel Limited,,INE146H01018,532001,IIFL_SCRIPMASTER
INDUSINVIT,BSE,544137.BO,Indus Infra Trust,INDUSINVIT|Indus Infra Trust,,INE0NHL23019,544137,IIFL_SCRIPMASTER
INDUSTOWER,BSE,534816.BO,Indus Towers,INDUSTOWER|Indus Towers|Indus Towers Limited,,INE121J01017,534816,IIFL_SCRIPMASTER
INDUSINDBK,BSE,532187.BO,Indusind Bank,INDUSINDBK|Indusind Bank|Indusind Bank Limited,,INE095A01012,532187,IIFL_SCRIPMASTER
INDPRUD,BSE,501298.BO,Industrial & Prudential Invest,INDPRUD|Industrial & Prudential Invest,,INE620D01011,501298,IIFL_SCRIPMASTER
IITL,BSE,501295.BO,Industrial Investment Trust Lt,IITL|Industrial Investment Trust Lt,,INE886A01014,501295,IIFL_SCRIPMASTER
INFINITY,BSE,544567.BO,Infinity Infoway,INFINITY|Infinity Infoway|Infinity Infoway Limited,,INE16XA01017,544567,IIFL_SCRIPMASTER
INFINIUM,BSE,210290.BO,Infinium Pharmachem,INFINIUM|Infinium Pharmachem|Infinium Pharmachem Limited,,INE0MRE01011,210290,IIFL_SCRIPMASTER
INFLAME,BSE,541083.BO,Inflame Appliances,INFLAME|Inflame Appliances|Inflame Appliances Limited,,INE464Z01017,541083,IIFL_SCRIPMASTER
INFLUX,BSE,213453.BO,Influx Healthtech,INFLUX|Influx Healthtech|Influx Healthtech Limited,,INE0MYZ01012,213453,IIFL_SCRIPMASTER
NAUKRI,BSE,532777.BO,Info Edge (India),Info Edge (India)|Info Edge (India) Limited|NAUKRI,,INE663F01032,532777,IIFL_SCRIPMASTER
INFOBEAN,BSE,543644.BO,Infobeans Technologies,INFOBEAN|Infobeans Technologies|Infobeans Technologies Limited,,INE344S01016,543644,IIFL_SCRIPMASTER
INFOLLION,BSE,210380.BO,Infollion Research Ser L,INFOLLION|Infollion Research Ser L,,INE0NNZ01013,210380,IIFL_SCRIPMASTER
INFOMEDIA,BSE,509069.BO,Infomedia Press,INFOMEDIA|Infomedia Press|Infomedia Press Limited,,INE669A01022,509069,IIFL_SCRIPMASTER
INFONATIVE,BSE,544393.BO,Infonative Solutions,INFONATIVE|Infonative Solutions|Infonative Solutions Limited,,INE12IB01015,544393,IIFL_SCRIPMASTER
INFORTEC,BSE,504810.BO,Informed Technologies India Lt,INFORTEC|Informed Technologies India Lt,,INE123E01014,504810,IIFL_SCRIPMASTER
INFY,BSE,500209.BO,Infosys,INFY|Infosys|Infosys Limited|Infy,,INE009A01021,500209,IIFL_SCRIPMASTER
INFRONICS,BSE,537985.BO,Infronics Systems,INFRONICS|Infronics Systems|Infronics Systems Limited,,INE463B01036,537985,IIFL_SCRIPMASTER
INFRONICS1,BSE,590118.BO,Infronics Systems,INFRONICS1|Infronics Systems|Infronics Systems Limited,,IIIIIIIIIIII,590118,IIFL_SCRIPMASTER
INGERRAND,BSE,500210.BO,Ingersoll-Rand (India),INGERRAND|Ingersoll-Rand (India)|Ingersoll-Rand (India) Limited,,INE177A01018,500210,IIFL_SCRIPMASTER
INNOMET,BSE,211981.BO,Innomet Advanced Materi L,INNOMET|Innomet Advanced Materi L,,INE0S1D01010,211981,IIFL_SCRIPMASTER
INNOVACAP,BSE,544067.BO,Innova Captab,INNOVACAP|Innova Captab|Innova Captab Limited,,INE0DUT01020,544067,IIFL_SCRIPMASTER
INNOVANA,BSE,544302.BO,Innovana Thinklabs,INNOVANA|Innovana Thinklabs|Innovana Thinklabs Limited,,INE403Y01018,544302,IIFL_SCRIPMASTER
INOVSYNTH,BSE,533315.BO,Innovassynth Technologies (Ind,INOVSYNTH|Innovassynth Technologies (Ind,,INE690J01011,533315,IIFL_SCRIPMASTER
INNOVTEC,BSE,523840.BO,Innovative Tech Pack,INNOVTEC|Innovative Tech Pack|Innovative Tech Pack Limited,,INE965C01038,523840,IIFL_SCRIPMASTER
ITTL,BSE,212223.BO,Innovative Tyre & Tube Lt,ITTL|Innovative Tyre & Tube Lt,,INE070Y01023,212223,IIFL_SCRIPMASTER
INNOVATORS,BSE,541353.BO,Innovators Facade Systems Limi,INNOVATORS|Innovators Facade Systems Limi,,INE870Z01015,541353,IIFL_SCRIPMASTER
INNOVISION,BSE,544732.BO,Innovision,INNOVISION|Innovision|Innovision Limited,,INE0ADB01012,544732,IIFL_SCRIPMASTER
INOXGREEN,BSE,543667.BO,Inox Green Energy Services Lim,INOXGREEN|Inox Green Energy Services Lim,,INE510W01014,543667,IIFL_SCRIPMASTER
INOXINDIA,BSE,544046.BO,Inox India,INOXINDIA|Inox India|Inox India Limited,,INE616N01034,544046,IIFL_SCRIPMASTER
INOXWIND,BSE,539083.BO,Inox Wind,INOXWIND|Inox Wind|Inox Wind Limited,,INE066P01011,539083,IIFL_SCRIPMASTER
INSECTICID,BSE,532851.BO,Insecticides (India),INSECTICID|Insecticides (India)|Insecticides (India) Limited,,INE070I01018,532851,IIFL_SCRIPMASTER
INA,BSE,543620.BO,Insolation Energy,INA|Insolation Energy|Insolation Energy Limited,,INE0LGX01024,543620,IIFL_SCRIPMASTER
INSPIRE,BSE,210662.BO,Inspire Films,INSPIRE|Inspire Films|Inspire Films Limited,,INE0NDX01019,210662,IIFL_SCRIPMASTER
INSPIRISYS,BSE,532774.BO,Inspirisys Solutions,INSPIRISYS|Inspirisys Solutions|Inspirisys Solutions Limited,,INE020G01017,532774,IIFL_SCRIPMASTER
INTECCAP,BSE,526871.BO,Intec Capital,INTECCAP|Intec Capital|Intec Capital Limited,,INE017E01018,526871,IIFL_SCRIPMASTER
INTCAPL,BSE,531314.BO,Integra Capital,INTCAPL|Integra Capital|Integra Capital Limited,,INE366H01012,531314,IIFL_SCRIPMASTER
INTEGRAEN,BSE,505358.BO,Integra Engineering India,INTEGRAEN|Integra Engineering India|Integra Engineering India Limited,,INE984B01023,505358,IIFL_SCRIPMASTER
ICSL,BSE,539149.BO,Integrated Capital Services Lt,ICSL|Integrated Capital Services Lt,,INE682B01023,539149,IIFL_SCRIPMASTER
IPSL,BSE,209236.BO,Integrated Perso Ser,IPSL|Integrated Perso Ser|Integrated Perso Ser Limited,,INE02EE01019,209236,IIFL_SCRIPMASTER
INTEGRITY,BSE,213323.BO,Integrity Infrabuild De L,INTEGRITY|Integrity Infrabuild De L,,INE0YSH01017,213323,IIFL_SCRIPMASTER
INTELLECT,BSE,538835.BO,Intellect Design Arena,INTELLECT|Intellect Design Arena|Intellect Design Arena Limited,,INE306R01017,538835,IIFL_SCRIPMASTER
ISCITRUST,BSE,544005.BO,Intelligent Supply Chain Infra,ISCITRUST|Intelligent Supply Chain Infra,,INE0QSW23016,544005,IIFL_SCRIPMASTER
INTENTECH,BSE,532326.BO,Intense Technologies,INTENTECH|Intense Technologies|Intense Technologies Limited,,INE781A01025,532326,IIFL_SCRIPMASTER
INTRGLB,BSE,511391.BO,Inter Globe Finance,INTRGLB|Inter Globe Finance|Inter Globe Finance Limited,,INE661M01016,511391,IIFL_SCRIPMASTER
INTSTOIL,BSE,530259.BO,Inter State Oil Carrier,INTSTOIL|Inter State Oil Carrier|Inter State Oil Carrier Limited,,INE003B01014,530259,IIFL_SCRIPMASTER
IFINSER,BSE,539692.BO,Interactive Financial Services,IFINSER|Interactive Financial Services,,INE064T01018,539692,IIFL_SCRIPMASTER
INTERARCH,BSE,544232.BO,Interarch Building Solutions L,INTERARCH|Interarch Building Solutions L,,INE00M901018,544232,IIFL_SCRIPMASTER
INDIGO,BSE,539448.BO,Interglobe Aviation,INDIGO|Interglobe Aviation|Interglobe Aviation Limited,,INE646L01027,539448,IIFL_SCRIPMASTER
INM,BSE,211172.BO,Interiors & More,INM|Interiors & More|Interiors & More Limited,,INE0OPC01015,211172,IIFL_SCRIPMASTER
INTERISE,BSE,541300.BO,Interise Trust,INTERISE|Interise Trust,,INE790Z23019,541300,IIFL_SCRIPMASTER
INTLCOMBQ,BSE,505737.BO,International Combustion (Indi,INTLCOMBQ|International Combustion (Indi,,INE403C01014,505737,IIFL_SCRIPMASTER
INTLCONV,BSE,509709.BO,International Conveyors,INTLCONV|International Conveyors|International Conveyors Limited,,INE575C01027,509709,IIFL_SCRIPMASTER
IGIL,BSE,544311.BO,International Gemological Inst,IGIL|International Gemological Inst,,INE0Q9301021,544311,IIFL_SCRIPMASTER
ITHL,BSE,500213.BO,International Travel House,ITHL|International Travel House|International Travel House Limited,,INE262B01016,500213,IIFL_SCRIPMASTER
ISFT,BSE,533181.BO,Intrasoft Technologies,ISFT|Intrasoft Technologies|Intrasoft Technologies Limited,,INE566K01011,533181,IIFL_SCRIPMASTER
INVENTURE,BSE,533506.BO,Inventure Growth & Securities,INVENTURE|Inventure Growth & Securities,,INE878H01024,533506,IIFL_SCRIPMASTER
IKS,BSE,544309.BO,Inventurus Knowledge Solutions,IKS|Inventurus Knowledge Solutions,,INE115Q01022,544309,IIFL_SCRIPMASTER
IVZINGOLD,BSE,533172.BO,Invesco India Gold Exchange Tr,IVZINGOLD|Invesco India Gold Exchange Tr,,INF205KA1BP1,533172,IIFL_SCRIPMASTER
INVPRECQ,BSE,504786.BO,Investment & Precision Casting,INVPRECQ|Investment & Precision Casting,,INE155E01016,504786,IIFL_SCRIPMASTER
INVICTA,BSE,215417.BO,Invicta Diagnostic,INVICTA|Invicta Diagnostic|Invicta Diagnostic Limited,,INE0XJ501010,215417,IIFL_SCRIPMASTER
INVIGO,BSE,511716.BO,Invigorated Business Consultin,INVIGO|Invigorated Business Consultin,,INE359A01012,511716,IIFL_SCRIPMASTER
IOLCP,BSE,524164.BO,Iol Chemicals & Pharmaceutical,IOLCP|Iol Chemicals & Pharmaceutical,,INE485C01029,524164,IIFL_SCRIPMASTER
IONEXCHANG,BSE,500214.BO,Ion Exchange (India),IONEXCHANG|Ion Exchange (India)|Ion Exchange (India) Limited,,INE570A01022,500214,IIFL_SCRIPMASTER
IPRINGLTD,BSE,523638.BO,Ip Rings,IPRINGLTD|Ip Rings|Ip Rings Limited,,INE558A01019,523638,IIFL_SCRIPMASTER
IPCALAB,BSE,524494.BO,Ipca Laboratories,IPCALAB|Ipca Laboratories|Ipca Laboratories Limited,,INE571A01038,524494,IIFL_SCRIPMASTER
IRB,BSE,532947.BO,Irb Infrastructure Developers,IRB|Irb Infrastructure Developers,,INE821I01022,532947,IIFL_SCRIPMASTER
IRBINVIT,BSE,540526.BO,Irb Invit Fund,IRBINVIT|Irb Invit Fund,,INE183W23014,540526,IIFL_SCRIPMASTER
IRCON,BSE,541956.BO,Ircon International,IRCON|Ircon International|Ircon International Limited,,INE962Y01021,541956,IIFL_SCRIPMASTER
IRIS-RE,BSE,212716.BO,Iris Clothings,IRIS-RE|Iris Clothings|Iris Clothings Limited,,INE01GN20017,212716,IIFL_SCRIPMASTER
IRISDOREME,BSE,210539.BO,Iris Clothings,IRISDOREME|Iris Clothings|Iris Clothings Limited,,INE01GN01025,210539,IIFL_SCRIPMASTER
IRIS,BSE,540735.BO,Iris Regtech Solutions,IRIS|Iris Regtech Solutions|Iris Regtech Solutions Limited,,INE864K01010,540735,IIFL_SCRIPMASTER
IRMENERGY,BSE,544004.BO,Irm Energy,IRMENERGY|Irm Energy|Irm Energy Limited,,INE07U701015,544004,IIFL_SCRIPMASTER
IRONWOOD,BSE,508918.BO,Ironwood Education,IRONWOOD|Ironwood Education|Ironwood Education Limited,,INE791H01011,508918,IIFL_SCRIPMASTER
ISFL,BSE,526859.BO,Isf,ISFL|Isf|Isf Limited,,INE973B01026,526859,IIFL_SCRIPMASTER
ISGEC,BSE,533033.BO,Isgec Heavy Engineering,ISGEC|Isgec Heavy Engineering|Isgec Heavy Engineering Limited,,INE858B01029,533033,IIFL_SCRIPMASTER
ISHANCH,BSE,531109.BO,Ishan Dyes and Chemicals Limit,ISHANCH|Ishan Dyes and Chemicals Limit,,INE561M01018,531109,IIFL_SCRIPMASTER
ISHAN,BSE,211046.BO,Ishan International,ISHAN|Ishan International|Ishan International Limited,,INE0LCW01025,211046,IIFL_SCRIPMASTER
ISHITADR,BSE,524400.BO,Ishita Drugs & Industries,ISHITADR|Ishita Drugs & Industries|Ishita Drugs & Industries Limited,,INE806D01016,524400,IIFL_SCRIPMASTER
ISLCONSUL,BSE,511609.BO,Isl Consulting,ISLCONSUL|Isl Consulting|Isl Consulting Limited,,INE569B01022,511609,IIFL_SCRIPMASTER
ISTLTD,BSE,508807.BO,Ist,ISTLTD|Ist|Ist Limited,,INE684B01029,508807,IIFL_SCRIPMASTER
ITALIANE,BSE,211121.BO,Italian Edibles,ITALIANE|Italian Edibles|Italian Edibles Limited,,INE0R7R01018,211121,IIFL_SCRIPMASTER
ITC,BSE,500875.BO,Itc,ITC|Itc|Itc Limited,,INE154A01025,500875,IIFL_SCRIPMASTER
ITCHOTELS,BSE,544325.BO,Itc Hotels,ITCHOTELS|Itc Hotels|Itc Hotels Limited,,INE379A01028,544325,IIFL_SCRIPMASTER
ITI,BSE,523610.BO,Iti,ITI|Iti|Iti Limited,,INE248A01017,523610,IIFL_SCRIPMASTER
ITL,BSE,522183.BO,Itl Industries,ITL|Itl Industries|Itl Industries Limited,,INE478D01014,522183,IIFL_SCRIPMASTER
IVALUE,BSE,544523.BO,Ivalue Infosolutions,IVALUE|Ivalue Infosolutions|Ivalue Infosolutions Limited,,INE056801025,544523,IIFL_SCRIPMASTER
IVP,BSE,507580.BO,Ivp,IVP|Ivp|Ivp Limited,,INE043C01018,507580,IIFL_SCRIPMASTER
IWARE,BSE,213268.BO,Iware Supplychain Ser,IWARE|Iware Supplychain Ser|Iware Supplychain Ser Limited,,INE1AII01014,213268,IIFL_SCRIPMASTER
IZMO,BSE,532341.BO,Izmo,IZMO|Izmo|Izmo Limited,,INE848A01014,532341,IIFL_SCRIPMASTER
JBCHEPHARM,BSE,506943.BO,J.B.Chemicals & Pharmaceutical,J.B.Chemicals & Pharmaceutical|JBCHEPHARM,,INE572A01036,506943,IIFL_SCRIPMASTER
JGCHEM,BSE,544138.BO,J.G.Chemicals,J.G.Chemicals|J.G.Chemicals Limited|JGCHEM,,INE0MB501011,544138,IIFL_SCRIPMASTER
JJFINCOR,BSE,523062.BO,J.J.Finance,J.J.Finance|J.J.Finance Corporation Limited|JJFINCOR,,INE584C01011,523062,IIFL_SCRIPMASTER
JKCEMENT,BSE,532644.BO,J.K.Cement,J.K.Cement|J.K.Cement Limited|JKCEMENT,,INE823G01014,532644,IIFL_SCRIPMASTER
JKIL,BSE,532940.BO,J.Kumar Infraprojects,J.Kumar Infraprojects|J.Kumar Infraprojects Limited|JKIL,,INE576I01022,532940,IIFL_SCRIPMASTER
JACKSON,BSE,538422.BO,Jackson Investments,JACKSON|Jackson Investments|Jackson Investments Limited,,INE508N01025,538422,IIFL_SCRIPMASTER
JAGANLAM,BSE,530711.BO,Jagan Lamps,JAGANLAM|Jagan Lamps|Jagan Lamps Limited,,INE144C01014,530711,IIFL_SCRIPMASTER
JAGAJITIND,BSE,507155.BO,Jagatjit Industries,JAGAJITIND|Jagatjit Industries|Jagatjit Industries Limited,,INE574A01016,507155,IIFL_SCRIPMASTER
JAGJANANI,BSE,532825.BO,Jagjanani Textiles,JAGJANANI|Jagjanani Textiles|Jagjanani Textiles Limited,,INE702H01018,532825,IIFL_SCRIPMASTER
JAGRAN,BSE,532705.BO,Jagran Prakashan,JAGRAN|Jagran Prakashan|Jagran Prakashan Limited,,INE199G01027,532705,IIFL_SCRIPMASTER
JAGSNPHARM,BSE,507789.BO,Jagsonpal Pharmaceuticals,JAGSNPHARM|Jagsonpal Pharmaceuticals|Jagsonpal Pharmaceuticals Limited,,INE048B01035,507789,IIFL_SCRIPMASTER
JAGSONSER,BSE,530601.BO,Jagsonpal Services,JAGSONSER|Jagsonpal Services|Jagsonpal Services Limited,,INE582C01015,530601,IIFL_SCRIPMASTER
JAICORPLTD,BSE,512237.BO,Jai Corp,JAICORPLTD|Jai Corp|Jai Corp Limited,,INE070D01027,512237,IIFL_SCRIPMASTER
JAIHIND,BSE,514312.BO,Jaihind Industries,JAIHIND|Jaihind Industries|Jaihind Industries Limited,,INE156E01014,514312,IIFL_SCRIPMASTER
JISLDVREQS,BSE,570004.BO,Jain Irrigation Systems,JISLDVREQS|Jain Irrigation Systems|Jain Irrigation Systems Limited,,IN9175A01010,570004,IIFL_SCRIPMASTER
JISLJALEQS,BSE,500219.BO,Jain Irrigation Systems,JISLJALEQS|Jain Irrigation Systems|Jain Irrigation Systems Limited,,INE175A01038,500219,IIFL_SCRIPMASTER
JAINMARMO,BSE,539119.BO,Jain Marmo Industries,JAINMARMO|Jain Marmo Industries|Jain Marmo Industries Limited,,INE780Q01015,539119,IIFL_SCRIPMASTER
JAINREC,BSE,544537.BO,Jain Resource Recycling Limite,JAINREC|Jain Resource Recycling Limite,,INE0YD401026,544537,IIFL_SCRIPMASTER
JAINAM,BSE,208299.BO,Jainam Fer Alloys (I),JAINAM|Jainam Fer Alloys (I)|Jainam Fer Alloys (I) Limited,,INE02KC01010,208299,IIFL_SCRIPMASTER
JAINCO,BSE,526865.BO,Jainco Projects (India),JAINCO|Jainco Projects (India)|Jainco Projects (India) Limited,,INE966C01010,526865,IIFL_SCRIPMASTER
JAINEX,BSE,505212.BO,Jainex Aamcol,JAINEX|Jainex Aamcol|Jainex Aamcol Limited,,INE280F01019,505212,IIFL_SCRIPMASTER
JAINIK,BSE,213426.BO,Jainik Power Cables,JAINIK|Jainik Power Cables|Jainik Power Cables Limited,,INE0XIL01012,213426,IIFL_SCRIPMASTER
JAIPAN,BSE,505840.BO,Jaipan Industries,JAIPAN|Jaipan Industries|Jaipan Industries Limited,,INE058D01030,505840,IIFL_SCRIPMASTER
JPPOWER,BSE,532627.BO,Jaiprakash Power Ventures Limi,JPPOWER|Jaiprakash Power Ventures Limi,,INE351F01018,532627,IIFL_SCRIPMASTER
JAKHARIA,BSE,205786.BO,Jakharia Fabric,JAKHARIA|Jakharia Fabric|Jakharia Fabric Limited,,INE00N401018,205786,IIFL_SCRIPMASTER
JALAN,BSE,200738.BO,Jalan Transolu. India,JALAN|Jalan Transolu. India|Jalan Transolu. India Limited,,INE349X01015,200738,IIFL_SCRIPMASTER
JAMESWARREN,BSE,538564.BO,James Warren Tea,JAMESWARREN|James Warren Tea|James Warren Tea Limited,,INE718P01017,538564,IIFL_SCRIPMASTER
J&KBANK,BSE,532209.BO,Jammu & Kashmir Bank,J&KBANK|Jammu & Kashmir Bank|Jammu & Kashmir Bank Limited,,INE168A01041,532209,IIFL_SCRIPMASTER
JAMNAAUTO,BSE,520051.BO,Jamna Auto Industries,JAMNAAUTO|Jamna Auto Industries|Jamna Auto Industries Limited,,INE039C01032,520051,IIFL_SCRIPMASTER
JAMSHRI,BSE,502901.BO,Jamshri Realty,JAMSHRI|Jamshri Realty|Jamshri Realty Limited,,INE462D01034,502901,IIFL_SCRIPMASTER
JSFB,BSE,544118.BO,Jana Small Finance Bank Limite,JSFB|Jana Small Finance Bank Limite,,INE953L01027,544118,IIFL_SCRIPMASTER
JARO,BSE,544534.BO,Jaro Institute of Technology M,JARO|Jaro Institute of Technology M,,INE00YJ01010,544534,IIFL_SCRIPMASTER
JGTL,BSE,544112.BO,Jasch Gauging Technologies Lim,JGTL|Jasch Gauging Technologies Lim,,INE0QXV01014,544112,IIFL_SCRIPMASTER
JASCH,BSE,500220.BO,Jasch Industries,JASCH|Jasch Industries|Jasch Industries Limited,,INE711C01028,500220,IIFL_SCRIPMASTER
JASH,BSE,212139.BO,Jash Engineering,JASH|Jash Engineering|Jash Engineering Limited,,INE039O01029,212139,IIFL_SCRIPMASTER
JASH,BSE,544402.BO,Jash Engineering,JASH|Jash Engineering|Jash Engineering Limited,,INE039O01029,544402,IIFL_SCRIPMASTER
JATTAINDUS,BSE,514318.BO,Jattashankar Industies,JATTAINDUS|Jattashankar Industies|Jattashankar Industies Limited,,INE722N01014,514318,IIFL_SCRIPMASTER
JAYBEE,BSE,211932.BO,Jay Bee Laminations,JAYBEE|Jay Bee Laminations|Jay Bee Laminations Limited,,INE0SMY01017,211932,IIFL_SCRIPMASTER
JAYBARMARU,BSE,520066.BO,Jay Bharat Maruti,JAYBARMARU|Jay Bharat Maruti|Jay Bharat Maruti Limited,,INE571B01036,520066,IIFL_SCRIPMASTER
KORE,BSE,209084.BO,Jay Jalaram Techno,Jay Jalaram Techno|Jay Jalaram Techno Limited|KORE,,INE0J6801010,209084,IIFL_SCRIPMASTER
JAYSREETEA,BSE,509715.BO,Jay Shree Tea & Industries,JAYSREETEA|Jay Shree Tea & Industries|Jay Shree Tea & Industries Limited,,INE364A01020,509715,IIFL_SCRIPMASTER
JAYUSH,BSE,513252.BO,Jay Ushin,JAYUSH|Jay Ushin|Jay Ushin Limited,,INE289D01015,513252,IIFL_SCRIPMASTER
JAYAGROGN,BSE,524330.BO,Jayant Agro-Organics,JAYAGROGN|Jayant Agro-Organics|Jayant Agro-Organics Limited,,INE785A01026,524330,IIFL_SCRIPMASTER
JAYANT,BSE,543544.BO,Jayant Infratech,JAYANT|Jayant Infratech|Jayant Infratech Limited,,INE0KR801019,543544,IIFL_SCRIPMASTER
JAYNECOIND,BSE,522285.BO,Jayaswal Neco Industries,JAYNECOIND|Jayaswal Neco Industries|Jayaswal Neco Industries Limited,,INE854B01010,522285,IIFL_SCRIPMASTER
JAYIND,BSE,531323.BO,Jayatma Industries,JAYIND|Jayatma Industries|Jayatma Industries Limited,,INE250D01017,531323,IIFL_SCRIPMASTER
JAYESH,BSE,215267.BO,Jayesh Logistics,JAYESH|Jayesh Logistics|Jayesh Logistics Limited,,INE1AE401014,215267,IIFL_SCRIPMASTER
JAYKAY,BSE,500306.BO,Jaykay Enterprises,JAYKAY|Jaykay Enterprises|Jaykay Enterprises Limited,,INE903A01025,500306,IIFL_SCRIPMASTER
JAYCH,BSE,506520.BO,Jayshree Chemicals,JAYCH|Jayshree Chemicals|Jayshree Chemicals Limited,,INE693E01016,506520,IIFL_SCRIPMASTER
JAYSYNTH,BSE,524592.BO,Jaysynth Orgochem,JAYSYNTH|Jaysynth Orgochem|Jaysynth Orgochem Limited,,INE263B01022,524592,IIFL_SCRIPMASTER
JBMA,BSE,532605.BO,Jbm Auto,JBMA|Jbm Auto|Jbm Auto Limited,,INE927D01051,532605,IIFL_SCRIPMASTER
JDCABLES,BSE,544524.BO,Jd Cables,JDCABLES|Jd Cables|Jd Cables Limited,,INE14VP01014,544524,IIFL_SCRIPMASTER
JSLL,BSE,208743.BO,Jeena Sikho Lifecare,JSLL|Jeena Sikho Lifecare|Jeena Sikho Lifecare Limited,,INE0J5801029,208743,IIFL_SCRIPMASTER
JSLL,BSE,544476.BO,Jeena Sikho Lifecare,JSLL|Jeena Sikho Lifecare|Jeena Sikho Lifecare Limited,,INE0J5801029,544476,IIFL_SCRIPMASTER
JSTL,BSE,538837.BO,Jeevan Scientific Technology L,JSTL|Jeevan Scientific Technology L,,INE237B01018,538837,IIFL_SCRIPMASTER
JENBURPH,BSE,524731.BO,Jenburkt Pharmaceuticals,JENBURPH|Jenburkt Pharmaceuticals|Jenburkt Pharmaceuticals Limited,,INE354A01013,524731,IIFL_SCRIPMASTER
JETFREIGHT,BSE,543420.BO,Jet Freight Logistics,JETFREIGHT|Jet Freight Logistics|Jet Freight Logistics Limited,,INE982V01025,543420,IIFL_SCRIPMASTER
JETKNIT,BSE,200428.BO,Jet Knitwears,JETKNIT|Jet Knitwears|Jet Knitwears Limited,,INE564T01017,200428,IIFL_SCRIPMASTER
JETSOLAR,BSE,538794.BO,Jet Solar,JETSOLAR|Jet Solar|Jet Solar Limited,,INE155R01018,538794,IIFL_SCRIPMASTER
JETKINGQ,BSE,517063.BO,Jetking Infotrain,JETKINGQ|Jetking Infotrain|Jetking Infotrain Limited,,INE919C01019,517063,IIFL_SCRIPMASTER
JEYYAM,BSE,211957.BO,Jeyyam Global Foods,JEYYAM|Jeyyam Global Foods|Jeyyam Global Foods Limited,,INE0RXB01022,211957,IIFL_SCRIPMASTER
JFL-RE,BSE,215910.BO,Jfl Life Sciences,JFL-RE|Jfl Life Sciences|Jfl Life Sciences Limited,,INE0LA920015,215910,IIFL_SCRIPMASTER
JFLLIFE,BSE,209086.BO,Jfl Life Sciences,JFLLIFE|Jfl Life Sciences|Jfl Life Sciences Limited,,INE0LA901015,209086,IIFL_SCRIPMASTER
JHACC,BSE,531550.BO,Jhaveri Credits & Capital,JHACC|Jhaveri Credits & Capital|Jhaveri Credits & Capital Limited,,INE865D01012,531550,IIFL_SCRIPMASTER
JHS,BSE,532771.BO,Jhs Svendgaard Laboratories Lt,JHS|Jhs Svendgaard Laboratories Lt,,INE544H01014,532771,IIFL_SCRIPMASTER
RETAIL,BSE,544197.BO,Jhs Svendgaard Retail Ventures,Jhs Svendgaard Retail Ventures|RETAIL,,INE03DD01011,544197,IIFL_SCRIPMASTER
JIGAR,BSE,540651.BO,Jigar Cables,JIGAR|Jigar Cables|Jigar Cables Limited,,INE943X01015,540651,IIFL_SCRIPMASTER
JINDCAP,BSE,530405.BO,Jindal Capital,JINDCAP|Jindal Capital|Jindal Capital Limited,,INE356F01017,530405,IIFL_SCRIPMASTER
JINDRILL,BSE,511034.BO,Jindal Drilling & Industries L,JINDRILL|Jindal Drilling & Industries L,,INE742C01031,511034,IIFL_SCRIPMASTER
JINDHOT,BSE,507981.BO,Jindal Hotels,JINDHOT|Jindal Hotels|Jindal Hotels Limited,,INE726D01016,507981,IIFL_SCRIPMASTER
JINDALPHOT,BSE,532624.BO,Jindal Photo,JINDALPHOT|Jindal Photo|Jindal Photo Limited,,INE796G01012,532624,IIFL_SCRIPMASTER
JINDALPOLY,BSE,500227.BO,Jindal Poly Films,JINDALPOLY|Jindal Poly Films|Jindal Poly Films Limited,,INE197D01010,500227,IIFL_SCRIPMASTER
JPOLYINVST,BSE,536773.BO,Jindal Poly Investment and Fin,JPOLYINVST|Jindal Poly Investment and Fin,,INE147P01019,536773,IIFL_SCRIPMASTER
JINDALSAW,BSE,500378.BO,Jindal Saw,JINDALSAW|Jindal Saw|Jindal Saw Limited,,INE324A01032,500378,IIFL_SCRIPMASTER
JSL,BSE,532508.BO,Jindal Stainless,JSL|Jindal Stainless|Jindal Stainless Limited,,INE220G01021,532508,IIFL_SCRIPMASTER
JINDALSTEL,BSE,532286.BO,Jindal Steel,JINDALSTEL|Jindal Steel|Jindal Steel Limited,,INE749A01030,532286,IIFL_SCRIPMASTER
JINDWORLD,BSE,531543.BO,Jindal Worldwide,JINDWORLD|Jindal Worldwide|Jindal Worldwide Limited,,INE247D01039,531543,IIFL_SCRIPMASTER
JIOFIN,BSE,543940.BO,Jio Financial Services,JIOFIN|Jio Financial Services|Jio Financial Services Limited,,INE758E01017,543940,IIFL_SCRIPMASTER
JIWANRAM,BSE,210615.BO,Jiwanram Sheoduttra Ind L,JIWANRAM|Jiwanram Sheoduttra Ind L,,INE0N5H01017,210615,IIFL_SCRIPMASTER
JKAGRI,BSE,536493.BO,Jk Agri Genetics,JKAGRI|Jk Agri Genetics|Jk Agri Genetics Limited,,INE690O01011,536493,IIFL_SCRIPMASTER
JKLAKSHMI,BSE,500380.BO,Jk Lakshmi Cement,JKLAKSHMI|Jk Lakshmi Cement|Jk Lakshmi Cement Limited,,INE786A01032,500380,IIFL_SCRIPMASTER
JKPAPER,BSE,532162.BO,Jk Paper,JKPAPER|Jk Paper|Jk Paper Limited,,INE789E01012,532162,IIFL_SCRIPMASTER
JKTYRE,BSE,530007.BO,Jk Tyre & Industries,JKTYRE|Jk Tyre & Industries|Jk Tyre & Industries Limited,,INE573A01042,530007,IIFL_SCRIPMASTER
JSHL,BSE,538765.BO,Jla Infraville Shoppers Limite,JSHL|Jla Infraville Shoppers Limite,,INE401Q01018,538765,IIFL_SCRIPMASTER
JMFINANCIL,BSE,523405.BO,Jm Financial,JMFINANCIL|Jm Financial|Jm Financial Limited,,INE780C01023,523405,IIFL_SCRIPMASTER
JMDVL,BSE,511092.BO,Jmd Ventures,JMDVL|Jmd Ventures|Jmd Ventures Limited,,INE047E01031,511092,IIFL_SCRIPMASTER
JMJFIN,BSE,538834.BO,Jmj Fintech,JMJFIN|Jmj Fintech|Jmj Fintech Limited,,INE242Q01016,538834,IIFL_SCRIPMASTER
JNKINDIA,BSE,544167.BO,Jnk India,JNKINDIA|Jnk India|Jnk India Limited,,INE0OAF01028,544167,IIFL_SCRIPMASTER
JOCIL,BSE,204263.BO,Jocil,JOCIL|Jocil|Jocil Limited,,INE839G01010,204263,IIFL_SCRIPMASTER
COCKERILL,BSE,500147.BO,John Cockerill India,COCKERILL|John Cockerill India|John Cockerill India Limited,,INE515A01019,500147,IIFL_SCRIPMASTER
JOHNPHARMA,BSE,532154.BO,Johnson Pharmacare,JOHNPHARMA|Johnson Pharmacare|Johnson Pharmacare Limited,,INE560F01022,532154,IIFL_SCRIPMASTER
JOINDRE,BSE,531861.BO,Joindre Capital Services,JOINDRE|Joindre Capital Services|Joindre Capital Services Limited,,INE024B01010,531861,IIFL_SCRIPMASTER
JOJO,BSE,531910.BO,Jojo,JOJO|Jojo|Jojo Limited,,INE312M01016,531910,IIFL_SCRIPMASTER
JOSTS,BSE,505750.BO,Josts Engineering Co.,JOSTS|Josts Engineering Co.|Josts Engineering Co.Limited,,INE636D01041,505750,IIFL_SCRIPMASTER
JSLINDL,BSE,504080.BO,Jsl Industries,JSLINDL|Jsl Industries|Jsl Industries Limited,,INE581L01018,504080,IIFL_SCRIPMASTER
JSWCEMENT,BSE,544480.BO,Jsw Cement,JSWCEMENT|Jsw Cement|Jsw Cement Limited,,INE718I01012,544480,IIFL_SCRIPMASTER
JSWDULUX,BSE,500710.BO,Jsw Dulux,JSWDULUX|Jsw Dulux|Jsw Dulux Limited,,INE133A01011,500710,IIFL_SCRIPMASTER
JSWENERGY,BSE,533148.BO,Jsw Energy,JSWENERGY|Jsw Energy|Jsw Energy Limited,,INE121E01018,533148,IIFL_SCRIPMASTER
JSWHL,BSE,532642.BO,Jsw Holdings,JSWHL|Jsw Holdings|Jsw Holdings Limited,,INE824G01012,532642,IIFL_SCRIPMASTER
JSWINFRA,BSE,543994.BO,Jsw Infrastructure,JSWINFRA|Jsw Infrastructure|Jsw Infrastructure Limited,,INE880J01026,543994,IIFL_SCRIPMASTER
JSWSTEEL,BSE,500228.BO,Jsw Steel,JSWSTEEL|Jsw Steel|Jsw Steel Limited,,INE019A01038,500228,IIFL_SCRIPMASTER
JTEKTINDIA,BSE,520057.BO,Jtekt India,JTEKTINDIA|Jtekt India|Jtekt India Limited,,INE643A01035,520057,IIFL_SCRIPMASTER
JTLIND,BSE,534600.BO,Jtl Industries,JTLIND|Jtl Industries|Jtl Industries Limited,,INE391J01032,534600,IIFL_SCRIPMASTER
JUBLCPL,BSE,544355.BO,Jubilant Agri and Consumer Pro,JUBLCPL|Jubilant Agri and Consumer Pro,,INE03CC01015,544355,IIFL_SCRIPMASTER
JUBLFOOD,BSE,533155.BO,Jubilant Foodworks,JUBLFOOD|Jubilant Foodworks|Jubilant Foodworks Limited,,INE797F01020,533155,IIFL_SCRIPMASTER
JUBLINGREA,BSE,543271.BO,Jubilant Ingrevia,JUBLINGREA|Jubilant Ingrevia|Jubilant Ingrevia Limited,,INE0BY001018,543271,IIFL_SCRIPMASTER
JUBLPHARMA,BSE,530019.BO,Jubilant Pharmova,JUBLPHARMA|Jubilant Pharmova|Jubilant Pharmova Limited,,INE700A01033,530019,IIFL_SCRIPMASTER
JULIEN,BSE,536073.BO,Julien Agro Infratech,JULIEN|Julien Agro Infratech|Julien Agro Infratech Limited,,INE890N01027,536073,IIFL_SCRIPMASTER
JMA,BSE,200283.BO,Jullundur Mot Agency,JMA|Jullundur Mot Agency|Jullundur Mot Agency Limited,,INE412C01023,200283,IIFL_SCRIPMASTER
JUMBO,BSE,516078.BO,Jumbo Bag,JUMBO|Jumbo Bag|Jumbo Bag Limited,,INE699D01015,516078,IIFL_SCRIPMASTER
JUNGLECAMP,BSE,544304.BO,Jungle Camps India,JUNGLECAMP|Jungle Camps India|Jungle Camps India Limited,,INE0WCH01015,544304,IIFL_SCRIPMASTER
JUNIPER,BSE,544129.BO,Juniper Hotels,JUNIPER|Juniper Hotels|Juniper Hotels Limited,,INE696F01016,544129,IIFL_SCRIPMASTER
JLHL,BSE,543980.BO,Jupiter Life Line Hospitals Li,JLHL|Jupiter Life Line Hospitals Li,,INE682M01012,543980,IIFL_SCRIPMASTER
JWL,BSE,533272.BO,Jupiter Wagons,JWL|Jupiter Wagons|Jupiter Wagons Limited,,INE209L01016,533272,IIFL_SCRIPMASTER
JUSTDIAL,BSE,535648.BO,Just Dial,JUSTDIAL|Just Dial|Just Dial Limited,,INE599M01018,535648,IIFL_SCRIPMASTER
JUSTO,BSE,544542.BO,Justo Realfintech,JUSTO|Justo Realfintech|Justo Realfintech Limited,,INE0W5Q01017,544542,IIFL_SCRIPMASTER
JYOTHYLAB,BSE,532926.BO,Jyothy Labs,JYOTHYLAB|Jyothy Labs|Jyothy Labs Limited,,INE668F01031,532926,IIFL_SCRIPMASTER
JYOTI,BSE,504076.BO,Jyoti,JYOTI|Jyoti|Jyoti Limited,,INE511D01012,504076,IIFL_SCRIPMASTER
JYOTICNC,BSE,544081.BO,Jyoti Cnc Automation,JYOTICNC|Jyoti Cnc Automation|Jyoti Cnc Automation Limited,,INE980O01024,544081,IIFL_SCRIPMASTER
JYOTIGLOBL,BSE,213638.BO,Jyoti Global Plast,JYOTIGLOBL|Jyoti Global Plast|Jyoti Global Plast Limited,,INE1M3T01017,213638,IIFL_SCRIPMASTER
JYOTIRES,BSE,514448.BO,Jyoti Resins & Adhesives,JYOTIRES|Jyoti Resins & Adhesives|Jyoti Resins & Adhesives Limited,,INE577D01013,514448,IIFL_SCRIPMASTER
JYOTISTRUC,BSE,513250.BO,Jyoti Structures,JYOTISTRUC|Jyoti Structures|Jyoti Structures Limited,,INE197A01024,513250,IIFL_SCRIPMASTER
KKSILK,BSE,544624.BO,K K Silk Mills,K K Silk Mills|K K Silk Mills Limited|KKSILK,,INE0EOJ01014,544624,IIFL_SCRIPMASTER
KRRAIL,BSE,514360.BO,K&R Rail Engineering,K&R Rail Engineering|K&R Rail Engineering Limited|KRRAIL,,INE078T01026,514360,IIFL_SCRIPMASTER
KVTOYS,BSE,544641.BO,K. V. Toys India,K. V. Toys India|K. V. Toys India Limited|KVTOYS,,INE1IE301018,544641,IIFL_SCRIPMASTER
KCP,BSE,590066.BO,K.C.P.,K.C.P.|K.C.P.Limited|KCP,,INE805C01028,590066,IIFL_SCRIPMASTER
KMSUGAR,BSE,532673.BO,K.M.Sugar Mills,K.M.Sugar Mills|K.M.Sugar Mills Limited|KMSUGAR,,INE157H01023,532673,IIFL_SCRIPMASTER
KPEL,BSE,539686.BO,K.P. Energy,K.P. Energy|K.P. Energy Limited|KPEL,,INE127T01021,539686,IIFL_SCRIPMASTER
KPRMILL,BSE,532889.BO,K.P.R.Mill,K.P.R.Mill|K.P.R.Mill Limited|KPRMILL,,INE930H01031,532889,IIFL_SCRIPMASTER
KZLFIN,BSE,511728.BO,K.Z.Leasing & Finance,K.Z.Leasing & Finance|K.Z.Leasing & Finance Limited|KZLFIN,,INE006C01015,511728,IIFL_SCRIPMASTER
K2INFRA,BSE,211494.BO,K2 Infragen,K2 Infragen|K2 Infragen Limited|K2INFRA,,INE0DEZ01013,211494,IIFL_SCRIPMASTER
KABRADG,BSE,524322.BO,Kabra Drugs,KABRADG|Kabra Drugs|Kabra Drugs Limited,,INE323K01017,524322,IIFL_SCRIPMASTER
KABRAEXTRU,BSE,524109.BO,Kabra Extrusiontechnik,KABRAEXTRU|Kabra Extrusiontechnik|Kabra Extrusiontechnik Limited,,INE900B01029,524109,IIFL_SCRIPMASTER
KKJEWELS,BSE,212401.BO,Kabra Jewels,KKJEWELS|Kabra Jewels|Kabra Jewels Limited,,INE0XOW01017,212401,IIFL_SCRIPMASTER
KAHAN,BSE,543979.BO,Kahan Packaging,KAHAN|Kahan Packaging|Kahan Packaging Limited,,INE04T901017,543979,IIFL_SCRIPMASTER
KAIRA,BSE,504840.BO,Kaira Can Co.,KAIRA|Kaira Can Co.|Kaira Can Co.Limited,,INE375D01012,504840,IIFL_SCRIPMASTER
KAIZENAGRO,BSE,538833.BO,Kaizen Agro Infrabuild,KAIZENAGRO|Kaizen Agro Infrabuild|Kaizen Agro Infrabuild Limited,,INE891N01017,538833,IIFL_SCRIPMASTER
KAJARIACER,BSE,500233.BO,Kajaria Ceramics,KAJARIACER|Kajaria Ceramics|Kajaria Ceramics Limited,,INE217B01036,500233,IIFL_SCRIPMASTER
KAKA,BSE,543939.BO,Kaka Industries,KAKA|Kaka Industries|Kaka Industries Limited,,INE0P3N01018,543939,IIFL_SCRIPMASTER
KAKTEX,BSE,521054.BO,Kakatiya Textiles,KAKTEX|Kakatiya Textiles|Kakatiya Textiles Limited,,INE092E01011,521054,IIFL_SCRIPMASTER
KTL,BSE,211169.BO,Kalahridhaan Trendz,KTL|Kalahridhaan Trendz|Kalahridhaan Trendz Limited,,INE02M801018,211169,IIFL_SCRIPMASTER
KALANA,BSE,212013.BO,Kalana Ispat,KALANA|Kalana Ispat|Kalana Ispat Limited,,INE0T0L01014,212013,IIFL_SCRIPMASTER
KALPACOMME,BSE,539014.BO,Kalpa Commercial,KALPACOMME|Kalpa Commercial|Kalpa Commercial Limited,,INE059Q01014,539014,IIFL_SCRIPMASTER
KALPATARU,BSE,544423.BO,Kalpataru,KALPATARU|Kalpataru|Kalpataru Limited,,INE227J01012,544423,IIFL_SCRIPMASTER
KPIL,BSE,522287.BO,Kalpataru Projects Internation,KPIL|Kalpataru Projects Internation,,INE220B01022,522287,IIFL_SCRIPMASTER
KALYANKJIL,BSE,543278.BO,Kalyan Jewellers India,KALYANKJIL|Kalyan Jewellers India|Kalyan Jewellers India Limited,,INE303R01014,543278,IIFL_SCRIPMASTER
KALYANI,BSE,204505.BO,Kalyani Commercials,KALYANI|Kalyani Commercials|Kalyani Commercials Limited,,INE610E01010,204505,IIFL_SCRIPMASTER
KALYANIFRG,BSE,513509.BO,Kalyani Forge,KALYANIFRG|Kalyani Forge|Kalyani Forge Limited,,INE314G01014,513509,IIFL_SCRIPMASTER
KICL,BSE,533302.BO,Kalyani Investment Company,KICL|Kalyani Investment Company|Kalyani Investment Company Limited,,INE029L01018,533302,IIFL_SCRIPMASTER
KSL,BSE,500235.BO,Kalyani Steels,KSL|Kalyani Steels|Kalyani Steels Limited,,INE907A01026,500235,IIFL_SCRIPMASTER
KAMAHOLD,BSE,532468.BO,Kama Holdings,KAMAHOLD|Kama Holdings|Kama Holdings Limited,,INE411F01010,532468,IIFL_SCRIPMASTER
KAMANWALA,BSE,511131.BO,Kamanwala Housing Construction,KAMANWALA|Kamanwala Housing Construction,,INE344D01018,511131,IIFL_SCRIPMASTER
KAMATHOTEL,BSE,526668.BO,Kamat Hotels (India),KAMATHOTEL|Kamat Hotels (India)|Kamat Hotels (India) Limited,,INE967C01018,526668,IIFL_SCRIPMASTER
KAMDHENU,BSE,532741.BO,Kamdhenu,KAMDHENU|Kamdhenu|Kamdhenu Limited,,INE390H01020,532741,IIFL_SCRIPMASTER
KAMOPAINTS,BSE,543747.BO,Kamdhenu Ventures,KAMOPAINTS|Kamdhenu Ventures|Kamdhenu Ventures Limited,,INE0BTI01037,543747,IIFL_SCRIPMASTER
KANANIIND,BSE,506184.BO,Kanani Industries,KANANIIND|Kanani Industries|Kanani Industries Limited,,INE879E01037,506184,IIFL_SCRIPMASTER
KANCOENT,BSE,590084.BO,Kanco Enterprises,KANCOENT|Kanco Enterprises|Kanco Enterprises Limited,,INE248D01011,590084,IIFL_SCRIPMASTER
KANCOTEA,BSE,541005.BO,Kanco Tea & Industries,KANCOTEA|Kanco Tea & Industries|Kanco Tea & Industries Limited,,INE398L01017,541005,IIFL_SCRIPMASTER
KANDARP,BSE,209130.BO,Kandarp Dg Smart Bpo,KANDARP|Kandarp Dg Smart Bpo|Kandarp Dg Smart Bpo Limited,,INE0MOT01016,209130,IIFL_SCRIPMASTER
KANSHST,BSE,513456.BO,Kanishk Steel Industries,KANSHST|Kanishk Steel Industries|Kanishk Steel Industries Limited,,INE791E01018,513456,IIFL_SCRIPMASTER
KEIL,BSE,539620.BO,Kanoria Energy & Infrastructur,KEIL|Kanoria Energy & Infrastructur,,INE534E01020,539620,IIFL_SCRIPMASTER
KANPRPLA,BSE,507779.BO,Kanpur Plastipack,KANPRPLA|Kanpur Plastipack|Kanpur Plastipack Limited,,INE694E01014,507779,IIFL_SCRIPMASTER
KANSAINER,BSE,500165.BO,Kansai Nerolac Paints,KANSAINER|Kansai Nerolac Paints|Kansai Nerolac Paints Limited,,INE531A01024,500165,IIFL_SCRIPMASTER
KANUNGO,BSE,540515.BO,Kanungo Financiers,KANUNGO|Kanungo Financiers|Kanungo Financiers Limited,,INE453S01015,540515,IIFL_SCRIPMASTER
KAPILRAJ,BSE,539679.BO,Kapil Raj Finance,KAPILRAJ|Kapil Raj Finance|Kapil Raj Finance Limited,,INE332Q01023,539679,IIFL_SCRIPMASTER
KAPSTON,BSE,211859.BO,Kapston Services,KAPSTON|Kapston Services|Kapston Services Limited,,INE542Z01028,211859,IIFL_SCRIPMASTER
KARANWO,BSE,526115.BO,Karan Woo-Sin,KARANWO|Karan Woo-Sin|Karan Woo-Sin Limited,,INE327D01013,526115,IIFL_SCRIPMASTER
KARBON,BSE,544511.BO,Karbonsteel Engineering Limite,KARBON|Karbonsteel Engineering Limite,,INE0V8A01016,544511,IIFL_SCRIPMASTER
KARMAENG,BSE,533451.BO,Karma Energy,KARMAENG|Karma Energy|Karma Energy Limited,,INE725L01011,533451,IIFL_SCRIPMASTER
KTKBANK,BSE,532652.BO,Karnataka Bank,KTKBANK|Karnataka Bank|Karnataka Bank Limited,,INE614B01018,532652,IIFL_SCRIPMASTER
KARNAVATI,BSE,538928.BO,Karnavati Finance,KARNAVATI|Karnavati Finance|Karnavati Finance Limited,,INE554R01020,538928,IIFL_SCRIPMASTER
KARNIKA,BSE,210697.BO,Karnika Industries,KARNIKA|Karnika Industries|Karnika Industries Limited,,INE0MGA01012,210697,IIFL_SCRIPMASTER
KCSL,BSE,537784.BO,Karnimata Cold Storage,KCSL|Karnimata Cold Storage|Karnimata Cold Storage Limited,,INE576P01019,537784,IIFL_SCRIPMASTER
KARURVYSYA,BSE,590003.BO,Karur Vysya Bank,KARURVYSYA|Karur Vysya Bank|Karur Vysya Bank Limited,,INE036D01028,590003,IIFL_SCRIPMASTER
KASTURI,BSE,544688.BO,Kasturi Metal Composite Limite,KASTURI|Kasturi Metal Composite Limite,,INE0T1301023,544688,IIFL_SCRIPMASTER
KATRSPG,BSE,502933.BO,Katare Spinning Mills,KATRSPG|Katare Spinning Mills|Katare Spinning Mills Limited,,INE498G01015,502933,IIFL_SCRIPMASTER
KATARIA,BSE,211785.BO,Kataria Industries,KATARIA|Kataria Industries|Kataria Industries Limited,,INE0SVY01018,211785,IIFL_SCRIPMASTER
KATIPATANG,BSE,531126.BO,Kati Patang Lifestyle,KATIPATANG|Kati Patang Lifestyle|Kati Patang Lifestyle Limited,,INE237C01016,531126,IIFL_SCRIPMASTER
KAUSHALYA,BSE,532925.BO,Kaushalya Infrastructure Devel,KAUSHALYA|Kaushalya Infrastructure Devel,,INE234I01028,532925,IIFL_SCRIPMASTER
KLL,BSE,210988.BO,Kaushalya Logistics,KLL|Kaushalya Logistics|Kaushalya Logistics Limited,,INE0Q2V01012,210988,IIFL_SCRIPMASTER
KSCL,BSE,532899.BO,Kaveri Seed Company,KSCL|Kaveri Seed Company|Kaveri Seed Company Limited,,INE455I01029,532899,IIFL_SCRIPMASTER
KAVDEFENCE,BSE,590041.BO,Kavveri Defence &Amp; Wireless,KAVDEFENCE|Kavveri Defence &Amp; Wireless,,INE641C01019,590041,IIFL_SCRIPMASTER
KCEIL,BSE,210987.BO,Kay Cee Energy & Infra L,KCEIL|Kay Cee Energy & Infra L,,INE0RCG01017,210987,IIFL_SCRIPMASTER
KAYPOWR,BSE,530255.BO,Kay Power and Paper,KAYPOWR|Kay Power and Paper|Kay Power and Paper Limited,,INE961B01013,530255,IIFL_SCRIPMASTER
KAYA,BSE,539276.BO,Kaya,KAYA|Kaya|Kaya Limited,,INE587G01015,539276,IIFL_SCRIPMASTER
KAYCEEI,BSE,504084.BO,Kaycee Industries,KAYCEEI|Kaycee Industries|Kaycee Industries Limited,,INE813G01023,504084,IIFL_SCRIPMASTER
KAYNES,BSE,543664.BO,Kaynes Technology India Limite,KAYNES|Kaynes Technology India Limite,,INE918Z01012,543664,IIFL_SCRIPMASTER
KAYTEX,BSE,213602.BO,Kaytex Fabrics,KAYTEX|Kaytex Fabrics|Kaytex Fabrics Limited,,INE13ZD01013,213602,IIFL_SCRIPMASTER
KBSINDIA,BSE,530357.BO,Kbs India,KBSINDIA|Kbs India|Kbs India Limited,,INE883D01023,530357,IIFL_SCRIPMASTER
KCDGROUP,BSE,540696.BO,Kcd Industries India,KCDGROUP|Kcd Industries India|Kcd Industries India Limited,,INE185U01035,540696,IIFL_SCRIPMASTER
KCK,BSE,212140.BO,Kck Industries,KCK|Kck Industries|Kck Industries Limited,,INE0J1E01027,212140,IIFL_SCRIPMASTER
KCLINFRA,BSE,531784.BO,Kcl Infra Projects,KCLINFRA|Kcl Infra Projects|Kcl Infra Projects Limited,,INE469F01026,531784,IIFL_SCRIPMASTER
KCPSUGIND,BSE,533192.BO,Kcp Sugar & Industries Corpora,KCPSUGIND|Kcp Sugar & Industries Corpora,,INE790B01024,533192,IIFL_SCRIPMASTER
KDDL,BSE,532054.BO,Kddl,KDDL|Kddl|Kddl Limited,,INE291D01011,532054,IIFL_SCRIPMASTER
KEC,BSE,532714.BO,Kec International,KEC|Kec International|Kec International Limited,,INE389H01022,532714,IIFL_SCRIPMASTER
KEERTHI,BSE,518011.BO,Keerthi Industries,KEERTHI|Keerthi Industries|Keerthi Industries Limited,,INE145L01012,518011,IIFL_SCRIPMASTER
KEI,BSE,517569.BO,Kei Industries,KEI|Kei Industries|Kei Industries Limited,,INE878B01027,517569,IIFL_SCRIPMASTER
KELLTONTEC,BSE,519602.BO,Kellton Tech Solutions,KELLTONTEC|Kellton Tech Solutions|Kellton Tech Solutions Limited,,INE164B01030,519602,IIFL_SCRIPMASTER
KELENRG,BSE,506528.BO,Keltech Energies,KELENRG|Keltech Energies|Keltech Energies Limited,,INE881E01017,506528,IIFL_SCRIPMASTER
KEMISTAR,BSE,531163.BO,Kemistar,KEMISTAR|Kemistar|Kemistar Corporation Limited,,INE971L01029,531163,IIFL_SCRIPMASTER
KEMP,BSE,506530.BO,Kemp & Company,KEMP|Kemp & Company|Kemp & Company Limited,,INE060E01018,506530,IIFL_SCRIPMASTER
KEN,BSE,212482.BO,Ken Enterprises,KEN|Ken Enterprises|Ken Enterprises Limited,,INE15DO01012,212482,IIFL_SCRIPMASTER
KENFIN,BSE,530547.BO,Ken Financial Services,KENFIN|Ken Financial Services|Ken Financial Services Limited,,INE395E01018,530547,IIFL_SCRIPMASTER
KENNAMET,BSE,505890.BO,Kennametal India,KENNAMET|Kennametal India|Kennametal India Limited,,INE717A01029,505890,IIFL_SCRIPMASTER
KENRIK,BSE,544398.BO,Kenrik Industries,KENRIK|Kenrik Industries|Kenrik Industries Limited,,INE0AOG01018,544398,IIFL_SCRIPMASTER
KENVI,BSE,540953.BO,Kenvi Jewels,KENVI|Kenvi Jewels|Kenvi Jewels Limited,,INE923Y01023,540953,IIFL_SCRIPMASTER
KERALAYUR,BSE,530163.BO,Kerala Ayurveda,KERALAYUR|Kerala Ayurveda|Kerala Ayurveda Limited,,INE817B01025,530163,IIFL_SCRIPMASTER
KERNEX,BSE,532686.BO,Kernex Microsystems (India) Lt,KERNEX|Kernex Microsystems (India) Lt,,INE202H01019,532686,IIFL_SCRIPMASTER
KESARENT,BSE,507180.BO,Kesar Enterprises,KESARENT|Kesar Enterprises|Kesar Enterprises Limited,,INE133B01027,507180,IIFL_SCRIPMASTER
KESAR,BSE,543542.BO,Kesar India,KESAR|Kesar India|Kesar India Limited,,INE0L1C01019,543542,IIFL_SCRIPMASTER
KESARPE,BSE,524174.BO,Kesar Petroproducts,KESARPE|Kesar Petroproducts|Kesar Petroproducts Limited,,INE133C01033,524174,IIFL_SCRIPMASTER
KTIL,BSE,533289.BO,Kesar Terminals & Infrastructu,KTIL|Kesar Terminals & Infrastructu,,INE096L01025,533289,IIFL_SCRIPMASTER
KKCL,BSE,532732.BO,Kewal Kiran Clothing,KKCL|Kewal Kiran Clothing|Kewal Kiran Clothing Limited,,INE401H01017,532732,IIFL_SCRIPMASTER
KEYCORP,BSE,507948.BO,Key Corp,KEYCORP|Key Corp|Key Corp Limited,,INE130F01016,507948,IIFL_SCRIPMASTER
KEYFINSERV,BSE,512597.BO,Keynote Financial Services Lim,KEYFINSERV|Keynote Financial Services Lim,,INE681C01015,512597,IIFL_SCRIPMASTER
RUSTOMJEE,BSE,543669.BO,Keystone Realtors,Keystone Realtors|Keystone Realtors Limited|RUSTOMJEE,,INE263M01029,543669,IIFL_SCRIPMASTER
KFINTECH,BSE,543720.BO,Kfin Technologies,KFINTECH|Kfin Technologies|Kfin Technologies Limited,,INE138Y01010,543720,IIFL_SCRIPMASTER
KGDENIM,BSE,500239.BO,Kg Denim,KGDENIM|Kg Denim|Kg Denim Limited,,INE104A01012,500239,IIFL_SCRIPMASTER
KGPETRO,BSE,531609.BO,Kg Petrochem,KGPETRO|Kg Petrochem|Kg Petrochem Limited,,INE902G01016,531609,IIFL_SCRIPMASTER
KHADIM,BSE,540775.BO,Khadim India,KHADIM|Khadim India|Khadim India Limited,,INE834I01025,540775,IIFL_SCRIPMASTER
KHANDSE,BSE,531892.BO,Khandwala Securities,KHANDSE|Khandwala Securities|Khandwala Securities Limited,,INE060B01014,531892,IIFL_SCRIPMASTER
KHAZANCHI,BSE,543953.BO,Khazanchi Jewellers,KHAZANCHI|Khazanchi Jewellers|Khazanchi Jewellers Limited,,INE0OWC01011,543953,IIFL_SCRIPMASTER
KHFM,BSE,202216.BO,Khfm Hos Fac Mana Ser,KHFM|Khfm Hos Fac Mana Ser|Khfm Hos Fac Mana Ser Limited,,INE00UG01014,202216,IIFL_SCRIPMASTER
KHOOBSURAT,BSE,535730.BO,Khoobsurat,KHOOBSURAT|Khoobsurat|Khoobsurat Limited,,INE731G01027,535730,IIFL_SCRIPMASTER
KGVL,BSE,544270.BO,Khyati Global Ventures,KGVL|Khyati Global Ventures|Khyati Global Ventures Limited,,INE0S9501014,544270,IIFL_SCRIPMASTER
KHYATI,BSE,531692.BO,Khyati Multimedia-Entertainmen,KHYATI|Khyati Multimedia-Entertainmen,,INE593B01030,531692,IIFL_SCRIPMASTER
KIAASA,BSE,544711.BO,Kiaasa Retail,KIAASA|Kiaasa Retail|Kiaasa Retail Limited,,INE1C3F01018,544711,IIFL_SCRIPMASTER
KAJARIR,BSE,513693.BO,Kic Metaliks,KAJARIR|Kic Metaliks|Kic Metaliks Limited,,INE434C01027,513693,IIFL_SCRIPMASTER
KIDUJA,BSE,507946.BO,Kiduja India,KIDUJA|Kiduja India|Kiduja India Limited,,INE845A01028,507946,IIFL_SCRIPMASTER
KIFS,BSE,535566.BO,Kifs Financial Services,KIFS|Kifs Financial Services|Kifs Financial Services Limited,,INE902D01013,535566,IIFL_SCRIPMASTER
KLBRENG-B,BSE,522101.BO,Kilburn Engineering,KLBRENG-B|Kilburn Engineering|Kilburn Engineering Limited,,INE338F01015,522101,IIFL_SCRIPMASTER
KILITCH,BSE,524500.BO,Kilitch Drugs (India),KILITCH|Kilitch Drugs (India)|Kilitch Drugs (India) Limited,,INE729D01010,524500,IIFL_SCRIPMASTER
KIMIABL,BSE,530313.BO,Kimia Biosciences,KIMIABL|Kimia Biosciences|Kimia Biosciences Limited,,INE285U01025,530313,IIFL_SCRIPMASTER
KINETICENG,BSE,500240.BO,Kinetic Engineering,KINETICENG|Kinetic Engineering|Kinetic Engineering Limited,,INE266B01017,500240,IIFL_SCRIPMASTER
KINETRU,BSE,531274.BO,Kinetic Trust,KINETRU|Kinetic Trust|Kinetic Trust Limited,,INE674M01019,531274,IIFL_SCRIPMASTER
KINGFA,BSE,524019.BO,Kingfa Science & Technology (I,KINGFA|Kingfa Science & Technology (I,,INE473D01015,524019,IIFL_SCRIPMASTER
KINGSINFR,BSE,530215.BO,Kings Infra Ventures,KINGSINFR|Kings Infra Ventures|Kings Infra Ventures Limited,,INE050N01010,530215,IIFL_SCRIPMASTER
KIOCL,BSE,540680.BO,Kiocl,KIOCL|Kiocl|Kiocl Limited,,INE880L01014,540680,IIFL_SCRIPMASTER
KIRANSY-B,BSE,530443.BO,Kiran Syntex,KIRANSY-B|Kiran Syntex|Kiran Syntex Limited,,INE293D01017,530443,IIFL_SCRIPMASTER
KIRANVYPAR,BSE,537750.BO,Kiran Vyapar,KIRANVYPAR|Kiran Vyapar|Kiran Vyapar Limited,,INE555P01013,537750,IIFL_SCRIPMASTER
KIRIINDUS,BSE,532967.BO,Kiri Industries,KIRIINDUS|Kiri Industries|Kiri Industries Limited,,INE415I01015,532967,IIFL_SCRIPMASTER
KIRLOSBROS,BSE,500241.BO,Kirloskar Brothers,KIRLOSBROS|Kirloskar Brothers|Kirloskar Brothers Limited,,INE732A01036,500241,IIFL_SCRIPMASTER
KIRLFER,BSE,500245.BO,Kirloskar Ferrous Industries L,KIRLFER|Kirloskar Ferrous Industries L,,INE884B01025,500245,IIFL_SCRIPMASTER
KIRLOSIND,BSE,500243.BO,Kirloskar Industries,KIRLOSIND|Kirloskar Industries|Kirloskar Industries Limited,,INE250A01039,500243,IIFL_SCRIPMASTER
KIRLOSENG,BSE,533293.BO,Kirloskar Oil Engines,KIRLOSENG|Kirloskar Oil Engines|Kirloskar Oil Engines Limited,,INE146L01010,533293,IIFL_SCRIPMASTER
KIRLPNU,BSE,505283.BO,Kirloskar Pneumatic Co.,KIRLPNU|Kirloskar Pneumatic Co.|Kirloskar Pneumatic Co.Limited,,INE811A01020,505283,IIFL_SCRIPMASTER
KISAAN,BSE,519230.BO,Kisaan Parivar Industries Limi,KISAAN|Kisaan Parivar Industries Limi,,INE102C01020,519230,IIFL_SCRIPMASTER
KISAN,BSE,530145.BO,Kisan Mouldings,KISAN|Kisan Mouldings|Kisan Mouldings Limited,,INE017C01012,530145,IIFL_SCRIPMASTER
KITEX,BSE,521248.BO,Kitex Garments,KITEX|Kitex Garments|Kitex Garments Limited,,INE602G01020,521248,IIFL_SCRIPMASTER
KIZI,BSE,544221.BO,Kizi Apparels,KIZI|Kizi Apparels|Kizi Apparels Limited,,INE0RMR01013,544221,IIFL_SCRIPMASTER
KJMCCORP,BSE,532304.BO,Kjmc Corporate Advisors (India,KJMCCORP|Kjmc Corporate Advisors (India,,INE602C01011,532304,IIFL_SCRIPMASTER
KJMCFIN,BSE,530235.BO,Kjmc Financial Services,KJMCFIN|Kjmc Financial Services|Kjmc Financial Services Limited,,INE533C01018,530235,IIFL_SCRIPMASTER
KKSHL,BSE,544013.BO,Kk Shah Hospitals,KKSHL|Kk Shah Hospitals|Kk Shah Hospitals Limited,,INE0OH401016,544013,IIFL_SCRIPMASTER
KKALPANAIND,BSE,526409.BO,Kkalpana Industries (India) Lt,KKALPANAIND|Kkalpana Industries (India) Lt,,INE301C01028,526409,IIFL_SCRIPMASTER
KKPLASTICK,BSE,523652.BO,Kkalpana Plastick,KKPLASTICK|Kkalpana Plastick|Kkalpana Plastick Limited,,INE465K01016,523652,IIFL_SCRIPMASTER
KKVAPOW,BSE,205638.BO,Kkv Agro Powers,KKVAPOW|Kkv Agro Powers|Kkv Agro Powers Limited,,INE239T01016,205638,IIFL_SCRIPMASTER
KMCSHIL,BSE,524520.BO,Kmc Speciality Hospitals (Indi,KMCSHIL|Kmc Speciality Hospitals (Indi,,INE879K01018,524520,IIFL_SCRIPMASTER
KMFBLDR,BSE,531578.BO,Kmf Builders & Developers,KMFBLDR|Kmf Builders & Developers|Kmf Builders & Developers Limited,,INE580H01026,531578,IIFL_SCRIPMASTER
KNAGRI,BSE,208662.BO,Kn Agri Resources,KNAGRI|Kn Agri Resources|Kn Agri Resources Limited,,INE0KNW01016,208662,IIFL_SCRIPMASTER
KMEW,BSE,543273.BO,Knowledge Marine & Engineering,KMEW|Knowledge Marine & Engineering,,INE0CJD01029,543273,IIFL_SCRIPMASTER
KRT,BSE,544481.BO,Knowledge Realty Trust,KRT|Knowledge Realty Trust,,INE1JAR25012,544481,IIFL_SCRIPMASTER
KNRCON,BSE,532942.BO,Knr Constructions,KNRCON|Knr Constructions|Knr Constructions Limited,,INE634I01029,532942,IIFL_SCRIPMASTER
KODYTECH,BSE,210634.BO,Kody Technolab,KODYTECH|Kody Technolab|Kody Technolab Limited,,INE0Q7P01013,210634,IIFL_SCRIPMASTER
KOHINOOR,BSE,512559.BO,Kohinoor Foods,KOHINOOR|Kohinoor Foods|Kohinoor Foods Limited,,INE080B01012,512559,IIFL_SCRIPMASTER
KOKUYOCMLN,BSE,523207.BO,Kokuyo Camlin,KOKUYOCMLN|Kokuyo Camlin|Kokuyo Camlin Limited,,INE760A01029,523207,IIFL_SCRIPMASTER
KOLTEPATIL,BSE,532924.BO,Kolte-Patil Developers,KOLTEPATIL|Kolte-Patil Developers|Kolte-Patil Developers Limited,,INE094I01018,532924,IIFL_SCRIPMASTER
KONNDOR,BSE,532397.BO,Konndor Industries,KONNDOR|Konndor Industries|Konndor Industries Limited,,INE971A01014,532397,IIFL_SCRIPMASTER
KONSTELEC,BSE,211065.BO,Konstelec Engineers,KONSTELEC|Konstelec Engineers|Konstelec Engineers Limited,,INE0QEI01011,211065,IIFL_SCRIPMASTER
KONTOR,BSE,210690.BO,Kontor Space,KONTOR|Kontor Space|Kontor Space Limited,,INE0KZ301010,210690,IIFL_SCRIPMASTER
KOPRAN,BSE,524280.BO,Kopran,KOPRAN|Kopran|Kopran Limited,,INE082A01010,524280,IIFL_SCRIPMASTER
KDL,BSE,210403.BO,Kore Digital,KDL|Kore Digital|Kore Digital Limited,,INE0O4R01018,210403,IIFL_SCRIPMASTER
KOTAKBANK,BSE,500247.BO,Kotak Mahindra Bank,KOTAKBANK|Kotak Mahindra Bank|Kotak Mahindra Bank Limited,,INE237A01036,500247,IIFL_SCRIPMASTER
KFBL,BSE,507474.BO,Kothari Fermentation & Biochem,KFBL|Kothari Fermentation & Biochem,,INE991B01010,507474,IIFL_SCRIPMASTER
KOTIC,BSE,509732.BO,Kothari Industrial,KOTIC|Kothari Industrial|Kothari Industrial Corporation,,INE972A01020,509732,IIFL_SCRIPMASTER
KOTHARIPET,BSE,203356.BO,Kothari Petrochem,KOTHARIPET|Kothari Petrochem|Kothari Petrochem Limited,,INE720A01015,203356,IIFL_SCRIPMASTER
KOTHARIPRO,BSE,530299.BO,Kothari Products,KOTHARIPRO|Kothari Products|Kothari Products Limited,,INE823A01017,530299,IIFL_SCRIPMASTER
KOTARISUG,BSE,203887.BO,Kothari Sug & Chem,KOTARISUG|Kothari Sug & Chem|Kothari Sug & Chem Limited,,INE419A01022,203887,IIFL_SCRIPMASTER
KEL,BSE,539599.BO,Kotia Enterprises,KEL|Kotia Enterprises|Kotia Enterprises Limited,,INE079C01012,539599,IIFL_SCRIPMASTER
KOTYARK,BSE,208339.BO,Kotyark Industries,KOTYARK|Kotyark Industries|Kotyark Industries Limited,,INE0J0B01017,208339,IIFL_SCRIPMASTER
KOTYARK,BSE,544726.BO,Kotyark Industries,KOTYARK|Kotyark Industries|Kotyark Industries Limited,,INE0J0B01017,544726,IIFL_SCRIPMASTER
KOURA,BSE,544139.BO,Koura Fine Diamond Jewelry Lim,KOURA|Koura Fine Diamond Jewelry Lim,,INE0M8R01011,544139,IIFL_SCRIPMASTER
KOUTONS,BSE,532901.BO,Koutons Retail India,KOUTONS|Koutons Retail India|Koutons Retail India Limited,,INE406I01014,532901,IIFL_SCRIPMASTER
KOVAI,BSE,523323.BO,Kovai Medical Center & Hospita,KOVAI|Kovai Medical Center & Hospita,,INE177F01017,523323,IIFL_SCRIPMASTER
ZKOVALIN,BSE,505585.BO,Kovalam Investment & Trading C,Kovalam Investment & Trading C|ZKOVALIN,,INE735U01011,505585,IIFL_SCRIPMASTER
KLRFM,BSE,507598.BO,Kovilpatti Lakshmi Roller Flou,KLRFM|Kovilpatti Lakshmi Roller Flou,,INE014E01015,507598,IIFL_SCRIPMASTER
KPGEL,BSE,544150.BO,Kp Green Engineering,KPGEL|Kp Green Engineering|Kp Green Engineering Limited,,INE0QVH01025,544150,IIFL_SCRIPMASTER
KPIGREEN,BSE,542323.BO,Kpi Green Energy,KPIGREEN|Kpi Green Energy|Kpi Green Energy Limited,,INE542W01025,542323,IIFL_SCRIPMASTER
KPITTECH,BSE,542651.BO,Kpit Technologies,KPITTECH|Kpit Technologies|Kpit Technologies Limited,,INE04I401011,542651,IIFL_SCRIPMASTER
KPT,BSE,505299.BO,Kpt Industries,KPT|Kpt Industries|Kpt Industries Limited,,INE731D01024,505299,IIFL_SCRIPMASTER
KRANTI,BSE,542459.BO,Kranti Industries,KRANTI|Kranti Industries|Kranti Industries Limited,,INE911T01010,542459,IIFL_SCRIPMASTER
KRBL,BSE,530813.BO,Krbl,KRBL|Krbl|Krbl Limited,,INE001B01026,530813,IIFL_SCRIPMASTER
KREBSBIO,BSE,524518.BO,Krebs Biochemicals & Industrie,KREBSBIO|Krebs Biochemicals & Industrie,,INE268B01013,524518,IIFL_SCRIPMASTER
KREONFIN,BSE,530139.BO,Kreon Finnancial Services,KREONFIN|Kreon Finnancial Services|Kreon Finnancial Services Limited,,INE302C01018,530139,IIFL_SCRIPMASTER
KRIDHANINF,BSE,533482.BO,Kridhan Infra,KRIDHANINF|Kridhan Infra|Kridhan Infra Limited,,INE524L01026,533482,IIFL_SCRIPMASTER
KRISHANA,BSE,201480.BO,Krishana Phoschem,KRISHANA|Krishana Phoschem|Krishana Phoschem Limited,,INE506W01012,201480,IIFL_SCRIPMASTER
KVFORGE,BSE,513369.BO,Krishanveer Forge,KVFORGE|Krishanveer Forge|Krishanveer Forge Limited,,INE013J01016,513369,IIFL_SCRIPMASTER
KRISHCA,BSE,210351.BO,Krishca Strapping Sltn L,KRISHCA|Krishca Strapping Sltn L,,INE0NR701018,210351,IIFL_SCRIPMASTER
KRISHIVAL,BSE,208699.BO,Krishival Foods,KRISHIVAL|Krishival Foods|Krishival Foods Limited,,INE0GGO01015,208699,IIFL_SCRIPMASTER
KRISHIVAL,BSE,544416.BO,Krishival Foods,KRISHIVAL|Krishival Foods|Krishival Foods Limited,,INE0GGO01015,544416,IIFL_SCRIPMASTER
KRISHPP,BSE,890232.BO,Krishival Foods,KRISHPP|Krishival Foods|Krishival Foods Limited,,IN90GGO01013,890232,IIFL_SCRIPMASTER
KRISHNADEF,BSE,208731.BO,Krishna Def and Ald Ind L,KRISHNADEF|Krishna Def and Ald Ind L,,INE0J5601015,208731,IIFL_SCRIPMASTER
KIMS,BSE,543308.BO,Krishna Institute of Medical S,KIMS|Krishna Institute of Medical S,,INE967H01025,543308,IIFL_SCRIPMASTER
KRITIKA,BSE,209061.BO,Kritika Wires,KRITIKA|Kritika Wires|Kritika Wires Limited,,INE00Z501029,209061,IIFL_SCRIPMASTER
KRMAYURVED,BSE,215641.BO,Krm Ayurveda,KRMAYURVED|Krm Ayurveda|Krm Ayurveda Limited,,INE1MTV01019,215641,IIFL_SCRIPMASTER
KRONOX,BSE,544187.BO,Kronox Lab Sciences,KRONOX|Kronox Lab Sciences|Kronox Lab Sciences Limited,,INE0ATZ01017,544187,IIFL_SCRIPMASTER
KROSS,BSE,544253.BO,Kross,KROSS|Kross|Kross Limited,,INE0O6601022,544253,IIFL_SCRIPMASTER
KRSNAA,BSE,543328.BO,Krsnaa Diagnostics,KRSNAA|Krsnaa Diagnostics|Krsnaa Diagnostics Limited,,INE08LI01020,543328,IIFL_SCRIPMASTER
KRUPALU,BSE,544509.BO,Krupalu Metals,KRUPALU|Krupalu Metals|Krupalu Metals Limited,,INE0XZB01017,544509,IIFL_SCRIPMASTER
KRYPTONQ,BSE,523550.BO,Krypton Industries,KRYPTONQ|Krypton Industries|Krypton Industries Limited,,INE951B01014,523550,IIFL_SCRIPMASTER
KRYSTAL,BSE,544149.BO,Krystal Integrated Services Li,KRYSTAL|Krystal Integrated Services Li,,INE0QN801017,544149,IIFL_SCRIPMASTER
KSSMART,BSE,516038.BO,Ks Smart Technologies,KSSMART|Ks Smart Technologies|Ks Smart Technologies Limited,,INE737E01011,516038,IIFL_SCRIPMASTER
KSB,BSE,500249.BO,Ksb,KSB|Ksb|Ksb Limited,,INE999A01023,500249,IIFL_SCRIPMASTER
KSE,BSE,519421.BO,Kse,KSE|Kse|Kse Limited,,INE953E01022,519421,IIFL_SCRIPMASTER
KSHINTL,BSE,544664.BO,Ksh International,KSHINTL|Ksh International|Ksh International Limited,,INE987S01020,544664,IIFL_SCRIPMASTER
KSHITIJPOL,BSE,209192.BO,Kshitij Polyline,KSHITIJPOL|Kshitij Polyline|Kshitij Polyline Limited,,INE013801027,209192,IIFL_SCRIPMASTER
KSOLVES,BSE,543599.BO,Ksolves India,KSOLVES|Ksolves India|Ksolves India Limited,,INE0D6I01023,543599,IIFL_SCRIPMASTER
KUANTUM,BSE,532937.BO,Kuantum Papers,KUANTUM|Kuantum Papers|Kuantum Papers Limited,,INE529I01021,532937,IIFL_SCRIPMASTER
KUMPFIN,BSE,526869.BO,Kumbhat Financial Services,KUMPFIN|Kumbhat Financial Services|Kumbhat Financial Services Limited,,INE795E01019,526869,IIFL_SCRIPMASTER
KEL,BSE,210632.BO,Kundan Edifice,KEL|Kundan Edifice|Kundan Edifice Limited,,INE0OWX01025,210632,IIFL_SCRIPMASTER
KUNSTOFF,BSE,523594.BO,Kunststoffe Industries,KUNSTOFF|Kunststoffe Industries|Kunststoffe Industries Limited,,INE638D01021,523594,IIFL_SCRIPMASTER
KUSHIND,BSE,514240.BO,Kush Industries,KUSHIND|Kush Industries|Kush Industries Limited,,INE979D01011,514240,IIFL_SCRIPMASTER
KUWERIN,BSE,530421.BO,Kuwer Industries,KUWERIN|Kuwer Industries|Kuwer Industries Limited,,INE430F01010,530421,IIFL_SCRIPMASTER
KVSCASTING,BSE,544554.BO,Kvs Castings,KVSCASTING|Kvs Castings|Kvs Castings Limited,,INE163701019,544554,IIFL_SCRIPMASTER
KPL,BSE,539997.BO,Kwality Pharmaceuticals Limite,KPL|Kwality Pharmaceuticals Limite,,INE552U01010,539997,IIFL_SCRIPMASTER
KWIL,BSE,544622.BO,Kwality Walls (India),KWIL|Kwality Walls (India)|Kwality Walls (India) Limited,,INE2KCE01013,544622,IIFL_SCRIPMASTER
LTF,BSE,533519.BO,L&T Finance,L&T Finance|L&T Finance Limited|LTF,,INE498L01015,533519,IIFL_SCRIPMASTER
LTTS,BSE,540115.BO,L&T Technology Services Limite,L&T Technology Services Limite|LTTS,,INE010V01017,540115,IIFL_SCRIPMASTER
LTELEVATOR,BSE,544518.BO,L. T. Elevator,L. T. Elevator|L. T. Elevator Limited|LTELEVATOR,,INE0TJ801010,544518,IIFL_SCRIPMASTER
LGBBROSLTD,BSE,500250.BO,L.G.Balakrishnan & Bros.,L.G.Balakrishnan & Bros.|L.G.Balakrishnan & Bros.Limited|LGBBROSLTD,,INE337A01034,500250,IIFL_SCRIPMASTER
LKMEHTA,BSE,544366.BO,L.K.Mehta Polymers,L.K.Mehta Polymers|L.K.Mehta Polymers Limited|LKMEHTA,,INE0FFF01017,544366,IIFL_SCRIPMASTER
LICHSGFIN,BSE,500253.BO,LIC Housing Finance,LIC Housing Finance|LIC Housing Finance Limited|LICHSGFIN,,INE115A01026,500253,IIFL_SCRIPMASTER
LICNETFSEN,BSE,539487.BO,LIC Mf Exchng Traded Fund-Sens,LIC Mf Exchng Traded Fund-Sens|LICNETFSEN,,INF767K01OT5,539487,IIFL_SCRIPMASTER
LICNETFN50,BSE,539480.BO,LIC Mf Exhge Traded Fund-Nifty,LIC Mf Exhge Traded Fund-Nifty|LICNETFN50,,INF767K01OS7,539480,IIFL_SCRIPMASTER
LICNFNHGP,BSE,539784.BO,LIC Mf Exhnge Traded Fund Nift,LIC Mf Exhnge Traded Fund Nift|LICNFNHGP,,INF767K01PC8,539784,IIFL_SCRIPMASTER
LICNFR2GP,BSE,537958.BO,LIC Mf Rgess Fund Sr- 2 Reg Pl,LIC Mf Rgess Fund Sr- 2 Reg Pl|LICNFR2GP,,INF767K01BP0,537958,IIFL_SCRIPMASTER
LICNFR2D1,BSE,537961.BO,LIC Mf Rgess Fund Sr-2 Drt Pl,LIC Mf Rgess Fund Sr-2 Drt Pl|LICNFR2D1,,INF767K01BS4,537961,IIFL_SCRIPMASTER
LICNFR2G1,BSE,537960.BO,LIC Mf Rgess Fund Sr-2 Drt Pln,LIC Mf Rgess Fund Sr-2 Drt Pln|LICNFR2G1,,INF767K01BR6,537960,IIFL_SCRIPMASTER
LICNFR2DP,BSE,537959.BO,LIC Mf Rgess Fund Sr-2 Reg Pl,LIC Mf Rgess Fund Sr-2 Reg Pl|LICNFR2DP,,INF767K01BQ8,537959,IIFL_SCRIPMASTER
LAOPALA,BSE,526947.BO,La Opala Rg,LAOPALA|La Opala Rg|La Opala Rg Limited,,INE059D01020,526947,IIFL_SCRIPMASTER
LATIMMETAL,BSE,505693.BO,La Tim Metal & Industries Limi,LATIMMETAL|La Tim Metal & Industries Limi,,INE501N01020,505693,IIFL_SCRIPMASTER
LABELKRAFT,BSE,543830.BO,Labelkraft Technologies Limite,LABELKRAFT|Labelkraft Technologies Limite,,INE0NLJ01011,543830,IIFL_SCRIPMASTER
LACTOSE,BSE,524202.BO,Lactose (India),LACTOSE|Lactose (India)|Lactose (India) Limited,,INE058I01013,524202,IIFL_SCRIPMASTER
LAHL,BSE,540026.BO,Ladam Affortable Housing Limit,LAHL|Ladam Affortable Housing Limit,,INE213U01019,540026,IIFL_SCRIPMASTER
LADDERUP,BSE,530577.BO,Ladderup Finance,LADDERUP|Ladderup Finance|Ladderup Finance Limited,,INE519D01015,530577,IIFL_SCRIPMASTER
LAFFANSQ,BSE,524522.BO,Laffans Petrochemicals,LAFFANSQ|Laffans Petrochemicals|Laffans Petrochemicals Limited,,INE919B01011,524522,IIFL_SCRIPMASTER
LAGNAM,BSE,202362.BO,Lagnam Spintex,LAGNAM|Lagnam Spintex|Lagnam Spintex Limited,,INE548Z01017,202362,IIFL_SCRIPMASTER
LAHOTIOV,BSE,531842.BO,Lahoti Overseas,LAHOTIOV|Lahoti Overseas|Lahoti Overseas Limited,,INE515C01023,531842,IIFL_SCRIPMASTER
LAKESHORE,BSE,519612.BO,Lake Shore Realty,LAKESHORE|Lake Shore Realty|Lake Shore Realty Limited,,INE734D01010,519612,IIFL_SCRIPMASTER
LAKHOTIA,BSE,535387.BO,Lakhotia Polyesters (India) Lt,LAKHOTIA|Lakhotia Polyesters (India) Lt,,INE191O01010,535387,IIFL_SCRIPMASTER
LAKSELEC,BSE,504258.BO,Lakshmi Electrical Control Sys,LAKSELEC|Lakshmi Electrical Control Sys,,INE284C01018,504258,IIFL_SCRIPMASTER
LAKSHMIEW,BSE,505302.BO,Lakshmi Engineering and Wareho,LAKSHMIEW|Lakshmi Engineering and Wareho,,INE718M01022,505302,IIFL_SCRIPMASTER
LFIC,BSE,204994.BO,Lakshmi Fin Ind Corp,LFIC|Lakshmi Fin Ind Corp|Lakshmi Fin Ind Corp Limited,,INE850E01012,204994,IIFL_SCRIPMASTER
LAKSHMIMIL,BSE,502958.BO,Lakshmi Mills Company,LAKSHMIMIL|Lakshmi Mills Company|Lakshmi Mills Company Limited,,INE938C01019,502958,IIFL_SCRIPMASTER
LAKSHYA,BSE,212126.BO,Lakshya Powertech,LAKSHYA|Lakshya Powertech|Lakshya Powertech Limited,,INE0VZS01015,212126,IIFL_SCRIPMASTER
LAMBODHARA,BSE,590075.BO,Lambodhara Textiles,LAMBODHARA|Lambodhara Textiles|Lambodhara Textiles Limited,,INE112F01022,590075,IIFL_SCRIPMASTER
LAMOSAIC,BSE,212221.BO,Lamosaic India,LAMOSAIC|Lamosaic India|Lamosaic India Limited,,INE0R0201012,212221,IIFL_SCRIPMASTER
LANCER,BSE,539841.BO,Lancer Container Lines,LANCER|Lancer Container Lines|Lancer Container Lines Limited,,INE359U01028,539841,IIFL_SCRIPMASTER
LANCORHOL,BSE,509048.BO,Lancor Holdings,LANCORHOL|Lancor Holdings|Lancor Holdings Limited,,INE572G01025,509048,IIFL_SCRIPMASTER
LANDMARC,BSE,532275.BO,Landmarc Leisure L,LANDMARC|Landmarc Leisure Corporation L|Landmarc Leisure L,,INE394C01023,532275,IIFL_SCRIPMASTER
LANDMARK,BSE,543714.BO,Landmark Cars,LANDMARK|Landmark Cars|Landmark Cars Limited,,INE559R01029,543714,IIFL_SCRIPMASTER
LGLL,BSE,544341.BO,Landmark Global Learning Limit,LGLL|Landmark Global Learning Limit,,INE12QA01010,544341,IIFL_SCRIPMASTER
LPDC,BSE,533012.BO,Landmark Property Development,LPDC|Landmark Property Development,,INE197J01017,533012,IIFL_SCRIPMASTER
LANDSMILL,BSE,533090.BO,Landsmill Green,LANDSMILL|Landsmill Green|Landsmill Green Limited,,INE688J01023,533090,IIFL_SCRIPMASTER
LT,BSE,500510.BO,Larsen & Toubro,LT|Larsen & Toubro|Larsen & Toubro Limited,,INE018A01030,500510,IIFL_SCRIPMASTER
LASA,BSE,540702.BO,Lasa Supergenerics,LASA|Lasa Supergenerics|Lasa Supergenerics Limited,,INE670X01014,540702,IIFL_SCRIPMASTER
LATENTVIEW,BSE,543398.BO,Latent View Analytics,LATENTVIEW|Latent View Analytics|Latent View Analytics Limited,,INE0I7C01011,543398,IIFL_SCRIPMASTER
LATTEYS,BSE,209471.BO,Latteys Industries,LATTEYS|Latteys Industries|Latteys Industries Limited,,INE262Z01023,209471,IIFL_SCRIPMASTER
LAURUSLABS,BSE,540222.BO,Laurus Labs,LAURUSLABS|Laurus Labs|Laurus Labs Limited,,INE947Q01028,540222,IIFL_SCRIPMASTER
LAXMICOT,BSE,202410.BO,Laxmi Cotspin,LAXMICOT|Laxmi Cotspin|Laxmi Cotspin Limited,,INE801V01019,202410,IIFL_SCRIPMASTER
LAXMIDENTL,BSE,544339.BO,Laxmi Dental,LAXMIDENTL|Laxmi Dental|Laxmi Dental Limited,,INE0WO601020,544339,IIFL_SCRIPMASTER
LGHL,BSE,206778.BO,Laxmi Goldorna House,LGHL|Laxmi Goldorna House|Laxmi Goldorna House Limited,,INE258Y01016,206778,IIFL_SCRIPMASTER
LXCHEM,BSE,543277.BO,Laxmi Organic Industries Limit,LXCHEM|Laxmi Organic Industries Limit,,INE576O01020,543277,IIFL_SCRIPMASTER
LAXMIPATI,BSE,537669.BO,Laxmipati Engineering Works Li,LAXMIPATI|Laxmipati Engineering Works Li,,INE920P01019,537669,IIFL_SCRIPMASTER
LELAVOIR,BSE,539814.BO,Le Lavoir,LELAVOIR|Le Lavoir|Le Lavoir Limited,,INE204S01012,539814,IIFL_SCRIPMASTER
LEMERITE,BSE,208757.BO,Le Merite Exports,LEMERITE|Le Merite Exports|Le Merite Exports Limited,,INE0G1L01017,208757,IIFL_SCRIPMASTER
IXIGO,BSE,544192.BO,Le Travenues Technology Limite,IXIGO|Le Travenues Technology Limite,,INE0HV901016,544192,IIFL_SCRIPMASTER
LEADFIN,BSE,531288.BO,Lead Financial Services,LEADFIN|Lead Financial Services|Lead Financial Services Limited,,INE531D01010,531288,IIFL_SCRIPMASTER
LRRPL,BSE,209492.BO,Lead Rec and Rub Prod,LRRPL|Lead Rec and Rub Prod|Lead Rec and Rub Prod Limited,,INE0H4B01011,209492,IIFL_SCRIPMASTER
LLFICL,BSE,540360.BO,Leading Leasing Finance and In,LLFICL|Leading Leasing Finance and In,,INE715Q01029,540360,IIFL_SCRIPMASTER
LEENEE,BSE,517415.BO,Lee & Nee Softwares (Exports),LEENEE|Lee & Nee Softwares (Exports),,INE791B01014,517415,IIFL_SCRIPMASTER
THELEELA,BSE,544408.BO,Leela Palaces Hotels & Resorts,Leela Palaces Hotels & Resorts|THELEELA,,INE0AQ201015,544408,IIFL_SCRIPMASTER
LEHAR,BSE,532829.BO,Lehar Footwears,LEHAR|Lehar Footwears|Lehar Footwears Limited,,INE976H01018,532829,IIFL_SCRIPMASTER
LEMONTREE,BSE,541233.BO,Lemon Tree Hotels,LEMONTREE|Lemon Tree Hotels|Lemon Tree Hotels Limited,,INE970X01018,541233,IIFL_SCRIPMASTER
LENSKART,BSE,544600.BO,Lenskart Solutions,LENSKART|Lenskart Solutions|Lenskart Solutions Limited,,INE956O01016,544600,IIFL_SCRIPMASTER
VANDU,BSE,544329.BO,Leo Dryfruits & Spices Trading,Leo Dryfruits & Spices Trading|VANDU,,INE0RH001011,544329,IIFL_SCRIPMASTER
LESHAIND,BSE,533602.BO,Lesha Industries,LESHAIND|Lesha Industries|Lesha Industries Limited,,INE050L01048,533602,IIFL_SCRIPMASTER
LEXORAA,BSE,531944.BO,Lexoraa Industries,LEXORAA|Lexoraa Industries|Lexoraa Industries Limited,,INE185D01015,531944,IIFL_SCRIPMASTER
LEXUS,BSE,206238.BO,Lexus Granito (India),LEXUS|Lexus Granito (India)|Lexus Granito (India) Limited,,INE500X01013,206238,IIFL_SCRIPMASTER
LGEINDIA,BSE,544576.BO,Lg Electronics India,LGEINDIA|Lg Electronics India|Lg Electronics India Limited,,INE324D01010,544576,IIFL_SCRIPMASTER
LGT,BSE,544489.BO,Lgt Business Connextions Limit,LGT|Lgt Business Connextions Limit,,INE191201016,544489,IIFL_SCRIPMASTER
LIBAS,BSE,205469.BO,Libas Consu Products,LIBAS|Libas Consu Products|Libas Consu Products Limited,,INE908V01012,205469,IIFL_SCRIPMASTER
LIBERTSHOE,BSE,526596.BO,Liberty Shoes,LIBERTSHOE|Liberty Shoes|Liberty Shoes Limited,,INE557B01019,526596,IIFL_SCRIPMASTER
LIBORDFIN,BSE,511593.BO,Libord Finance,LIBORDFIN|Libord Finance|Libord Finance Limited,,INE212B01011,511593,IIFL_SCRIPMASTER
LIBORD,BSE,531027.BO,Libord Securities,LIBORD|Libord Securities|Libord Securities Limited,,INE267E01019,531027,IIFL_SCRIPMASTER
LICI,BSE,543526.BO,Life Insurance Of,LICI|Life Insurance Corporation Of|Life Insurance Of,,INE0J1Y01017,543526,IIFL_SCRIPMASTER
LIKHAMI,BSE,539927.BO,Likhami Consulting,LIKHAMI|Likhami Consulting|Likhami Consulting Limited,,INE920T01011,539927,IIFL_SCRIPMASTER
LIMECHM,BSE,507759.BO,Lime Chemicals,LIMECHM|Lime Chemicals|Lime Chemicals Limited,,INE891G01011,507759,IIFL_SCRIPMASTER
LINC,BSE,531241.BO,Linc,LINC|Linc|Linc Limited,,INE802B01027,531241,IIFL_SCRIPMASTER
LINCOLN,BSE,531633.BO,Lincoln Pharmaceuticals,LINCOLN|Lincoln Pharmaceuticals|Lincoln Pharmaceuticals Limited,,INE405C01035,531633,IIFL_SCRIPMASTER
LINDEINDIA,BSE,523457.BO,Linde India,LINDEINDIA|Linde India|Linde India Limited,,INE473A01011,523457,IIFL_SCRIPMASTER
LINKPH,BSE,524748.BO,Link Pharma Chem,LINKPH|Link Pharma Chem|Link Pharma Chem Limited,,INE302F01011,524748,IIFL_SCRIPMASTER
LLOYDSENGG,BSE,539992.BO,Lloyds Engineering Works Limit,LLOYDSENGG|Lloyds Engineering Works Limit,,INE093R01011,539992,IIFL_SCRIPMASTER
LLOYDSENT,BSE,512463.BO,Lloyds Enterprises,LLOYDSENT|Lloyds Enterprises|Lloyds Enterprises Limited,,INE080I01025,512463,IIFL_SCRIPMASTER
LLOYDS,BSE,209171.BO,Lloyds Luxuries,LLOYDS|Lloyds Luxuries|Lloyds Luxuries Limited,,INE0DTQ01028,209171,IIFL_SCRIPMASTER
LLOYDSME,BSE,512455.BO,Lloyds Metals and Energy,LLOYDSME|Lloyds Metals and Energy|Lloyds Metals and Energy Limited,,INE281B01032,512455,IIFL_SCRIPMASTER
LMW,BSE,500252.BO,Lmw,LMW|Lmw|Lmw Limited,,INE269B01029,500252,IIFL_SCRIPMASTER
LODHA,BSE,543287.BO,Lodha Developers,LODHA|Lodha Developers|Lodha Developers Limited,,INE670K01029,543287,IIFL_SCRIPMASTER
LOGICA,BSE,543746.BO,Logica Infoway,LOGICA|Logica Infoway|Logica Infoway Limited,,INE0BSU01018,543746,IIFL_SCRIPMASTER
LONGSPUR,BSE,504340.BO,Longspur International Venture,LONGSPUR|Longspur International Venture,,INE180M01033,504340,IIFL_SCRIPMASTER
LOOKS,BSE,534422.BO,Looks Health Services,LOOKS|Looks Health Services|Looks Health Services Limited,,INE204N01013,534422,IIFL_SCRIPMASTER
LORDSCHLO,BSE,500284.BO,Lords Chloro Alkali,LORDSCHLO|Lords Chloro Alkali|Lords Chloro Alkali Limited,,INE846D01012,500284,IIFL_SCRIPMASTER
LORDSHOTL,BSE,530065.BO,Lords Ishwar Hotels,LORDSHOTL|Lords Ishwar Hotels|Lords Ishwar Hotels Limited,,INE689J01013,530065,IIFL_SCRIPMASTER
LAL,BSE,540952.BO,Lorenzini Apparels,LAL|Lorenzini Apparels|Lorenzini Apparels Limited,,INE740X01023,540952,IIFL_SCRIPMASTER
LOTUSCHO,BSE,523475.BO,Lotus Chocolate Co.,LOTUSCHO|Lotus Chocolate Co.|Lotus Chocolate Co.Limited,,INE026D01011,523475,IIFL_SCRIPMASTER
LOTUSEYE,BSE,532998.BO,Lotus Eye Hospital and Institu,LOTUSEYE|Lotus Eye Hospital and Institu,,INE947I01017,532998,IIFL_SCRIPMASTER
LOVABLE,BSE,533343.BO,Lovable Lingerie,LOVABLE|Lovable Lingerie|Lovable Lingerie Limited,,INE597L01014,533343,IIFL_SCRIPMASTER
LOYAL,BSE,539227.BO,Loyal Equipments,LOYAL|Loyal Equipments|Loyal Equipments Limited,,INE876S01017,539227,IIFL_SCRIPMASTER
LTFOODS,BSE,532783.BO,Lt Foods,LTFOODS|Lt Foods|Lt Foods Limited,,INE818H01020,532783,IIFL_SCRIPMASTER
LTM,BSE,540005.BO,Ltm,LTM|Ltm|Ltm Limited,,INE214T01019,540005,IIFL_SCRIPMASTER
LUMAXTECH,BSE,532796.BO,Lumax Auto Technologies,LUMAXTECH|Lumax Auto Technologies|Lumax Auto Technologies Limited,,INE872H01027,532796,IIFL_SCRIPMASTER
LUMAXIND,BSE,517206.BO,Lumax Industries,LUMAXIND|Lumax Industries|Lumax Industries Limited,,INE162B01018,517206,IIFL_SCRIPMASTER
LUPIN,BSE,500257.BO,Lupin,LUPIN|Lupin|Lupin Limited,,INE326A01037,500257,IIFL_SCRIPMASTER
LUXIND,BSE,539542.BO,Lux Industries,LUXIND|Lux Industries|Lux Industries Limited,,INE150G01020,539542,IIFL_SCRIPMASTER
LWSKNIT,BSE,531402.BO,Lws Knitwear,LWSKNIT|Lws Knitwear|Lws Knitwear Limited,,INE281M01013,531402,IIFL_SCRIPMASTER
LYKALABS,BSE,500259.BO,Lyka Labs,LYKALABS|Lyka Labs|Lyka Labs Limited,,INE933A01014,500259,IIFL_SCRIPMASTER
LYKISLTD,BSE,530689.BO,Lykis,LYKISLTD|Lykis|Lykis Limited,,INE624M01014,530689,IIFL_SCRIPMASTER
LYONSCO,BSE,531441.BO,Lyons Corporate Market,LYONSCO|Lyons Corporate Market|Lyons Corporate Market Limited,,INE100F01019,531441,IIFL_SCRIPMASTER
LYPSAGEMS,BSE,534532.BO,Lypsa Gems & Jewellery,LYPSAGEMS|Lypsa Gems & Jewellery|Lypsa Gems & Jewellery Limited,,INE142K01011,534532,IIFL_SCRIPMASTER
MBEL,BSE,544470.BO,M & B Engineering,M & B Engineering|M & B Engineering Limited|MBEL,,INE08N601015,544470,IIFL_SCRIPMASTER
MPKSTEELS,BSE,544553.BO,M P K Steels (I),M P K Steels (I)|M P K Steels (I) Limited|MPKSTEELS,,INE1PJP01015,544553,IIFL_SCRIPMASTER
MPTODAY,BSE,200405.BO,M P Today Media,M P Today Media|M P Today Media Limited|MPTODAY,,INE105Y01019,200405,IIFL_SCRIPMASTER
MKEXIM,BSE,538890.BO,M. K. Exim (India),M. K. Exim (India)|M. K. Exim (India) Limited|MKEXIM,,INE227F01010,538890,IIFL_SCRIPMASTER
MKPL,BSE,543919.BO,M.K.Proteins,M.K.Proteins|M.K.Proteins Limited|MKPL,,INE964W01021,543919,IIFL_SCRIPMASTER
MMFL,BSE,522241.BO,M.M.Forgings,M.M.Forgings|M.M.Forgings Limited|MMFL,,INE227C01017,522241,IIFL_SCRIPMASTER
MPAGI,BSE,506543.BO,M.P.Agro Industries,M.P.Agro Industries|M.P.Agro Industries Limited|MPAGI,,INE468C01017,506543,IIFL_SCRIPMASTER
MVKAGRO,BSE,211231.BO,M.V.K. Agro Food Prod,M.V.K. Agro Food Prod|M.V.K. Agro Food Prod Limited|MVKAGRO,,INE0SGC01015,211231,IIFL_SCRIPMASTER
MAANALU,BSE,532906.BO,Maan Aluminium,MAANALU|Maan Aluminium|Maan Aluminium Limited,,INE215I01027,532906,IIFL_SCRIPMASTER
MCCHRLS-B,BSE,507836.BO,Mac Charles (India),MCCHRLS-B|Mac Charles (India)|Mac Charles (India) Limited,,INE435D01014,507836,IIFL_SCRIPMASTER
MACH,BSE,541973.BO,Mac Hotels,MACH|Mac Hotels|Mac Hotels Limited,,INE004Z01011,541973,IIFL_SCRIPMASTER
ROBU,BSE,543787.BO,Macfos,Macfos|Macfos Limited|ROBU,,INE0OLH01013,543787,IIFL_SCRIPMASTER
MCEL,BSE,544248.BO,Mach Conferences and Events Li,MCEL|Mach Conferences and Events Li,,INE0UYT01018,544248,IIFL_SCRIPMASTER
MACIND,BSE,543934.BO,Machhar Industries,MACIND|Machhar Industries|Machhar Industries Limited,,INE01BT01015,543934,IIFL_SCRIPMASTER
MACPLASQ,BSE,523248.BO,Machino Plastics,MACPLASQ|Machino Plastics|Machino Plastics Limited,,INE082B01018,523248,IIFL_SCRIPMASTER
MACOBSTECH,BSE,211784.BO,Macobs Technologies,MACOBSTECH|Macobs Technologies|Macobs Technologies Limited,,INE0R0J01010,211784,IIFL_SCRIPMASTER
MACPOWER,BSE,203119.BO,Macpower Cnc Machines,MACPOWER|Macpower Cnc Machines|Macpower Cnc Machines Limited,,INE155Z01011,203119,IIFL_SCRIPMASTER
MADALA,BSE,532344.BO,Madala Holdings,MADALA|Madala Holdings|Madala Holdings Limited,,INE002B01016,532344,IIFL_SCRIPMASTER
MCL,BSE,200072.BO,Madhav Copper,MCL|Madhav Copper|Madhav Copper Limited,,INE813V01022,200072,IIFL_SCRIPMASTER
MADHAVIPL,BSE,539894.BO,Madhav Infra Projects,MADHAVIPL|Madhav Infra Projects|Madhav Infra Projects Limited,,INE631R01026,539894,IIFL_SCRIPMASTER
MADHAV,BSE,515093.BO,Madhav Marbles & Granites,MADHAV|Madhav Marbles & Granites|Madhav Marbles & Granites Limited,,INE925C01016,515093,IIFL_SCRIPMASTER
MADHUCON,BSE,531497.BO,Madhucon Projects,MADHUCON|Madhucon Projects|Madhucon Projects Limited,,INE378D01032,531497,IIFL_SCRIPMASTER
MADHUDIN,BSE,515059.BO,Madhusudan Industries,MADHUDIN|Madhusudan Industries|Madhusudan Industries Limited,,INE469C01023,515059,IIFL_SCRIPMASTER
MADHUSUDAN,BSE,210633.BO,Madhusudan Masala,MADHUSUDAN|Madhusudan Masala|Madhusudan Masala Limited,,INE0P6701019,210633,IIFL_SCRIPMASTER
MADHUSE,BSE,511000.BO,Madhusudan Securities,MADHUSE|Madhusudan Securities|Madhusudan Securities Limited,,INE856D01011,511000,IIFL_SCRIPMASTER
MBAPL,BSE,203569.BO,Madhya Bharat Agro P.,MBAPL|Madhya Bharat Agro P.|Madhya Bharat Agro P. Limited,,INE900L01010,203569,IIFL_SCRIPMASTER
MADRASFERT,BSE,590134.BO,Madras Fertilizer,MADRASFERT|Madras Fertilizer|Madras Fertilizer Limited,,INE414A01015,590134,IIFL_SCRIPMASTER
METSL,BSE,538401.BO,Maestros Electronics & Telecom,METSL|Maestros Electronics & Telecom,,INE318N01011,538401,IIFL_SCRIPMASTER
MAFATIND,BSE,500264.BO,Mafatlal Industries,MAFATIND|Mafatlal Industries|Mafatlal Industries Limited,,INE270B01035,500264,IIFL_SCRIPMASTER
MAFIA,BSE,543613.BO,Mafia Trends,MAFIA|Mafia Trends|Mafia Trends Limited,,INE0KQQ01011,543613,IIFL_SCRIPMASTER
MAGADSUGAR,BSE,540650.BO,Magadh Sugar & Energy,MAGADSUGAR|Magadh Sugar & Energy|Magadh Sugar & Energy Limited,,INE347W01011,540650,IIFL_SCRIPMASTER
MCLOUD,BSE,538891.BO,Magellanic Cloud,MCLOUD|Magellanic Cloud|Magellanic Cloud Limited,,INE613C01026,538891,IIFL_SCRIPMASTER
MAGENTA,BSE,544188.BO,Magenta Lifecare,MAGENTA|Magenta Lifecare|Magenta Lifecare Limited,,INE0QZ901011,544188,IIFL_SCRIPMASTER
MAGNUM,BSE,532896.BO,Magnum Ventures,MAGNUM|Magnum Ventures|Magnum Ventures Limited,,INE387I01016,532896,IIFL_SCRIPMASTER
MAGSON,BSE,210455.BO,Magson Retail and Dist L,MAGSON|Magson Retail and Dist L,,INE0O1S01012,210455,IIFL_SCRIPMASTER
MAHAPEXLTD,BSE,523384.BO,Maha Rashtra Apex,MAHAPEXLTD|Maha Rashtra Apex|Maha Rashtra Apex Corporation,,INE843B01013,523384,IIFL_SCRIPMASTER
MFML,BSE,544233.BO,Mahalaxmi Fabric Mills,MFML|Mahalaxmi Fabric Mills|Mahalaxmi Fabric Mills Limited,,INE0US801024,544233,IIFL_SCRIPMASTER
MHLXMIRU,BSE,514450.BO,Mahalaxmi Rubtech,MHLXMIRU|Mahalaxmi Rubtech|Mahalaxmi Rubtech Limited,,INE112D01035,514450,IIFL_SCRIPMASTER
MAHALIFE,BSE,544611.BO,Mahamaya Lifesciences,MAHALIFE|Mahamaya Lifesciences|Mahamaya Lifesciences Limited,,INE0U9D01019,544611,IIFL_SCRIPMASTER
MGL,BSE,539957.BO,Mahanagar Gas,MGL|Mahanagar Gas|Mahanagar Gas Limited,,INE002S01010,539957,IIFL_SCRIPMASTER
MTNL,BSE,500108.BO,Mahanagar Telephone Nigam,MTNL|Mahanagar Telephone Nigam|Mahanagar Telephone Nigam Limited,,INE153A01019,500108,IIFL_SCRIPMASTER
MAHACORP,BSE,505523.BO,Maharashtra,MAHACORP|Maharashtra|Maharashtra Corporation Limited,,INE272E01027,505523,IIFL_SCRIPMASTER
MAHSCOOTER,BSE,500266.BO,Maharashtra Scooters,MAHSCOOTER|Maharashtra Scooters|Maharashtra Scooters Limited,,INE288A01013,500266,IIFL_SCRIPMASTER
MAHSEAMLES,BSE,500265.BO,Maharashtra Seamless,MAHSEAMLES|Maharashtra Seamless|Maharashtra Seamless Limited,,INE271B01025,500265,IIFL_SCRIPMASTER
MRIL,BSE,213654.BO,Mahendra Realto & Infra L,MRIL|Mahendra Realto & Infra L,,INE632Q01018,213654,IIFL_SCRIPMASTER
MAHESHWARI,BSE,205355.BO,Maheshwari Logistics,MAHESHWARI|Maheshwari Logistics|Maheshwari Logistics Limited,,INE263W01010,205355,IIFL_SCRIPMASTER
MAHICKRA,BSE,200486.BO,Mahickra Chemical,MAHICKRA|Mahickra Chemical|Mahickra Chemical Limited,,INE961Y01015,200486,IIFL_SCRIPMASTER
M&M,BSE,500520.BO,Mahindra & Mahindra,M&M|Mahindra & Mahindra|Mahindra & Mahindra Limited,,INE101A01026,500520,IIFL_SCRIPMASTER
M&MFIN,BSE,532720.BO,Mahindra & Mahindra Financial,M&MFIN|Mahindra & Mahindra Financial,,INE774D01024,532720,IIFL_SCRIPMASTER
MAHEPC,BSE,523754.BO,Mahindra Epc Irrigation Limite,MAHEPC|Mahindra Epc Irrigation Limite,,INE215D01010,523754,IIFL_SCRIPMASTER
MHRIL,BSE,533088.BO,Mahindra Holidays & Resorts In,MHRIL|Mahindra Holidays & Resorts In,,INE998I01010,533088,IIFL_SCRIPMASTER
MAHLIFE,BSE,532313.BO,Mahindra Lifespace Developers,MAHLIFE|Mahindra Lifespace Developers,,INE813A01018,532313,IIFL_SCRIPMASTER
MAHLOG,BSE,540768.BO,Mahindra Logistics,MAHLOG|Mahindra Logistics|Mahindra Logistics Limited,,INE766P01016,540768,IIFL_SCRIPMASTER
MAIDEN,BSE,543874.BO,Maiden Forgings,MAIDEN|Maiden Forgings|Maiden Forgings Limited,,INE0O1T01010,543874,IIFL_SCRIPMASTER
MAITHANALL,BSE,590078.BO,Maithan Alloys,MAITHANALL|Maithan Alloys|Maithan Alloys Limited,,INE683C01011,590078,IIFL_SCRIPMASTER
MAITREYA,BSE,210787.BO,Maitreya Medicare,MAITREYA|Maitreya Medicare|Maitreya Medicare Limited,,INE0PLQ01011,210787,IIFL_SCRIPMASTER
MAJESAUT,BSE,500267.BO,Majestic Auto,MAJESAUT|Majestic Auto|Majestic Auto Limited,,INE201B01022,500267,IIFL_SCRIPMASTER
MAKERSL,BSE,506919.BO,Makers Laboratories,MAKERSL|Makers Laboratories|Makers Laboratories Limited,,INE987A01010,506919,IIFL_SCRIPMASTER
MAKS,BSE,209129.BO,Maks Energy Sol India,MAKS|Maks Energy Sol India|Maks Energy Sol India Limited,,INE0CDK01019,209129,IIFL_SCRIPMASTER
MALLCOM,BSE,539400.BO,Mallcom (India),MALLCOM|Mallcom (India)|Mallcom (India) Limited,,INE389C01015,539400,IIFL_SCRIPMASTER
MALPANI,BSE,544351.BO,Malpani Pipes and Fittings Lim,MALPANI|Malpani Pipes and Fittings Lim,,INE0YON01014,544351,IIFL_SCRIPMASTER
MALUPAPER,BSE,532728.BO,Malu Paper Mills,MALUPAPER|Malu Paper Mills|Malu Paper Mills Limited,,INE383H01017,532728,IIFL_SCRIPMASTER
MAMATA,BSE,544318.BO,Mamata Machinery,MAMATA|Mamata Machinery|Mamata Machinery Limited,,INE0TO701015,544318,IIFL_SCRIPMASTER
MANINDS,BSE,513269.BO,Man Industries (India),MANINDS|Man Industries (India)|Man Industries (India) Limited,,INE993A01026,513269,IIFL_SCRIPMASTER
MANINFRA,BSE,533169.BO,Man Infraconstruction,MANINFRA|Man Infraconstruction|Man Infraconstruction Limited,,INE949H01023,533169,IIFL_SCRIPMASTER
MANAKSIA,BSE,532932.BO,Manaksia,MANAKSIA|Manaksia|Manaksia Limited,,INE015D01022,532932,IIFL_SCRIPMASTER
MANAKALUCO,BSE,539045.BO,Manaksia Aluminium Company,MANAKALUCO|Manaksia Aluminium Company|Manaksia Aluminium Company Limited,,INE859Q01017,539045,IIFL_SCRIPMASTER
MANAKCOAT,BSE,539046.BO,Manaksia Coated Metals & Indus,MANAKCOAT|Manaksia Coated Metals & Indus,,INE830Q01018,539046,IIFL_SCRIPMASTER
MANALIPETC,BSE,500268.BO,Manali Petrochemical,MANALIPETC|Manali Petrochemical|Manali Petrochemical Limited,,INE201A01024,500268,IIFL_SCRIPMASTER
MANAPPURAM,BSE,531213.BO,Manappuram Finance,MANAPPURAM|Manappuram Finance|Manappuram Finance Limited,,INE522D01027,531213,IIFL_SCRIPMASTER
MPEL,BSE,215153.BO,Manas Polymer N Energie L,MPEL|Manas Polymer N Energie L,,INE0U4H01011,215153,IIFL_SCRIPMASTER
MANAV,BSE,203203.BO,Manav Infra Projects,MANAV|Manav Infra Projects|Manav Infra Projects Limited,,INE104Y01012,203203,IIFL_SCRIPMASTER
MANBA,BSE,544262.BO,Manba Finance,MANBA|Manba Finance|Manba Finance Limited,,INE939X01013,544262,IIFL_SCRIPMASTER
MANBRO,BSE,512595.BO,Manbro Industries,MANBRO|Manbro Industries|Manbro Industries Limited,,INE348N01042,512595,IIFL_SCRIPMASTER
MANDEEP,BSE,211583.BO,Mandeep Auto Industries L,MANDEEP|Mandeep Auto Industries L,,INE0R3T01013,211583,IIFL_SCRIPMASTER
MANGALCOMP,BSE,544287.BO,Mangal Compusolution,MANGALCOMP|Mangal Compusolution|Mangal Compusolution Limited,,INE0RU901015,544287,IIFL_SCRIPMASTER
MANCREDIT,BSE,505850.BO,Mangal Credit and Fincorp,MANCREDIT|Mangal Credit and Fincorp|Mangal Credit and Fincorp Limited,,INE545L01039,505850,IIFL_SCRIPMASTER
MAL,BSE,210659.BO,Mangalam Alloys,MAL|Mangalam Alloys|Mangalam Alloys Limited,,INE00C401011,210659,IIFL_SCRIPMASTER
MANGLMCEM,BSE,502157.BO,Mangalam Cement,MANGLMCEM|Mangalam Cement|Mangalam Cement Limited,,INE347A01017,502157,IIFL_SCRIPMASTER
MGEL,BSE,544273.BO,Mangalam Global Enterprise Lim,MGEL|Mangalam Global Enterprise Lim,,INE0APB01032,544273,IIFL_SCRIPMASTER
MANGIND,BSE,537800.BO,Mangalam Industrial Finance Lt,MANGIND|Mangalam Industrial Finance Lt,,INE717C01025,537800,IIFL_SCRIPMASTER
MSL,BSE,539275.BO,Mangalam Seeds,MSL|Mangalam Seeds|Mangalam Seeds Limited,,INE829S01016,539275,IIFL_SCRIPMASTER
MWL,BSE,208936.BO,Mangalam Worldwide,MWL|Mangalam Worldwide|Mangalam Worldwide Limited,,INE0JYY01011,208936,IIFL_SCRIPMASTER
MRPL,BSE,500109.BO,Mangalore Refinery & Petrochem,MRPL|Mangalore Refinery & Petrochem,,INE103A01014,500109,IIFL_SCRIPMASTER
MANGLAM,BSE,503626.BO,Manglam Global Corporations Li,MANGLAM|Manglam Global Corporations Li,,INE733N01011,503626,IIFL_SCRIPMASTER
MIEL,BSE,211802.BO,Manglam Infra & Eng,MIEL|Manglam Infra & Eng|Manglam Infra & Eng Limited,,INE0R3101011,211802,IIFL_SCRIPMASTER
MANILAM,BSE,215795.BO,Manilam Industries Ind L,MANILAM|Manilam Industries Ind L,,INE1ERK01013,215795,IIFL_SCRIPMASTER
MANKIND,BSE,543904.BO,Mankind Pharma,MANKIND|Mankind Pharma|Mankind Pharma Limited,,INE634S01028,543904,IIFL_SCRIPMASTER
MANOJJEWEL,BSE,544400.BO,Manoj Jewellers,MANOJJEWEL|Manoj Jewellers|Manoj Jewellers Limited,,INE0MV001018,544400,IIFL_SCRIPMASTER
MVGJL,BSE,543995.BO,Manoj Vaibhav Gems N Jewelle,MVGJL|Manoj Vaibhav Gems N Jewelle,,INE0KNT01012,543995,IIFL_SCRIPMASTER
MANOMAY,BSE,540396.BO,Manomay Tex India,MANOMAY|Manomay Tex India|Manomay Tex India Limited,,INE784W01015,540396,IIFL_SCRIPMASTER
MANORAMA,BSE,541974.BO,Manorama Industries,MANORAMA|Manorama Industries|Manorama Industries Limited,,INE00VM01036,541974,IIFL_SCRIPMASTER
MANSIFIN,BSE,511758.BO,Mansi Finance (Chennai),MANSIFIN|Mansi Finance (Chennai)|Mansi Finance (Chennai) Limited,,INE094E01017,511758,IIFL_SCRIPMASTER
MANTRA,BSE,511577.BO,Mantra Capital,MANTRA|Mantra Capital|Mantra Capital Limited,,INE304E01010,511577,IIFL_SCRIPMASTER
MANUGRAPH,BSE,505324.BO,Manugraph India,MANUGRAPH|Manugraph India|Manugraph India Limited,,INE867A01022,505324,IIFL_SCRIPMASTER
MIT,BSE,543925.BO,Maple Infrastructure Trust,MIT|Maple Infrastructure Trust,,INE0M5S23019,543925,IIFL_SCRIPMASTER
MAPROIN,BSE,509762.BO,Mapro Industries,MAPROIN|Mapro Industries|Mapro Industries Limited,,INE848M01019,509762,IIFL_SCRIPMASTER
MARATHON,BSE,503101.BO,Marathon Nextgen Realty,MARATHON|Marathon Nextgen Realty|Marathon Nextgen Realty Limited,,INE182D01020,503101,IIFL_SCRIPMASTER
MARBLE,BSE,531281.BO,Marble City India,MARBLE|Marble City India|Marble City India Limited,,INE807H01023,531281,IIFL_SCRIPMASTER
MARC,BSE,215482.BO,Marc Technocrats,MARC|Marc Technocrats|Marc Technocrats Limited,,INE0TD401015,215482,IIFL_SCRIPMASTER
MARCO,BSE,210638.BO,Marco Cable & Conductor L,MARCO|Marco Cable & Conductor L,,INE0QP001012,210638,IIFL_SCRIPMASTER
MSCTC,BSE,513544.BO,Mardia Samyoung Capillary Tube,MSCTC|Mardia Samyoung Capillary Tube,,INE277E01026,513544,IIFL_SCRIPMASTER
MARGOFIN,BSE,500206.BO,Margo Finance,MARGOFIN|Margo Finance|Margo Finance Limited,,INE680B01019,500206,IIFL_SCRIPMASTER
MARICO,BSE,531642.BO,Marico,MARICO|Marico|Marico Limited,,INE196A01026,531642,IIFL_SCRIPMASTER
MARINE,BSE,207697.BO,Marine Electrical (I),MARINE|Marine Electrical (I)|Marine Electrical (I) Limited,,INE01JE01028,207697,IIFL_SCRIPMASTER
MARINETRAN,BSE,210873.BO,Marinetrans India,MARINETRAN|Marinetrans India|Marinetrans India Limited,,INE0P1P01017,210873,IIFL_SCRIPMASTER
MARIS,BSE,531503.BO,Maris Spinners,MARIS|Maris Spinners|Maris Spinners Limited,,INE866D01010,531503,IIFL_SCRIPMASTER
MKTCREAT,BSE,526891.BO,Market Creators,MKTCREAT|Market Creators|Market Creators Limited,,INE944C01017,526891,IIFL_SCRIPMASTER
MARKOLINES,BSE,543364.BO,Markolines Pavement Technologi,MARKOLINES|Markolines Pavement Technologi,,INE0FW001016,543364,IIFL_SCRIPMASTER
MARKSANS,BSE,524404.BO,Marksans Pharma,MARKSANS|Marksans Pharma|Marksans Pharma Limited,,INE750C01026,524404,IIFL_SCRIPMASTER
MARSHALL,BSE,201607.BO,Marshall Machines,MARSHALL|Marshall Machines|Marshall Machines Limited,,INE00SZ01018,201607,IIFL_SCRIPMASTER
MARSONS,BSE,517467.BO,Marsons,MARSONS|Marsons|Marsons Limited,,INE415B01044,517467,IIFL_SCRIPMASTER
MARBU,BSE,523566.BO,Martin Burn,MARBU|Martin Burn|Martin Burn Limited,,INE199D01016,523566,IIFL_SCRIPMASTER
MARUSHIKA,BSE,215762.BO,Marushika Technology,MARUSHIKA|Marushika Technology|Marushika Technology Limited,,INE0X7G01013,215762,IIFL_SCRIPMASTER
MARUTI,BSE,532500.BO,Maruti Suzuki India,MARUTI|Maruti Suzuki India|Maruti Suzuki India Limited,,INE585B01010,532500,IIFL_SCRIPMASTER
MDL,BSE,203071.BO,Marvel Decor,MDL|Marvel Decor|Marvel Decor Limited,,INE575Z01010,203071,IIFL_SCRIPMASTER
MASFIN,BSE,540749.BO,Mas Financial Services,MASFIN|Mas Financial Services|Mas Financial Services Limited,,INE348L01012,540749,IIFL_SCRIPMASTER
MASKINVEST,BSE,206083.BO,Mask Investments,MASKINVEST|Mask Investments|Mask Investments Limited,,INE885F01015,206083,IIFL_SCRIPMASTER
MASON,BSE,211715.BO,Mason Infratech,MASON|Mason Infratech|Mason Infratech Limited,,INE0SH001010,211715,IIFL_SCRIPMASTER
MASTEK,BSE,523704.BO,Mastek,MASTEK|Mastek|Mastek Limited,,INE759A01021,523704,IIFL_SCRIPMASTER
MASTER,BSE,210657.BO,Master Components,MASTER|Master Components|Master Components Limited,,INE0OJM01017,210657,IIFL_SCRIPMASTER
MASTERTR,BSE,511768.BO,Master Trust,MASTERTR|Master Trust|Master Trust Limited,,INE677D01037,511768,IIFL_SCRIPMASTER
MATRIMONY,BSE,540704.BO,Matrimony.Com,MATRIMONY|Matrimony.Com|Matrimony.Com Limited,,INE866R01028,540704,IIFL_SCRIPMASTER
MGSL,BSE,213806.BO,Matrix Geo Solutions,MGSL|Matrix Geo Solutions|Matrix Geo Solutions Limited,,INE132901013,213806,IIFL_SCRIPMASTER
MUL,BSE,539219.BO,Mauria Udyog,MUL|Mauria Udyog|Mauria Udyog Limited,,INE150D01027,539219,IIFL_SCRIPMASTER
MAXESTATES,BSE,544008.BO,Max Estates,MAXESTATES|Max Estates|Max Estates Limited,,INE03EI01018,544008,IIFL_SCRIPMASTER
MFSL,BSE,500271.BO,Max Financial Services,MFSL|Max Financial Services|Max Financial Services Limited,,INE180A01020,500271,IIFL_SCRIPMASTER
MAXHEALTH,BSE,543220.BO,Max Healthcare Institute Limit,MAXHEALTH|Max Healthcare Institute Limit,,INE027H01010,543220,IIFL_SCRIPMASTER
MAXHEIGHTS,BSE,534338.BO,Max Heights Infrastucture,MAXHEIGHTS|Max Heights Infrastucture|Max Heights Infrastucture Limited,,INE393F01010,534338,IIFL_SCRIPMASTER
MAXIND,BSE,543223.BO,Max India,MAXIND|Max India|Max India Limited,,INE0CG601016,543223,IIFL_SCRIPMASTER
MAXIMUS,BSE,540401.BO,Maximus International,MAXIMUS|Maximus International|Maximus International Limited,,INE544W01021,540401,IIFL_SCRIPMASTER
MAXPOSURE,BSE,211036.BO,Maxposure,MAXPOSURE|Maxposure|Maxposure Limited,,INE0ECC01022,211036,IIFL_SCRIPMASTER
MAXVOLT,BSE,212507.BO,Maxvolt Energy Indus L,MAXVOLT|Maxvolt Energy Indus L,,INE10A501018,212507,IIFL_SCRIPMASTER
MCFL,BSE,544106.BO,Mayank Cattle Food,MCFL|Mayank Cattle Food|Mayank Cattle Food Limited,,INE0R5Z01015,544106,IIFL_SCRIPMASTER
MAYASHEEL,BSE,213455.BO,Mayasheel Ventures,MAYASHEEL|Mayasheel Ventures|Mayasheel Ventures Limited,,INE0ZTO01018,213455,IIFL_SCRIPMASTER
MAYUR,BSE,531680.BO,Mayur Leather Products,MAYUR|Mayur Leather Products|Mayur Leather Products Limited,,INE799E01011,531680,IIFL_SCRIPMASTER
MAYURUNIQ,BSE,522249.BO,Mayur Uniquoters,MAYURUNIQ|Mayur Uniquoters|Mayur Uniquoters Limited,,INE040D01038,522249,IIFL_SCRIPMASTER
MAZDOCK,BSE,543237.BO,Mazagon Dock Shipbuilders Limi,MAZDOCK|Mazagon Dock Shipbuilders Limi,,INE249Z01020,543237,IIFL_SCRIPMASTER
MAZDA,BSE,523792.BO,Mazda,MAZDA|Mazda|Mazda Limited,,INE885E01042,523792,IIFL_SCRIPMASTER
MBLINFRA,BSE,533152.BO,Mbl Infrastructure,MBLINFRA|Mbl Infrastructure|Mbl Infrastructure Limited,,INE912H01013,533152,IIFL_SCRIPMASTER
MCON,BSE,209598.BO,Mcon Rasayan India,MCON|Mcon Rasayan India|Mcon Rasayan India Limited,,INE0O4M01019,209598,IIFL_SCRIPMASTER
MEDIASSIST,BSE,544088.BO,Medi Assist Healthcare Service,MEDIASSIST|Medi Assist Healthcare Service,,INE456Z01021,544088,IIFL_SCRIPMASTER
MEDICAPQ,BSE,523144.BO,Medi-Caps,MEDICAPQ|Medi-Caps|Medi-Caps Limited,,INE442D01010,523144,IIFL_SCRIPMASTER
MEDICAMEQ,BSE,531146.BO,Medicamen Biotech,MEDICAMEQ|Medicamen Biotech|Medicamen Biotech Limited,,INE646B01010,531146,IIFL_SCRIPMASTER
MEDIORG,BSE,211710.BO,Medicamen Organics,MEDIORG|Medicamen Organics|Medicamen Organics Limited,,INE0PE401018,211710,IIFL_SCRIPMASTER
MIL,BSE,539938.BO,Medico Intercontinental Limite,MIL|Medico Intercontinental Limite,,INE858Q01019,539938,IIFL_SCRIPMASTER
MEDICO,BSE,540937.BO,Medico Remedies,MEDICO|Medico Remedies|Medico Remedies Limited,,INE630Y01024,540937,IIFL_SCRIPMASTER
MEDISTEP,BSE,213647.BO,Medistep Healthcare,MEDISTEP|Medistep Healthcare|Medistep Healthcare Limited,,INE0UOY01019,213647,IIFL_SCRIPMASTER
MEDPLUS,BSE,543427.BO,Medplus Health Services Limite,MEDPLUS|Medplus Health Services Limite,,INE804L01022,543427,IIFL_SCRIPMASTER
MEESHO,BSE,544632.BO,Meesho,MEESHO|Meesho|Meesho Limited,,INE0VDM01015,544632,IIFL_SCRIPMASTER
MEFCOMCAP,BSE,531176.BO,Mefcom Capital Markets,MEFCOMCAP|Mefcom Capital Markets|Mefcom Capital Markets Limited,,INE186C01023,531176,IIFL_SCRIPMASTER
MEGAFLEX,BSE,209110.BO,Mega Flex Plastics,MEGAFLEX|Mega Flex Plastics|Mega Flex Plastics Limited,,INE0G1D01014,209110,IIFL_SCRIPMASTER
MNIL,BSE,539767.BO,Mega Nirman & Industries Limit,MNIL|Mega Nirman & Industries Limit,,INE216Q01010,539767,IIFL_SCRIPMASTER
MEGASTAR,BSE,541352.BO,Megastar Foods,MEGASTAR|Megastar Foods|Megastar Foods Limited,,INE00EM01016,541352,IIFL_SCRIPMASTER
MEGATHERM,BSE,211095.BO,Megatherm Induction,MEGATHERM|Megatherm Induction|Megatherm Induction Limited,,INE531R01010,211095,IIFL_SCRIPMASTER
MOL,BSE,543331.BO,Meghmani Organics,MOL|Meghmani Organics|Meghmani Organics Limited,,INE0CT101020,543331,IIFL_SCRIPMASTER
MIIL,BSE,538668.BO,Meghna Infracon Infrastructure,MIIL|Meghna Infracon Infrastructure,,INE898Q01015,538668,IIFL_SCRIPMASTER
MEGRISOFT,BSE,539012.BO,Megri Soft,MEGRISOFT|Megri Soft|Megri Soft Limited,,INE756R01013,539012,IIFL_SCRIPMASTER
MEHIF,BSE,511377.BO,Mehta Integrated Finance,MEHIF|Mehta Integrated Finance|Mehta Integrated Finance Limited,,INE240B01012,511377,IIFL_SCRIPMASTER
MEHSECU,BSE,511738.BO,Mehta Securities,MEHSECU|Mehta Securities|Mehta Securities Limited,,INE241B01010,511738,IIFL_SCRIPMASTER
MEHUL,BSE,544472.BO,Mehul Colours,MEHUL|Mehul Colours|Mehul Colours Limited,,INE1KH601014,544472,IIFL_SCRIPMASTER
MTL,BSE,544751.BO,Mehul Telecom,MTL|Mehul Telecom|Mehul Telecom Limited,,INE1K0V01011,544751,IIFL_SCRIPMASTER
MENONBE,BSE,523828.BO,Menon Bearings,MENONBE|Menon Bearings|Menon Bearings Limited,,INE071D01033,523828,IIFL_SCRIPMASTER
MENNPIS,BSE,531727.BO,Menon Pistons,MENNPIS|Menon Pistons|Menon Pistons Limited,,INE650G01029,531727,IIFL_SCRIPMASTER
MERCANTILE,BSE,538942.BO,Mercantile Ventures,MERCANTILE|Mercantile Ventures|Mercantile Ventures Limited,,INE689O01013,538942,IIFL_SCRIPMASTER
MERCURYLAB,BSE,538964.BO,Mercury Laboratories,MERCURYLAB|Mercury Laboratories|Mercury Laboratories Limited,,INE947G01011,538964,IIFL_SCRIPMASTER
MERCTRD,BSE,512415.BO,Mercury Trade Links,MERCTRD|Mercury Trade Links|Mercury Trade Links Limited,,INE319T01016,512415,IIFL_SCRIPMASTER
METAINFO,BSE,544441.BO,Meta Infotech,METAINFO|Meta Infotech|Meta Infotech Limited,,INE162901016,544441,IIFL_SCRIPMASTER
METALCO,BSE,531810.BO,Metal Coatings (India),METALCO|Metal Coatings (India)|Metal Coatings (India) Limited,,INE161E01014,531810,IIFL_SCRIPMASTER
METHODHUB,BSE,544637.BO,Methodhub Software,METHODHUB|Methodhub Software|Methodhub Software Limited,,INE0QZR01017,544637,IIFL_SCRIPMASTER
METROBRAND,BSE,543426.BO,Metro Brands,METROBRAND|Metro Brands|Metro Brands Limited,,INE317I01021,543426,IIFL_SCRIPMASTER
METROGLOBL,BSE,500159.BO,Metroglobal,METROGLOBL|Metroglobal|Metroglobal Limited,,INE085D01033,500159,IIFL_SCRIPMASTER
METROPOLIS,BSE,542650.BO,Metropolis Healthcare,METROPOLIS|Metropolis Healthcare|Metropolis Healthcare Limited,,INE112L01020,542650,IIFL_SCRIPMASTER
MFLINDIA,BSE,526622.BO,Mfl India,MFLINDIA|Mfl India|Mfl India Limited,,INE244C01020,526622,IIFL_SCRIPMASTER
MICEL,BSE,532850.BO,Mic Electronics,MICEL|Mic Electronics|Mic Electronics Limited,,INE287C01037,532850,IIFL_SCRIPMASTER
MICROPRO,BSE,210803.BO,Micropro Software Sol L,MICROPRO|Micropro Software Sol L,,INE0PZK01014,210803,IIFL_SCRIPMASTER
MIDINDIA,BSE,500277.BO,Mid India Industries,MIDINDIA|Mid India Industries|Mid India Industries Limited,,INE401C01018,500277,IIFL_SCRIPMASTER
MIDWESTLTD,BSE,544587.BO,Midwest,MIDWESTLTD|Midwest|Midwest Limited,,INE0XAD01024,544587,IIFL_SCRIPMASTER
MILESTONE,BSE,531338.BO,Milestone Global,MILESTONE|Milestone Global|Milestone Global Limited,,INE151H01018,531338,IIFL_SCRIPMASTER
ZMILGFIN,BSE,511018.BO,Milgrey Finance & Investment L,Milgrey Finance & Investment L|ZMILGFIN,,INE679T01013,511018,IIFL_SCRIPMASTER
MLKFOOD,BSE,507621.BO,Milkfood,MLKFOOD|Milkfood|Milkfood Limited,,INE588G01021,507621,IIFL_SCRIPMASTER
MILLENNIUM,BSE,511187.BO,Millennium Online Solutions (I,MILLENNIUM|Millennium Online Solutions (I,,INE570N01025,511187,IIFL_SCRIPMASTER
MILTON,BSE,200558.BO,Milton Industries,MILTON|Milton Industries|Milton Industries Limited,,INE376Y01016,200558,IIFL_SCRIPMASTER
MINALIND,BSE,522235.BO,Minal Industries,MINALIND|Minal Industries|Minal Industries Limited,,INE097E01028,522235,IIFL_SCRIPMASTER
MINAXI,BSE,531456.BO,Minaxi Textiles,MINAXI|Minaxi Textiles|Minaxi Textiles Limited,,INE952C01028,531456,IIFL_SCRIPMASTER
MINDACORP,BSE,538962.BO,Minda,MINDACORP|Minda|Minda Corporation Limited,,INE842C01021,538962,IIFL_SCRIPMASTER
MINDPOOL,BSE,205653.BO,Mindpool Technologies,MINDPOOL|Mindpool Technologies|Mindpool Technologies Limited,,INE00RQ01019,205653,IIFL_SCRIPMASTER
MINDSPACE,BSE,543217.BO,Mindspace Business Parks Reit,MINDSPACE|Mindspace Business Parks Reit,,INE0CCU25019,543217,IIFL_SCRIPMASTER
MINDTECK,BSE,517344.BO,Mindteck (India),MINDTECK|Mindteck (India)|Mindteck (India) Limited,,INE110B01017,517344,IIFL_SCRIPMASTER
MINID,BSE,523373.BO,Mini Diamonds (India),MINID|Mini Diamonds (India)|Mini Diamonds (India) Limited,,INE281E01028,523373,IIFL_SCRIPMASTER
MIRZAINT,BSE,526642.BO,Mirza International,MIRZAINT|Mirza International|Mirza International Limited,,INE771A01026,526642,IIFL_SCRIPMASTER
MISHDESIGN,BSE,544015.BO,Mish Designs,MISHDESIGN|Mish Designs|Mish Designs Limited,,INE0QI101019,544015,IIFL_SCRIPMASTER
MISHKA,BSE,539220.BO,Mishka Exim,MISHKA|Mishka Exim|Mishka Exim Limited,,INE540S01019,539220,IIFL_SCRIPMASTER
MIDHANI,BSE,541195.BO,Mishra Dhatu Nigam,MIDHANI|Mishra Dhatu Nigam|Mishra Dhatu Nigam Limited,,INE099Z01011,541195,IIFL_SCRIPMASTER
MISHTANN,BSE,539594.BO,Mishtann Foods,MISHTANN|Mishtann Foods|Mishtann Foods Limited,,INE094S01041,539594,IIFL_SCRIPMASTER
MISQUITA,BSE,542801.BO,Misquita Engineering,MISQUITA|Misquita Engineering|Misquita Engineering Limited,,INE957W01025,542801,IIFL_SCRIPMASTER
MITCON,BSE,204669.BO,Mitcon Con & Eng Ser,MITCON|Mitcon Con & Eng Ser|Mitcon Con & Eng Ser Limited,,INE828O01033,204669,IIFL_SCRIPMASTER
MITCONPP,BSE,211869.BO,Mitcon Con Rs.2.50 Ppd Up,MITCONPP|Mitcon Con Rs.2.50 Ppd Up,,IN9828O01015,211869,IIFL_SCRIPMASTER
MITSHI,BSE,523782.BO,Mitshi India,MITSHI|Mitshi India|Mitshi India Limited,,INE844D01017,523782,IIFL_SCRIPMASTER
MITTAL,BSE,210750.BO,Mittal Life Style,MITTAL|Mittal Life Style|Mittal Life Style Limited,,INE997Y01027,210750,IIFL_SCRIPMASTER
MIVENMACH,BSE,522036.BO,Miven Machine Tools,MIVENMACH|Miven Machine Tools|Miven Machine Tools Limited,,INE338P01014,522036,IIFL_SCRIPMASTER
MIZVEN,BSE,531537.BO,Mizzen Ventures,MIZVEN|Mizzen Ventures|Mizzen Ventures Limited,,INE681K01026,531537,IIFL_SCRIPMASTER
MKPMOB,BSE,521244.BO,Mkp Mobility,MKPMOB|Mkp Mobility|Mkp Mobility Limited,,INE676G01024,521244,IIFL_SCRIPMASTER
MKVENTURES,BSE,514238.BO,Mkventures Capital,MKVENTURES|Mkventures Capital|Mkventures Capital Limited,,INE874A01010,514238,IIFL_SCRIPMASTER
MMRUBBR-B,BSE,509196.BO,Mm Rubber Company,MMRUBBR-B|Mm Rubber Company|Mm Rubber Company Limited,,INE159E01026,509196,IIFL_SCRIPMASTER
MMP,BSE,203210.BO,Mmp Industries,MMP|Mmp Industries|Mmp Industries Limited,,INE511Y01018,203210,IIFL_SCRIPMASTER
MMTC,BSE,513377.BO,Mmtc,MMTC|Mmtc|Mmtc Limited,,INE123F01029,513377,IIFL_SCRIPMASTER
MOBAVENUE,BSE,539682.BO,Mobavenue Ai Tech,MOBAVENUE|Mobavenue Ai Tech|Mobavenue Ai Tech Limited,,INE622Q01019,539682,IIFL_SCRIPMASTER
MOBILISE,BSE,215828.BO,Mobilise App Lab,MOBILISE|Mobilise App Lab|Mobilise App Lab Limited,,INE1YNB01019,215828,IIFL_SCRIPMASTER
MODWOOL,BSE,503772.BO,Modella Woollens,MODWOOL|Modella Woollens|Modella Woollens Limited,,INE380D01012,503772,IIFL_SCRIPMASTER
MODAIRY,BSE,519287.BO,Modern Dairies,MODAIRY|Modern Dairies|Modern Dairies Limited,,INE617B01011,519287,IIFL_SCRIPMASTER
MDRC,BSE,544673.BO,Modern Diagnostic & Research C,MDRC|Modern Diagnostic & Research C,,INE1HK501016,544673,IIFL_SCRIPMASTER
MEAPL,BSE,539762.BO,Modern Engineering and Project,MEAPL|Modern Engineering and Project,,INE250S01015,539762,IIFL_SCRIPMASTER
MODRNSH,BSE,509760.BO,Modern Shares & Stockbrokers L,MODRNSH|Modern Shares & Stockbrokers L,,INE370A01019,509760,IIFL_SCRIPMASTER
MDRNSTL,BSE,513303.BO,Modern Steels,MDRNSTL|Modern Steels|Modern Steels Limited,,INE001F01019,513303,IIFL_SCRIPMASTER
MODTHREAD,BSE,500282.BO,Modern Threads (India),MODTHREAD|Modern Threads (India)|Modern Threads (India) Limited,,INE794W01014,500282,IIFL_SCRIPMASTER
MODIRUBBER,BSE,500890.BO,Modi Rubber,MODIRUBBER|Modi Rubber|Modi Rubber Limited,,INE832A01018,500890,IIFL_SCRIPMASTER
MODIS,BSE,543539.BO,Modis Navnirman,MODIS|Modis Navnirman|Modis Navnirman Limited,,INE0L0L01012,543539,IIFL_SCRIPMASTER
MODISONLTD,BSE,506261.BO,Modison,MODISONLTD|Modison|Modison Limited,,INE737D01021,506261,IIFL_SCRIPMASTER
MHHL,BSE,205578.BO,Mohini Health&Hygiene,MHHL|Mohini Health&Hygiene|Mohini Health&Hygiene Limited,,INE450S01011,205578,IIFL_SCRIPMASTER
MOHITIND,BSE,531453.BO,Mohit Industries,MOHITIND|Mohit Industries|Mohit Industries Limited,,INE954E01012,531453,IIFL_SCRIPMASTER
MOHITPPR,BSE,530169.BO,Mohit Paper Mills,MOHITPPR|Mohit Paper Mills|Mohit Paper Mills Limited,,INE388C01017,530169,IIFL_SCRIPMASTER
MOHITE,BSE,532140.BO,Mohite Industries,MOHITE|Mohite Industries|Mohite Industries Limited,,INE154B01023,532140,IIFL_SCRIPMASTER
MOIL,BSE,533286.BO,Moil,MOIL|Moil|Moil Limited,,INE490G01020,533286,IIFL_SCRIPMASTER
MOKSH,BSE,208106.BO,Moksh Ornaments,MOKSH|Moksh Ornaments|Moksh Ornaments Limited,,INE514Y01020,208106,IIFL_SCRIPMASTER
MOLDTKPAC,BSE,533080.BO,Mold-Tek Packaging,MOLDTKPAC|Mold-Tek Packaging|Mold-Tek Packaging Limited,,INE893J01029,533080,IIFL_SCRIPMASTER
MOLDTECH,BSE,526263.BO,Mold-Tek Technologies,MOLDTECH|Mold-Tek Technologies|Mold-Tek Technologies Limited,,INE835B01035,526263,IIFL_SCRIPMASTER
MONARCH,BSE,511551.BO,Monarch Networth Capital Limit,MONARCH|Monarch Networth Capital Limit,,INE903D01011,511551,IIFL_SCRIPMASTER
MMLF,BSE,535910.BO,Money Masters Leasing & Financ,MMLF|Money Masters Leasing & Financ,,INE340O01021,535910,IIFL_SCRIPMASTER
MONEYBOXX,BSE,538446.BO,Moneyboxx Finance,MONEYBOXX|Moneyboxx Finance|Moneyboxx Finance Limited,,INE296Q01012,538446,IIFL_SCRIPMASTER
MONIKA,BSE,544451.BO,Monika Alcobev,MONIKA|Monika Alcobev|Monika Alcobev Limited,,INE0LCG01010,544451,IIFL_SCRIPMASTER
MONOPHARMA,BSE,210583.BO,Mono Pharmacare,MONOPHARMA|Mono Pharmacare|Mono Pharmacare Limited,,INE0OIP01012,210583,IIFL_SCRIPMASTER
MONOLITH,BSE,213434.BO,Monolithisch India,MONOLITH|Monolithisch India|Monolithisch India Limited,,INE1DV401010,213434,IIFL_SCRIPMASTER
MONOT,BSE,505343.BO,Monotype India,MONOT|Monotype India|Monotype India Limited,,INE811D01024,505343,IIFL_SCRIPMASTER
MONTECARLO,BSE,538836.BO,Monte Carlo Fashions,MONTECARLO|Monte Carlo Fashions|Monte Carlo Fashions Limited,,INE950M01013,538836,IIFL_SCRIPMASTER
MONGIPA,BSE,530167.BO,Moongipa Capital Finance,MONGIPA|Moongipa Capital Finance|Moongipa Capital Finance Limited,,INE153K01018,530167,IIFL_SCRIPMASTER
MORARKFI,BSE,511549.BO,Morarka Finance,MORARKFI|Morarka Finance|Morarka Finance Limited,,INE367A01015,511549,IIFL_SCRIPMASTER
MOREPENLAB,BSE,500288.BO,Morepen Laboratories,MOREPENLAB|Morepen Laboratories|Morepen Laboratories Limited,,INE083A01026,500288,IIFL_SCRIPMASTER
MORGAN,BSE,526237.BO,Morgan Ventures,MORGAN|Morgan Ventures|Morgan Ventures Limited,,INE902C01015,526237,IIFL_SCRIPMASTER
MOS,BSE,210293.BO,Mos UTIlity,MOS|Mos UTIlity|Mos UTIlity Limited,,INE0N7S01028,210293,IIFL_SCRIPMASTER
MOSCHIP,BSE,532407.BO,Moschip Technologies,MOSCHIP|Moschip Technologies|Moschip Technologies Limited,,INE935B01025,532407,IIFL_SCRIPMASTER
MNFL,BSE,544623.BO,Mother Nutri Foods,MNFL|Mother Nutri Foods|Mother Nutri Foods Limited,,INE0UH001016,544623,IIFL_SCRIPMASTER
MSUMI,BSE,543498.BO,Motherson Sumi Wiring India Li,MSUMI|Motherson Sumi Wiring India Li,,INE0FS801015,543498,IIFL_SCRIPMASTER
MOTILALOFS,BSE,532892.BO,Motilal Oswal Financial Servic,MOTILALOFS|Motilal Oswal Financial Servic,,INE338I01027,532892,IIFL_SCRIPMASTER
MON100,BSE,533385.BO,Motilal Oswal Most Shares Nasd,MON100|Motilal Oswal Most Shares Nasd,,INF247L01AP3,533385,IIFL_SCRIPMASTER
MOTISONS,BSE,544053.BO,Motisons Jewellers,MOTISONS|Motisons Jewellers|Motisons Jewellers Limited,,INE0FRK01020,544053,IIFL_SCRIPMASTER
MOTOGENFIN,BSE,501343.BO,Motor & General Finance,MOTOGENFIN|Motor & General Finance|Motor & General Finance Limited,,INE861B01023,501343,IIFL_SCRIPMASTER
MMEL,BSE,213486.BO,Moving Media Enter,MMEL|Moving Media Enter|Moving Media Enter Limited,,INE0XM301010,213486,IIFL_SCRIPMASTER
MOXSH,BSE,209353.BO,Moxsh Overseas Educon,MOXSH|Moxsh Overseas Educon|Moxsh Overseas Educon Limited,,INE0N6D01014,209353,IIFL_SCRIPMASTER
MPDL,BSE,532723.BO,Mpdl,MPDL|Mpdl|Mpdl Limited,,INE493H01014,532723,IIFL_SCRIPMASTER
MPHASIS,BSE,526299.BO,Mphasis,MPHASIS|Mphasis|Mphasis Limited,,INE356A01018,526299,IIFL_SCRIPMASTER
MPILCORPL,BSE,500450.BO,Mpil,MPILCORPL|Mpil|Mpil Corporation Limited,,INE844C01027,500450,IIFL_SCRIPMASTER
MPL,BSE,526143.BO,Mpl Plastics,MPL|Mpl Plastics|Mpl Plastics Limited,,INE343A01016,526143,IIFL_SCRIPMASTER
MPSLTD,BSE,532440.BO,Mps,MPSLTD|Mps|Mps Limited,,INE943D01017,532440,IIFL_SCRIPMASTER
MRCAGRO,BSE,540809.BO,Mrc Agrotech,MRCAGRO|Mrc Agrotech|Mrc Agrotech Limited,,INE333Y01017,540809,IIFL_SCRIPMASTER
MRF,BSE,500290.BO,Mrf,MRF|Mrf|Mrf Limited,,INE883A01011,500290,IIFL_SCRIPMASTER
MRP,BSE,543262.BO,Mrp Agro,MRP|Mrp Agro|Mrp Agro Limited,,INE0D7801012,543262,IIFL_SCRIPMASTER
BECTORFOOD,BSE,543253.BO,Mrs. Bectors Food Specialities,BECTORFOOD|Mrs. Bectors Food Specialities,,INE495P01020,543253,IIFL_SCRIPMASTER
MSAFE,BSE,544695.BO,Msafe Equipments,MSAFE|Msafe Equipments|Msafe Equipments Limited,,INE2B5L01011,544695,IIFL_SCRIPMASTER
MSPL,BSE,532650.BO,Msp Steel & Power,MSPL|Msp Steel & Power|Msp Steel & Power Limited,,INE752G01015,532650,IIFL_SCRIPMASTER
MSTCLTD,BSE,542597.BO,Mstc,MSTCLTD|Mstc|Mstc Limited,,INE255X01014,542597,IIFL_SCRIPMASTER
MTARTECH,BSE,543270.BO,Mtar Technologies,MTARTECH|Mtar Technologies|Mtar Technologies Limited,,INE864I01014,543270,IIFL_SCRIPMASTER
MUDRA,BSE,539819.BO,Mudra Financial Services,MUDRA|Mudra Financial Services|Mudra Financial Services Limited,,INE967S01014,539819,IIFL_SCRIPMASTER
MUFIN,BSE,542774.BO,Mufin Green Finance,MUFIN|Mufin Green Finance|Mufin Green Finance Limited,,INE08KJ01020,542774,IIFL_SCRIPMASTER
MUKANDLTD,BSE,500460.BO,Mukand,MUKANDLTD|Mukand|Mukand Limited,,INE304A01026,500460,IIFL_SCRIPMASTER
MUKESHB,BSE,530341.BO,Mukesh Babu Financial Services,MUKESHB|Mukesh Babu Financial Services,,INE596B01017,530341,IIFL_SCRIPMASTER
MUKKA,BSE,544135.BO,Mukka Proteins,MUKKA|Mukka Proteins|Mukka Proteins Limited,,INE0CG401037,544135,IIFL_SCRIPMASTER
MUKTA,BSE,535204.BO,Mukta Agriculture,MUKTA|Mukta Agriculture|Mukta Agriculture Limited,,INE160O01031,535204,IIFL_SCRIPMASTER
MUKTAARTS,BSE,532357.BO,Mukta Arts,MUKTAARTS|Mukta Arts|Mukta Arts Limited,,INE374B01019,532357,IIFL_SCRIPMASTER
MULLER,BSE,501477.BO,Muller & Phipps (India),MULLER|Muller & Phipps (India)|Muller & Phipps (India) Limited,,INE003F01015,501477,IIFL_SCRIPMASTER
MCX,BSE,534091.BO,Multi Commodity Exchange of In,MCX|Multi Commodity Exchange of In,,INE745G01043,534091,IIFL_SCRIPMASTER
MULTIBASE,BSE,526169.BO,Multibase India,MULTIBASE|Multibase India|Multibase India Limited,,INE678F01014,526169,IIFL_SCRIPMASTER
MUNISH,BSE,215183.BO,Munish Forge,MUNISH|Munish Forge|Munish Forge Limited,,INE1K8Y01018,215183,IIFL_SCRIPMASTER
MUNJALAU,BSE,520059.BO,Munjal Auto Industries,MUNJALAU|Munjal Auto Industries|Munjal Auto Industries Limited,,INE672B01032,520059,IIFL_SCRIPMASTER
MUNJALSHOW,BSE,520043.BO,Munjal Showa,MUNJALSHOW|Munjal Showa|Munjal Showa Limited,,INE577A01027,520043,IIFL_SCRIPMASTER
MCLTD,BSE,511401.BO,Munoth Communication,MCLTD|Munoth Communication|Munoth Communication Limited,,INE410E01015,511401,IIFL_SCRIPMASTER
MURUDCERA,BSE,515037.BO,Murudeshwar Ceramics,MURUDCERA|Murudeshwar Ceramics|Murudeshwar Ceramics Limited,,INE692B01014,515037,IIFL_SCRIPMASTER
RADIOCITY,BSE,540366.BO,Music Broadcast,Music Broadcast|Music Broadcast Limited|RADIOCITY,,INE919I01024,540366,IIFL_SCRIPMASTER
MUTHOOTCAP,BSE,511766.BO,Muthoot Capital Services,MUTHOOTCAP|Muthoot Capital Services|Muthoot Capital Services Limited,,INE296G01013,511766,IIFL_SCRIPMASTER
MUTHOOTFIN,BSE,533398.BO,Muthoot Finance,MUTHOOTFIN|Muthoot Finance|Muthoot Finance Limited,,INE414G01012,533398,IIFL_SCRIPMASTER
MUTHOOTMF,BSE,544055.BO,Muthoot Microfin,MUTHOOTMF|Muthoot Microfin|Muthoot Microfin Limited,,INE046W01019,544055,IIFL_SCRIPMASTER
MYMONEY,BSE,538862.BO,My Money Securities,MYMONEY|My Money Securities|My Money Securities Limited,,INE232L01018,538862,IIFL_SCRIPMASTER
MYMUDRA,BSE,211963.BO,My Mudra Fincorp,MYMUDRA|My Mudra Fincorp|My Mudra Fincorp Limited,,INE0RVQ01016,211963,IIFL_SCRIPMASTER
MYSORPETRO,BSE,506734.BO,Mysore Petro Chemicals,MYSORPETRO|Mysore Petro Chemicals|Mysore Petro Chemicals Limited,,INE741A01011,506734,IIFL_SCRIPMASTER
MYSTICELE,BSE,535205.BO,Mystic Electronics,MYSTICELE|Mystic Electronics|Mystic Electronics Limited,,INE159O01033,535205,IIFL_SCRIPMASTER
NRVANDANA,BSE,206022.BO,N R Vandana Tex Ind,N R Vandana Tex Ind|N R Vandana Tex Ind Limited|NRVANDANA,,INE104101014,206022,IIFL_SCRIPMASTER
NBIFIN,BSE,201684.BO,N.B.I. Ind. Fin. Co.,N.B.I. Ind. Fin. Co.|N.B.I. Ind. Fin. Co. Limited|NBIFIN,,INE365I01020,201684,IIFL_SCRIPMASTER
NGIND,BSE,530897.BO,N.G.Industries,N.G.Industries|N.G.Industries Limited|NGIND,,INE825C01018,530897,IIFL_SCRIPMASTER
NKIND,BSE,519494.BO,N.K.Industries,N.K.Industries|N.K.Industries Limited|NKIND,,INE542C01019,519494,IIFL_SCRIPMASTER
NRAIL,BSE,516082.BO,N.R.Agarwal Industries,N.R.Agarwal Industries|N.R.Agarwal Industries Limited|NRAIL,,INE740D01017,516082,IIFL_SCRIPMASTER
NMDC,BSE,526371.BO,NMDC,NMDC|NMDC Limited,,INE584A01023,526371,IIFL_SCRIPMASTER
NSLNISP,BSE,543768.BO,NMDC Steel,NMDC Steel|NMDC Steel Limited|NSLNISP,,INE0NNS01018,543768,IIFL_SCRIPMASTER
NTPC,BSE,532555.BO,NTPC,NTPC|NTPC Limited,,INE733E01010,532555,IIFL_SCRIPMASTER
NTPCGREEN,BSE,544289.BO,NTPC Green Energy,NTPC Green Energy|NTPC Green Energy Limited|NTPCGREEN,,INE0ONG01011,544289,IIFL_SCRIPMASTER
NBL,BSE,543351.BO,Naapbooks,NBL|Naapbooks|Naapbooks Limited,,INE0GOA01018,543351,IIFL_SCRIPMASTER
NACDAC,BSE,544313.BO,Nacdac Infrastructure,NACDAC|Nacdac Infrastructure|Nacdac Infrastructure Limited,,INE0LB101011,544313,IIFL_SCRIPMASTER
NACLIND,BSE,524709.BO,Nacl Industries,NACLIND|Nacl Industries|Nacl Industries Limited,,INE295D01020,524709,IIFL_SCRIPMASTER
NDGL,BSE,204326.BO,Naga Dhunseri Group,NDGL|Naga Dhunseri Group|Naga Dhunseri Group Limited,,INE756C01015,204326,IIFL_SCRIPMASTER
NAGPI,BSE,532362.BO,Nagpur Power & Industries,NAGPI|Nagpur Power & Industries|Nagpur Power & Industries Limited,,INE099E01016,532362,IIFL_SCRIPMASTER
NAGREEKEXP,BSE,521109.BO,Nagreeka Exports,NAGREEKEXP|Nagreeka Exports|Nagreeka Exports Limited,,INE123B01028,521109,IIFL_SCRIPMASTER
NAHARCAP,BSE,532952.BO,Nahar Capital & Financial Serv,NAHARCAP|Nahar Capital & Financial Serv,,INE049I01012,532952,IIFL_SCRIPMASTER
NAHARINDUS,BSE,519136.BO,Nahar Industrial Enterprises L,NAHARINDUS|Nahar Industrial Enterprises L,,INE289A01011,519136,IIFL_SCRIPMASTER
NAHARPOLY,BSE,523391.BO,Nahar Polyfilms,NAHARPOLY|Nahar Polyfilms|Nahar Polyfilms Limited,,INE308A01027,523391,IIFL_SCRIPMASTER
NLFL,BSE,531212.BO,Nalin Lease Finance,NLFL|Nalin Lease Finance|Nalin Lease Finance Limited,,INE606C01012,531212,IIFL_SCRIPMASTER
NSIL,BSE,532256.BO,Nalwa Sons Investments,NSIL|Nalwa Sons Investments|Nalwa Sons Investments Limited,,INE023A01030,532256,IIFL_SCRIPMASTER
NAM,BSE,538395.BO,Nam Securities,NAM|Nam Securities|Nam Securities Limited,,INE792G01011,538395,IIFL_SCRIPMASTER
NAMAN,BSE,211469.BO,Naman Industre Prxima,NAMAN|Naman Industre Prxima|Naman Industre Prxima Limited,,INE0RJM01010,211469,IIFL_SCRIPMASTER
NAMOEWASTE,BSE,211962.BO,Namo Ewaste Management L,NAMOEWASTE|Namo Ewaste Management L,,INE08NZ01012,211962,IIFL_SCRIPMASTER
NVENTURES,BSE,543522.BO,Nanavati Ventures,NVENTURES|Nanavati Ventures|Nanavati Ventures Limited,,INE0E5R01017,543522,IIFL_SCRIPMASTER
NDL,BSE,532641.BO,Nandan Denim,NDL|Nandan Denim|Nandan Denim Limited,,INE875G01048,532641,IIFL_SCRIPMASTER
JAIPURKURT,BSE,203667.BO,Nandani Creation,JAIPURKURT|Nandani Creation|Nandani Creation Limited,,INE696V01013,203667,IIFL_SCRIPMASTER
NAPEROL,BSE,500298.BO,Naperol Investments,NAPEROL|Naperol Investments|Naperol Investments Limited,,INE585A01020,500298,IIFL_SCRIPMASTER
NAPSGLOBAL,BSE,544373.BO,Naps Global India,NAPSGLOBAL|Naps Global India|Naps Global India Limited,,INE0VNH01014,544373,IIFL_SCRIPMASTER
NH,BSE,539551.BO,Narayana Hrudayalaya,NH|Narayana Hrudayalaya|Narayana Hrudayalaya Limited,,INE410P01011,539551,IIFL_SCRIPMASTER
NARBADA,BSE,519455.BO,Narbada Gems and Jewellery,NARBADA|Narbada Gems and Jewellery|Narbada Gems and Jewellery Limited,,INE540C01021,519455,IIFL_SCRIPMASTER
NARPROP,BSE,531416.BO,Narendra Properties,NARPROP|Narendra Properties|Narendra Properties Limited,,INE603F01012,531416,IIFL_SCRIPMASTER
NARMADA,BSE,543643.BO,Narmada Agrobase,NARMADA|Narmada Agrobase|Narmada Agrobase Limited,,INE117Z01011,543643,IIFL_SCRIPMASTER
SHAWGELTIN,BSE,526739.BO,Narmada Gelatines,Narmada Gelatines|Narmada Gelatines Limited|SHAWGELTIN,,INE869A01010,526739,IIFL_SCRIPMASTER
NARMP,BSE,517431.BO,Narmada Macplast Drip Irrigati,NARMP|Narmada Macplast Drip Irrigati,,INE060D01028,517431,IIFL_SCRIPMASTER
NATCOPHARM,BSE,524816.BO,Natco Pharma,NATCOPHARM|Natco Pharma|Natco Pharma Limited,,INE987B01026,524816,IIFL_SCRIPMASTER
NATHBIOGEN,BSE,537291.BO,Nath Bio-Genes (India),NATHBIOGEN|Nath Bio-Genes (India)|Nath Bio-Genes (India) Limited,,INE448G01010,537291,IIFL_SCRIPMASTER
NATHIND,BSE,502587.BO,Nath Industries,NATHIND|Nath Industries|Nath Industries Limited,,INE777A01023,502587,IIFL_SCRIPMASTER
NATIONALUM,BSE,532234.BO,National Aluminium Co.,NATIONALUM|National Aluminium Co.|National Aluminium Co.Limited,,INE139A01034,532234,IIFL_SCRIPMASTER
NFL,BSE,523630.BO,National Fertilizers,NFL|National Fertilizers|National Fertilizers Limited,,INE870D01012,523630,IIFL_SCRIPMASTER
NATFIT,BSE,531289.BO,National Fittings,NATFIT|National Fittings|National Fittings Limited,,INE643C01015,531289,IIFL_SCRIPMASTER
NHIT,BSE,543385.BO,National Highways Infra Trust,NHIT|National Highways Infra Trust,,INE0H7R23014,543385,IIFL_SCRIPMASTER
NOL,BSE,507813.BO,National Oxygen,NOL|National Oxygen|National Oxygen Limited,,INE296D01010,507813,IIFL_SCRIPMASTER
NATPLAS,BSE,526616.BO,National Plastic Industries Lt,NATPLAS|National Plastic Industries Lt,,INE233D01013,526616,IIFL_SCRIPMASTER
NATPLASTI,BSE,531287.BO,National Plastic Technologies,NATPLASTI|National Plastic Technologies,,INE896D01017,531287,IIFL_SCRIPMASTER
NSDL,BSE,544467.BO,National Securities Depository,NSDL|National Securities Depository,,INE301O01023,544467,IIFL_SCRIPMASTER
NATIONSTD,BSE,504882.BO,National Standard (India),NATIONSTD|National Standard (India)|National Standard (India) Limited,,INE166R01015,504882,IIFL_SCRIPMASTER
NATRAJPR,BSE,530119.BO,Natraj Proteins,NATRAJPR|Natraj Proteins|Natraj Proteins Limited,,INE444D01016,530119,IIFL_SCRIPMASTER
NATCAPSUQ,BSE,524654.BO,Natural Capsules,NATCAPSUQ|Natural Capsules|Natural Capsules Limited,,INE936B01015,524654,IIFL_SCRIPMASTER
NHL,BSE,544245.BO,Naturewings Holidays,NHL|Naturewings Holidays|Naturewings Holidays Limited,,INE0N4701016,544245,IIFL_SCRIPMASTER
NAPL,BSE,538926.BO,Naturite Agro Products,NAPL|Naturite Agro Products|Naturite Agro Products Limited,,INE223R01014,538926,IIFL_SCRIPMASTER
NAVA,BSE,513023.BO,Nava,NAVA|Nava|Nava Limited,,INE725A01030,513023,IIFL_SCRIPMASTER
NAVINFLUOR,BSE,532504.BO,Navin Fluorine International L,NAVINFLUOR|Navin Fluorine International L,,INE048G01026,532504,IIFL_SCRIPMASTER
NAVKARCORP,BSE,539332.BO,Navkar,NAVKARCORP|Navkar|Navkar Corporation Limited,,INE278M01019,539332,IIFL_SCRIPMASTER
NAVKARURB,BSE,531494.BO,Navkar Urbanstructure,NAVKARURB|Navkar Urbanstructure|Navkar Urbanstructure Limited,,INE268H01044,531494,IIFL_SCRIPMASTER
NAVNETEDUL,BSE,508989.BO,Navneet Education,NAVNETEDUL|Navneet Education|Navneet Education Limited,,INE060A01024,508989,IIFL_SCRIPMASTER
NAZARA,BSE,543280.BO,Nazara Technologies,NAZARA|Nazara Technologies|Nazara Technologies Limited,,INE418L01047,543280,IIFL_SCRIPMASTER
NBCC,BSE,534309.BO,Nbcc (India),NBCC|Nbcc (India)|Nbcc (India) Limited,,INE095N01031,534309,IIFL_SCRIPMASTER
NCC,BSE,500294.BO,Ncc,NCC|Ncc|Ncc Limited,,INE868B01028,500294,IIFL_SCRIPMASTER
NCLIND,BSE,502168.BO,Ncl Industries,NCLIND|Ncl Industries|Ncl Industries Limited,,INE732C01016,502168,IIFL_SCRIPMASTER
NCLRESE,BSE,530557.BO,Ncl Research & Financial Servi,NCLRESE|Ncl Research & Financial Servi,,INE132F01038,530557,IIFL_SCRIPMASTER
NDLVENTURE,BSE,500189.BO,Ndl Ventures,NDLVENTURE|Ndl Ventures|Ndl Ventures Limited,,INE353A01023,500189,IIFL_SCRIPMASTER
NDRAUTO,BSE,543214.BO,Ndr Auto Components,NDRAUTO|Ndr Auto Components|Ndr Auto Components Limited,,INE07OG01012,543214,IIFL_SCRIPMASTER
NEELAM,BSE,212185.BO,Neelam Linens & Gar (I) L,NEELAM|Neelam Linens & Gar (I) L,,INE0N1401016,212185,IIFL_SCRIPMASTER
NEAGI,BSE,508670.BO,Neelamalai Agro Industries,NEAGI|Neelamalai Agro Industries|Neelamalai Agro Industries Limited,,INE605D01012,508670,IIFL_SCRIPMASTER
NEELKANTH,BSE,512565.BO,Neelkanth,NEELKANTH|Neelkanth|Neelkanth Limited,,INE581D01015,512565,IIFL_SCRIPMASTER
NEERAJ,BSE,539409.BO,Neeraj Paper Marketing,NEERAJ|Neeraj Paper Marketing|Neeraj Paper Marketing Limited,,INE894J01019,539409,IIFL_SCRIPMASTER
NEETUYOSHI,BSE,544434.BO,Neetu Yoshi,NEETUYOSHI|Neetu Yoshi|Neetu Yoshi Limited,,INE0UZO01024,544434,IIFL_SCRIPMASTER
NEIL,BSE,539016.BO,Neil Industries,NEIL|Neil Industries|Neil Industries Limited,,INE396C01010,539016,IIFL_SCRIPMASTER
NELCAST,BSE,532864.BO,Nelcast,NELCAST|Nelcast|Nelcast Limited,,INE189I01024,532864,IIFL_SCRIPMASTER
NELCO,BSE,504112.BO,Nelco,NELCO|Nelco|Nelco Limited,,INE045B01015,504112,IIFL_SCRIPMASTER
NEOINFRA,BSE,514332.BO,Neo Infracon,NEOINFRA|Neo Infracon|Neo Infracon Limited,,INE216I01017,514332,IIFL_SCRIPMASTER
NEOCHEM,BSE,215421.BO,Neochem Bio Solutions,NEOCHEM|Neochem Bio Solutions|Neochem Bio Solutions Limited,,INE21UM01018,215421,IIFL_SCRIPMASTER
NEOGEN,BSE,542665.BO,Neogen Chemicals,NEOGEN|Neogen Chemicals|Neogen Chemicals Limited,,INE136S01016,542665,IIFL_SCRIPMASTER
NPFL,BSE,544269.BO,Neopolitan Pizza and Foods Lim,NPFL|Neopolitan Pizza and Foods Lim,,INE471R01019,544269,IIFL_SCRIPMASTER
NEPHROCARE,BSE,211745.BO,Nephro Care India,NEPHROCARE|Nephro Care India|Nephro Care India Limited,,INE0SUN01013,211745,IIFL_SCRIPMASTER
NEPHROPLUS,BSE,544647.BO,Nephrocare Health Services Lim,NEPHROPLUS|Nephrocare Health Services Lim,,INE428V01029,544647,IIFL_SCRIPMASTER
NEPLOG,BSE,544663.BO,Neptune Logitek,NEPLOG|Neptune Logitek|Neptune Logitek Limited,,INE1NQ501012,544663,IIFL_SCRIPMASTER
NEPTUNE,BSE,213376.BO,Neptune Petrochemicals L,NEPTUNE|Neptune Petrochemicals L,,INE156901014,213376,IIFL_SCRIPMASTER
NESCO,BSE,505355.BO,Nesco,NESCO|Nesco|Nesco Limited,,INE317F01035,505355,IIFL_SCRIPMASTER
NESTLEIND,BSE,500790.BO,Nestle India,NESTLEIND|Nestle India|Nestle India Limited,,INE239A01024,500790,IIFL_SCRIPMASTER
CBAZAAR,BSE,210874.BO,Net Avenue Technologies L,CBAZAAR|Net Avenue Technologies L,,INE518X01015,210874,IIFL_SCRIPMASTER
NETLINK,BSE,509040.BO,Netlink Solutions (India),NETLINK|Netlink Solutions (India)|Netlink Solutions (India) Limited,,INE040F01033,509040,IIFL_SCRIPMASTER
NETTLINX,BSE,511658.BO,Nettlinx,NETTLINX|Nettlinx|Nettlinx Limited,,INE027D01019,511658,IIFL_SCRIPMASTER
NETWEB,BSE,543945.BO,Netweb Technologies India Limi,NETWEB|Netweb Technologies India Limi,,INE0NT901020,543945,IIFL_SCRIPMASTER
NPST,BSE,544396.BO,Network People Services Techno,NPST|Network People Services Techno,,INE0FFK01017,544396,IIFL_SCRIPMASTER
NPST,BSE,208146.BO,Network People Srv Tech L,NPST|Network People Srv Tech L,,INE0FFK01017,208146,IIFL_SCRIPMASTER
NETWORK18,BSE,532798.BO,Network18 Media & Investments,NETWORK18|Network18 Media & Investments,,INE870H01013,532798,IIFL_SCRIPMASTER
NEULANDLAB,BSE,524558.BO,Neuland Laboratories,NEULANDLAB|Neuland Laboratories|Neuland Laboratories Limited,,INE794A01010,524558,IIFL_SCRIPMASTER
NDTV,BSE,532529.BO,New Delhi Television,NDTV|New Delhi Television|New Delhi Television Limited,,INE155G01029,532529,IIFL_SCRIPMASTER
NEWLIGHT,BSE,540243.BO,New Light Industries,NEWLIGHT|New Light Industries|New Light Industries Limited,,INE835U01027,540243,IIFL_SCRIPMASTER
SWANAGRO,BSE,544082.BO,New Swan Multitech,New Swan Multitech|New Swan Multitech Limited|SWANAGRO,,INE0GEN01012,544082,IIFL_SCRIPMASTER
NEWGEN,BSE,540900.BO,Newgen Software Technologies L,NEWGEN|Newgen Software Technologies L,,INE619B01017,540900,IIFL_SCRIPMASTER
NEWJAISA,BSE,210663.BO,Newjaisa Technologies,NEWJAISA|Newjaisa Technologies|Newjaisa Technologies Limited,,INE0PW501021,210663,IIFL_SCRIPMASTER
NMSTEEL,BSE,212312.BO,Newmalayalam Steel,NMSTEEL|Newmalayalam Steel|Newmalayalam Steel Limited,,INE0TP801012,212312,IIFL_SCRIPMASTER
NEWINFRA,BSE,531959.BO,Newtime Infrastructure,NEWINFRA|Newtime Infrastructure|Newtime Infrastructure Limited,,INE997D01021,531959,IIFL_SCRIPMASTER
NEWTRAC,BSE,514060.BO,Newtrac Foods & Beverages Limi,NEWTRAC|Newtrac Foods & Beverages Limi,,INE229N01010,514060,IIFL_SCRIPMASTER
NEXOME,BSE,508905.BO,Nexome Capital Markets,NEXOME|Nexome Capital Markets|Nexome Capital Markets Limited,,INE641A01013,508905,IIFL_SCRIPMASTER
NEXTMEDIA,BSE,532416.BO,Next Mediaworks,NEXTMEDIA|Next Mediaworks|Next Mediaworks Limited,,INE747B01016,532416,IIFL_SCRIPMASTER
NXST,BSE,543913.BO,Nexus Select Trust,NXST|Nexus Select Trust,,INE0NDH25011,543913,IIFL_SCRIPMASTER
NEXUSSURGL,BSE,538874.BO,Nexus Surgical and Medicare Li,NEXUSSURGL|Nexus Surgical and Medicare Li,,INE370Q01015,538874,IIFL_SCRIPMASTER
NEXXUS,BSE,544265.BO,Nexxus Petro Industries Limite,NEXXUS|Nexxus Petro Industries Limite,,INE0QUL01011,544265,IIFL_SCRIPMASTER
NFPSAMPOOR,BSE,216276.BO,Nfp Sampoorna Foods,NFPSAMPOOR|Nfp Sampoorna Foods|Nfp Sampoorna Foods Limited,,INE0T1501010,216276,IIFL_SCRIPMASTER
NGLFINE,BSE,524774.BO,Ngl Fine-Chem,NGLFINE|Ngl Fine-Chem|Ngl Fine-Chem Limited,,INE887E01022,524774,IIFL_SCRIPMASTER
NHPC,BSE,533098.BO,Nhpc,NHPC|Nhpc|Nhpc Limited,,INE848E01016,533098,IIFL_SCRIPMASTER
NIBE,BSE,535136.BO,Nibe,NIBE|Nibe|Nibe Limited,,INE149O01018,535136,IIFL_SCRIPMASTER
NICCOPAR,BSE,526721.BO,Nicco Parks & Resorts,NICCOPAR|Nicco Parks & Resorts|Nicco Parks & Resorts Limited,,INE653C01022,526721,IIFL_SCRIPMASTER
NIDAN,BSE,208362.BO,Nidan Labs and Health,NIDAN|Nidan Labs and Health|Nidan Labs and Health Limited,,INE0J6L01013,208362,IIFL_SCRIPMASTER
NIITLTD,BSE,500304.BO,Niit,NIITLTD|Niit|Niit Limited,,INE161A01038,500304,IIFL_SCRIPMASTER
NIITMTS,BSE,543952.BO,Niit Learning Systems,NIITMTS|Niit Learning Systems|Niit Learning Systems Limited,,INE342G01023,543952,IIFL_SCRIPMASTER
NIKHILAD,BSE,526159.BO,Nikhil Adhesives,NIKHILAD|Nikhil Adhesives|Nikhil Adhesives Limited,,INE926C01022,526159,IIFL_SCRIPMASTER
NIKITA,BSE,213373.BO,Nikita Grentec Recycl,NIKITA|Nikita Grentec Recycl|Nikita Grentec Recycl Limited,,INE0FLF01015,213373,IIFL_SCRIPMASTER
NILAINFRA,BSE,530377.BO,Nila Infrastructures,NILAINFRA|Nila Infrastructures|Nila Infrastructures Limited,,INE937C01029,530377,IIFL_SCRIPMASTER
NILASPACES,BSE,542231.BO,Nila Spaces,NILASPACES|Nila Spaces|Nila Spaces Limited,,INE00S901012,542231,IIFL_SCRIPMASTER
NCML,BSE,544510.BO,Nilachal Carbo Metalicks Limit,NCML|Nilachal Carbo Metalicks Limit,,INE346R01013,544510,IIFL_SCRIPMASTER
NILACHAL,BSE,502294.BO,Nilachal Refractories,NILACHAL|Nilachal Refractories|Nilachal Refractories Limited,,INE416N01013,502294,IIFL_SCRIPMASTER
NILE,BSE,530129.BO,Nile,NILE|Nile|Nile Limited,,INE445D01013,530129,IIFL_SCRIPMASTER
NILKAMAL,BSE,523385.BO,Nilkamal,NILKAMAL|Nilkamal|Nilkamal Limited,,INE310A01015,523385,IIFL_SCRIPMASTER
NIMBSPROJ,BSE,511714.BO,Nimbus Projects,NIMBSPROJ|Nimbus Projects|Nimbus Projects Limited,,INE875B01015,511714,IIFL_SCRIPMASTER
NAM-INDIA,BSE,540767.BO,Nippon Life India Asset Manage,NAM-INDIA|Nippon Life India Asset Manage,,INE298J01013,540767,IIFL_SCRIPMASTER
NIRAJISPAT,BSE,200475.BO,Niraj Ispat Ind,NIRAJISPAT|Niraj Ispat Ind|Niraj Ispat Ind Limited,,INE326T01011,200475,IIFL_SCRIPMASTER
NIRAVCOM,BSE,512425.BO,Nirav Commercials,NIRAVCOM|Nirav Commercials|Nirav Commercials Limited,,INE242B01018,512425,IIFL_SCRIPMASTER
NIRLON,BSE,500307.BO,Nirlon,NIRLON|Nirlon|Nirlon Limited,,INE910A01012,500307,IIFL_SCRIPMASTER
NIRMAN,BSE,209622.BO,Nirman Agri Gentics,NIRMAN|Nirman Agri Gentics|Nirman Agri Gentics Limited,,INE0OK701014,209622,IIFL_SCRIPMASTER
NIRMITEE,BSE,543194.BO,Nirmitee Robotics India Limite,NIRMITEE|Nirmitee Robotics India Limite,,INE0CPQ01010,543194,IIFL_SCRIPMASTER
NISMGMT,BSE,544495.BO,Nis Management,NISMGMT|Nis Management|Nis Management Limited,,INE0M3X01010,544495,IIFL_SCRIPMASTER
NISUS,BSE,544296.BO,Nisus Finance Services Co Limi,NISUS|Nisus Finance Services Co Limi,,INE0DQN01013,544296,IIFL_SCRIPMASTER
NITCO,BSE,532722.BO,Nitco,NITCO|Nitco|Nitco Limited,,INE858F01012,532722,IIFL_SCRIPMASTER
NITINCAST,BSE,508875.BO,Nitin Castings,NITINCAST|Nitin Castings|Nitin Castings Limited,,INE861H01020,508875,IIFL_SCRIPMASTER
NITINSPIN,BSE,532698.BO,Nitin Spinners,NITINSPIN|Nitin Spinners|Nitin Spinners Limited,,INE229H01012,532698,IIFL_SCRIPMASTER
NITIRAJ,BSE,203799.BO,Nitiraj Engineers,NITIRAJ|Nitiraj Engineers|Nitiraj Engineers Limited,,INE439T01012,203799,IIFL_SCRIPMASTER
NITTAGELA,BSE,506532.BO,Nitta Gelatin India,NITTAGELA|Nitta Gelatin India|Nitta Gelatin India Limited,,INE265B01019,506532,IIFL_SCRIPMASTER
NIVABUPA,BSE,544286.BO,Niva Bupa Health Insurance Com,NIVABUPA|Niva Bupa Health Insurance Com,,INE995S01015,544286,IIFL_SCRIPMASTER
NIVAKA,BSE,542206.BO,Nivaka Fashions,NIVAKA|Nivaka Fashions|Nivaka Fashions Limited,,INE139E01028,542206,IIFL_SCRIPMASTER
NIYOGIN,BSE,538772.BO,Niyogin Fintech,NIYOGIN|Niyogin Fintech|Niyogin Fintech Limited,,INE480D01010,538772,IIFL_SCRIPMASTER
NLCINDIA,BSE,513683.BO,Nlc India,NLCINDIA|Nlc India|Nlc India Limited,,INE589A01014,513683,IIFL_SCRIPMASTER
NMSGLOBAL,BSE,522289.BO,Nms Global,NMSGLOBAL|Nms Global|Nms Global Limited,,INE169F01014,522289,IIFL_SCRIPMASTER
NOCIL,BSE,500730.BO,Nocil,NOCIL|Nocil|Nocil Limited,,INE163A01018,500730,IIFL_SCRIPMASTER
NORBTEAEXP,BSE,519528.BO,Norben Tea & Exports,NORBTEAEXP|Norben Tea & Exports|Norben Tea & Exports Limited,,INE369C01017,519528,IIFL_SCRIPMASTER
NORRIS,BSE,524414.BO,Norris Medicines,NORRIS|Norris Medicines|Norris Medicines Limited,,INE744C01029,524414,IIFL_SCRIPMASTER
NECCLTD,BSE,534615.BO,North Eastern Carrying Corpora,NECCLTD|North Eastern Carrying Corpora,,INE553C01016,534615,IIFL_SCRIPMASTER
NORTHARC,BSE,544260.BO,Northern Arc Capital,NORTHARC|Northern Arc Capital|Northern Arc Capital Limited,,INE850M01015,544260,IIFL_SCRIPMASTER
NSL,BSE,542628.BO,Northern Spirits,NSL|Northern Spirits|Northern Spirits Limited,,INE01BL01012,542628,IIFL_SCRIPMASTER
NOUVEAU,BSE,531465.BO,Nouveau Global Ventures,NOUVEAU|Nouveau Global Ventures|Nouveau Global Ventures Limited,,INE317B01042,531465,IIFL_SCRIPMASTER
NOVAAGRI,BSE,544100.BO,Nova Agritech,NOVAAGRI|Nova Agritech|Nova Agritech Limited,,INE02H701025,544100,IIFL_SCRIPMASTER
NOVIS,BSE,513566.BO,Nova Iron & Steel,NOVIS|Nova Iron & Steel|Nova Iron & Steel Limited,,INE608C01026,513566,IIFL_SCRIPMASTER
NOVARTIND,BSE,500672.BO,Novartis India,NOVARTIND|Novartis India|Novartis India Limited,,INE234A01025,500672,IIFL_SCRIPMASTER
NOVELIX,BSE,536565.BO,Novelix Pharmaceuticals Limite,NOVELIX|Novelix Pharmaceuticals Limite,,INE314I01036,536565,IIFL_SCRIPMASTER
NOVUS,BSE,544735.BO,Novus Loyalty,NOVUS|Novus Loyalty|Novus Loyalty Limited,,INE1TFS01019,544735,IIFL_SCRIPMASTER
NPRFIN,BSE,530127.BO,Npr Finance,NPRFIN|Npr Finance|Npr Finance Limited,,INE446D01011,530127,IIFL_SCRIPMASTER
NRBBEARING,BSE,530367.BO,Nrb Bearings,NRBBEARING|Nrb Bearings|Nrb Bearings Limited,,INE349A01021,530367,IIFL_SCRIPMASTER
NIBL,BSE,535458.BO,Nrb Industrial Bearings,NIBL|Nrb Industrial Bearings|Nrb Industrial Bearings Limited,,INE047O01014,535458,IIFL_SCRIPMASTER
NSBBPO,BSE,544571.BO,Nsb Bpo Solutions,NSBBPO|Nsb Bpo Solutions|Nsb Bpo Solutions Limited,,INE0SLP01017,544571,IIFL_SCRIPMASTER
NTCIND,BSE,526723.BO,Ntc Industries,NTCIND|Ntc Industries|Ntc Industries Limited,,INE920C01017,526723,IIFL_SCRIPMASTER
NUCLEUS,BSE,531209.BO,Nucleus Software Exports,NUCLEUS|Nucleus Software Exports|Nucleus Software Exports Limited,,INE096B01018,531209,IIFL_SCRIPMASTER
NUKLEUS,BSE,544370.BO,Nukleus Office Solutions Limit,NUKLEUS|Nukleus Office Solutions Limit,,INE0VYX01018,544370,IIFL_SCRIPMASTER
NRL,BSE,208409.BO,Nupur Recyclers,NRL|Nupur Recyclers|Nupur Recyclers Limited,,INE0JM501013,208409,IIFL_SCRIPMASTER
NURECA,BSE,543264.BO,Nureca,NURECA|Nureca|Nureca Limited,,INE0DSF01015,543264,IIFL_SCRIPMASTER
NWIL,BSE,531889.BO,Nurture Well Industries Limite,NWIL|Nurture Well Industries Limite,,INE882B01037,531889,IIFL_SCRIPMASTER
NUTECGLOB,BSE,531304.BO,Nutech Global,NUTECGLOB|Nutech Global|Nutech Global Limited,,INE960H01012,531304,IIFL_SCRIPMASTER
NUVAMA,BSE,543988.BO,Nuvama Wealth Management Limit,NUVAMA|Nuvama Wealth Management Limit,,INE531F01023,543988,IIFL_SCRIPMASTER
NUVOCO,BSE,543334.BO,Nuvoco Vistas Limi,NUVOCO|Nuvoco Vistas Corporation Limi|Nuvoco Vistas Limi,,INE118D01016,543334,IIFL_SCRIPMASTER
NYSSACORP,BSE,504378.BO,Nyssa,NYSSACORP|Nyssa|Nyssa Corporation Limited,,INE812K01027,504378,IIFL_SCRIPMASTER
OBEROIRLTY,BSE,533273.BO,Oberoi Realty,OBEROIRLTY|Oberoi Realty|Oberoi Realty Limited,,INE093I01010,533273,IIFL_SCRIPMASTER
OONE,BSE,535657.BO,Objectone Information Systems,OONE|Objectone Information Systems,,INE860E01011,535657,IIFL_SCRIPMASTER
OBSCP,BSE,212135.BO,Obsc Perfection,OBSCP|Obsc Perfection|Obsc Perfection Limited,,INE0YHV01011,212135,IIFL_SCRIPMASTER
OCCLLTD,BSE,544278.BO,Occl,OCCLLTD|Occl|Occl Limited,,INE0PK601023,544278,IIFL_SCRIPMASTER
OCEANIC,BSE,540405.BO,Oceanic Foods,OCEANIC|Oceanic Foods|Oceanic Foods Limited,,INE711V01010,540405,IIFL_SCRIPMASTER
OCTAL,BSE,538894.BO,Octal Credit Capital,OCTAL|Octal Credit Capital|Octal Credit Capital Limited,,INE513C01010,538894,IIFL_SCRIPMASTER
OCTAVIUSPL,BSE,542938.BO,Octavius Plantations,OCTAVIUSPL|Octavius Plantations|Octavius Plantations Limited,,INE117S01016,542938,IIFL_SCRIPMASTER
ODIGMA,BSE,544301.BO,Odigma Consultancy Solutions L,ODIGMA|Odigma Consultancy Solutions L,,INE054301028,544301,IIFL_SCRIPMASTER
ODYCORP,BSE,531996.BO,Odyssey,ODYCORP|Odyssey|Odyssey Corporation Limited,,INE839E01023,531996,IIFL_SCRIPMASTER
ODYSSEY,BSE,530175.BO,Odyssey Technologies,ODYSSEY|Odyssey Technologies|Odyssey Technologies Limited,,INE213B01019,530175,IIFL_SCRIPMASTER
OIL,BSE,533106.BO,Oil India,OIL|Oil India|Oil India Limited,,INE274J01014,533106,IIFL_SCRIPMASTER
ONGC,BSE,500312.BO,Oil and Natural Gas Corporatio,ONGC|Oil and Natural Gas Corporatio,,INE213A01029,500312,IIFL_SCRIPMASTER
OKPLA,BSE,526415.BO,Ok Play India,OKPLA|Ok Play India|Ok Play India Limited,,INE870B01024,526415,IIFL_SCRIPMASTER
OLAELEC,BSE,544225.BO,Ola Electric Mobility,OLAELEC|Ola Electric Mobility|Ola Electric Mobility Limited,,INE0LXG01040,544225,IIFL_SCRIPMASTER
OLATECH,BSE,543578.BO,Olatech Solutions,OLATECH|Olatech Solutions|Olatech Solutions Limited,,INE0M3901015,543578,IIFL_SCRIPMASTER
OLECTRA,BSE,532439.BO,Olectra Greentech,OLECTRA|Olectra Greentech|Olectra Greentech Limited,,INE260D01016,532439,IIFL_SCRIPMASTER
OLYMPTX,BSE,521105.BO,Olympia Industries,OLYMPTX|Olympia Industries|Olympia Industries Limited,,INE482O01021,521105,IIFL_SCRIPMASTER
OLPCL,BSE,534190.BO,Olympic Cards,OLPCL|Olympic Cards|Olympic Cards Limited,,INE550L01013,534190,IIFL_SCRIPMASTER
OLYOI,BSE,507609.BO,Olympic Oil Industries,OLYOI|Olympic Oil Industries|Olympic Oil Industries Limited,,INE286E01019,507609,IIFL_SCRIPMASTER
OMFREIGHT,BSE,544564.BO,Om Freight Forwarders,OMFREIGHT|Om Freight Forwarders|Om Freight Forwarders Limited,,INE1BZC01019,544564,IIFL_SCRIPMASTER
OMINFRAL,BSE,531092.BO,Om Infra,OMINFRAL|Om Infra|Om Infra Limited,,INE239D01028,531092,IIFL_SCRIPMASTER
OMPOWER,BSE,544750.BO,Om Power Transmission,OMPOWER|Om Power Transmission|Om Power Transmission Limited,,INE25E901019,544750,IIFL_SCRIPMASTER
OMAXE,BSE,532880.BO,Omaxe,OMAXE|Omaxe|Omaxe Limited,,INE800H01010,532880,IIFL_SCRIPMASTER
OMEAG,BSE,519479.BO,Omega Ag-Seeds (Punjab),OMEAG|Omega Ag-Seeds (Punjab)|Omega Ag-Seeds (Punjab) Limited,,INE112B01013,519479,IIFL_SCRIPMASTER
OMFURN,BSE,203162.BO,Omfurn India,OMFURN|Omfurn India|Omfurn India Limited,,INE338Y01016,203162,IIFL_SCRIPMASTER
OMKARPH,BSE,532167.BO,Omkar Pharmachem,OMKARPH|Omkar Pharmachem|Omkar Pharmachem Limited,,INE501C01015,532167,IIFL_SCRIPMASTER
OMNIAX,BSE,532340.BO,Omni Axs Software,OMNIAX|Omni Axs Software|Omni Axs Software Limited,,INE369B01019,532340,IIFL_SCRIPMASTER
OMNIPOTENT,BSE,543400.BO,Omnipotent Industries,OMNIPOTENT|Omnipotent Industries|Omnipotent Industries Limited,,INE0JFE01012,543400,IIFL_SCRIPMASTER
OMNI,BSE,544720.BO,Omnitech Engineering,OMNI|Omnitech Engineering|Omnitech Engineering Limited,,INE0UH301010,544720,IIFL_SCRIPMASTER
ONDOOR,BSE,210749.BO,On Door Concepts,ONDOOR|On Door Concepts|On Door Concepts Limited,,INE00ER01015,210749,IIFL_SCRIPMASTER
PAYTM,BSE,543396.BO,One 97 Communications,One 97 Communications|One 97 Communications Limited|PAYTM,,INE982J01020,543396,IIFL_SCRIPMASTER
ONEGLOBAL,BSE,514330.BO,One Global Service Provider Li,ONEGLOBAL|One Global Service Provider Li,,INE670O01013,514330,IIFL_SCRIPMASTER
MOBIKWIK,BSE,544305.BO,One Mobikwik Systems,MOBIKWIK|One Mobikwik Systems|One Mobikwik Systems Limited,,INE0HLU01028,544305,IIFL_SCRIPMASTER
ONEPOINT,BSE,208502.BO,One Point One Sol,ONEPOINT|One Point One Sol|One Point One Sol Limited,,INE840Y01029,208502,IIFL_SCRIPMASTER
ONEPOINT,BSE,544748.BO,One Point One Solutions Limite,ONEPOINT|One Point One Solutions Limite,,INE840Y01029,544748,IIFL_SCRIPMASTER
OLIL-RE,BSE,215871.BO,Oneclick Logistics,OLIL-RE|Oneclick Logistics|Oneclick Logistics Limited,,INE0OPS20011,215871,IIFL_SCRIPMASTER
OLIL,BSE,210693.BO,Oneclick Logistics Ind L,OLIL|Oneclick Logistics Ind L,,INE0OPS01011,210693,IIFL_SCRIPMASTER
KISSHT,BSE,544754.BO,Onemi Technology Solutions Lim,KISSHT|Onemi Technology Solutions Lim,,INE12F801023,544754,IIFL_SCRIPMASTER
ONESOURCE,BSE,544292.BO,Onesource Specialty Pharma Lim,ONESOURCE|Onesource Specialty Pharma Lim,,INE013P01021,544292,IIFL_SCRIPMASTER
ONMOBILE,BSE,532944.BO,Onmobile,ONMOBILE|Onmobile,,INE809I01019,532944,IIFL_SCRIPMASTER
ONTIC,BSE,540386.BO,Ontic Finserve,ONTIC|Ontic Finserve|Ontic Finserve Limited,,INE989S01042,540386,IIFL_SCRIPMASTER
ONWARDTEC,BSE,517536.BO,Onward Technologies,ONWARDTEC|Onward Technologies|Onward Technologies Limited,,INE229A01017,517536,IIFL_SCRIPMASTER
ONYX,BSE,212187.BO,Onyx Biotec,ONYX|Onyx Biotec|Onyx Biotec Limited,,INE0WVU01018,212187,IIFL_SCRIPMASTER
OPTIEMUS,BSE,530135.BO,Optiemus Infracom,OPTIEMUS|Optiemus Infracom|Optiemus Infracom Limited,,INE350C01017,530135,IIFL_SCRIPMASTER
OPTIFIN,BSE,531254.BO,Optimus Finance,OPTIFIN|Optimus Finance|Optimus Finance Limited,,INE031G01022,531254,IIFL_SCRIPMASTER
OPTIVALUE,BSE,213732.BO,Optivalue Tek Consult,OPTIVALUE|Optivalue Tek Consult|Optivalue Tek Consult Limited,,INE15B101011,213732,IIFL_SCRIPMASTER
OFSS,BSE,532466.BO,Oracle Financial Services Soft,OFSS|Oracle Financial Services Soft,,INE881D01027,532466,IIFL_SCRIPMASTER
ORBTEXP,BSE,512626.BO,Orbit Exports,ORBTEXP|Orbit Exports|Orbit Exports Limited,,INE231G01010,512626,IIFL_SCRIPMASTER
ORCHASP,BSE,532271.BO,Orchasp,ORCHASP|Orchasp|Orchasp Limited,,INE215B01022,532271,IIFL_SCRIPMASTER
ORCHPHARMA,BSE,524372.BO,Orchid Pharma,ORCHPHARMA|Orchid Pharma|Orchid Pharma Limited,,INE191A01027,524372,IIFL_SCRIPMASTER
ORGCOAT,BSE,531157.BO,Organic Coatings,ORGCOAT|Organic Coatings|Organic Coatings Limited,,INE412E01011,531157,IIFL_SCRIPMASTER
ORGANICREC,BSE,543997.BO,Organic Recycling Systems Limi,ORGANICREC|Organic Recycling Systems Limi,,INE0MIO01019,543997,IIFL_SCRIPMASTER
ORIANA,BSE,210541.BO,Oriana Power,ORIANA|Oriana Power|Oriana Power Limited,,INE0OUT01019,210541,IIFL_SCRIPMASTER
ORICONENT,BSE,513121.BO,Oricon Enterprises,ORICONENT|Oricon Enterprises|Oricon Enterprises Limited,,INE730A01022,513121,IIFL_SCRIPMASTER
ORIENTBELL,BSE,530365.BO,Orient Bell,ORIENTBELL|Orient Bell|Orient Bell Limited,,INE607D01018,530365,IIFL_SCRIPMASTER
ORIBEVER,BSE,507690.BO,Orient Beverages,ORIBEVER|Orient Beverages|Orient Beverages Limited,,INE247F01018,507690,IIFL_SCRIPMASTER
ORIENTCEM,BSE,535754.BO,Orient Cement,ORIENTCEM|Orient Cement|Orient Cement Limited,,INE876N01018,535754,IIFL_SCRIPMASTER
ORIENTCER,BSE,504879.BO,Orient Ceratech,ORIENTCER|Orient Ceratech|Orient Ceratech Limited,,INE569C01020,504879,IIFL_SCRIPMASTER
ORIENTELEC,BSE,541301.BO,Orient Electric,ORIENTELEC|Orient Electric|Orient Electric Limited,,INE142Z01019,541301,IIFL_SCRIPMASTER
GREENPOWER,BSE,533263.BO,Orient Green Power Company,GREENPOWER|Orient Green Power Company|Orient Green Power Company Limited,,INE999K01014,533263,IIFL_SCRIPMASTER
ORIENTPPR,BSE,502420.BO,Orient Paper & Industries,ORIENTPPR|Orient Paper & Industries|Orient Paper & Industries Limited,,INE592A01026,502420,IIFL_SCRIPMASTER
ORIENTLTD,BSE,526325.BO,Orient Press,ORIENTLTD|Orient Press|Orient Press Limited,,INE609C01024,526325,IIFL_SCRIPMASTER
ORIENTTECH,BSE,544235.BO,Orient Technologies,ORIENTTECH|Orient Technologies|Orient Technologies Limited,,INE0PPK01015,544235,IIFL_SCRIPMASTER
ORIENTTR,BSE,531512.BO,Orient Tradelink,ORIENTTR|Orient Tradelink|Orient Tradelink Limited,,INE681D01039,531512,IIFL_SCRIPMASTER
OAL,BSE,500078.BO,Oriental Aromatics,OAL|Oriental Aromatics|Oriental Aromatics Limited,,INE959C01023,500078,IIFL_SCRIPMASTER
ORIENTHOT,BSE,500314.BO,Oriental Hotels,ORIENTHOT|Oriental Hotels|Oriental Hotels Limited,,INE750A01020,500314,IIFL_SCRIPMASTER
ORIRAIL,BSE,531859.BO,Oriental Rail Infrastructure L,ORIRAIL|Oriental Rail Infrastructure L,,INE457G01029,531859,IIFL_SCRIPMASTER
ORIENTALTL,BSE,532817.BO,Oriental Trimex,ORIENTALTL|Oriental Trimex|Oriental Trimex Limited,,INE998H01012,532817,IIFL_SCRIPMASTER
OBCL,BSE,541206.BO,Orissa Bengal Carrier,OBCL|Orissa Bengal Carrier|Orissa Bengal Carrier Limited,,INE426Z01016,541206,IIFL_SCRIPMASTER
ORISSAMINE,BSE,590086.BO,Orissa Minerals Development Co,ORISSAMINE|Orissa Minerals Development Co,,INE725E01024,590086,IIFL_SCRIPMASTER
ORKLAINDIA,BSE,544595.BO,Orkla India,ORKLAINDIA|Orkla India|Orkla India Limited,,INE16NZ01023,544595,IIFL_SCRIPMASTER
OROSMITHS,BSE,531626.BO,Orosil Smiths India,OROSMITHS|Orosil Smiths India|Orosil Smiths India Limited,,INE628B01034,531626,IIFL_SCRIPMASTER
ORTINGLOBE,BSE,539287.BO,Ortin Global,ORTINGLOBE|Ortin Global|Ortin Global Limited,,INE749B01020,539287,IIFL_SCRIPMASTER
OSELDEVICE,BSE,212000.BO,Osel Devices,OSELDEVICE|Osel Devices|Osel Devices Limited,,INE0RMF01018,212000,IIFL_SCRIPMASTER
OSIAHYPER,BSE,209547.BO,Osia Hyper Retail,OSIAHYPER|Osia Hyper Retail|Osia Hyper Retail Limited,,INE06IR01021,209547,IIFL_SCRIPMASTER
OSIAJEE,BSE,540198.BO,Osiajee Texfab,OSIAJEE|Osiajee Texfab|Osiajee Texfab Limited,,INE186R01013,540198,IIFL_SCRIPMASTER
OSWALGREEN,BSE,539290.BO,Oswal Greentech,OSWALGREEN|Oswal Greentech|Oswal Greentech Limited,,INE143A01010,539290,IIFL_SCRIPMASTER
OSWALPUMPS,BSE,544418.BO,Oswal Pumps,OSWALPUMPS|Oswal Pumps|Oswal Pumps Limited,,INE0BYP01024,544418,IIFL_SCRIPMASTER
OVAL,BSE,544498.BO,Oval Projects Engineering Limi,OVAL|Oval Projects Engineering Limi,,INE0RTI01017,544498,IIFL_SCRIPMASTER
OVOBELE,BSE,530741.BO,Ovobel Foods,OVOBELE|Ovobel Foods|Ovobel Foods Limited,,INE812S01012,530741,IIFL_SCRIPMASTER
OWAIS,BSE,211218.BO,Owais Metal & Mineral,OWAIS|Owais Metal & Mineral,,INE0R8M01017,211218,IIFL_SCRIPMASTER
OXYGENTAPH,BSE,524636.BO,Oxygenta Pharmaceutical Limite,OXYGENTAPH|Oxygenta Pharmaceutical Limite,,INE102E01018,524636,IIFL_SCRIPMASTER
PNGJL,BSE,544256.BO,P N Gadgil Jewellers,P N Gadgil Jewellers|P N Gadgil Jewellers Limited|PNGJL,,INE953R01016,544256,IIFL_SCRIPMASTER
PSRAJ,BSE,212506.BO,P S Raj Steels,P S Raj Steels|P S Raj Steels Limited|PSRAJ,,INE0XUS01012,212506,IIFL_SCRIPMASTER
PROPEQUITY,BSE,208730.BO,P. E. Analytics,P. E. Analytics|P. E. Analytics Limited|PROPEQUITY,,INE0KN801013,208730,IIFL_SCRIPMASTER
PIIND,BSE,523642.BO,P.I.Industries,P.I.Industries|P.I.Industries Limited|PIIND,,INE603J01030,523642,IIFL_SCRIPMASTER
PACEDIGITK,BSE,544550.BO,Pace Digitek,PACEDIGITK|Pace Digitek|Pace Digitek Limited,,INE0S3G01027,544550,IIFL_SCRIPMASTER
PACIFICI,BSE,523483.BO,Pacific Industries,PACIFICI|Pacific Industries|Pacific Industries Limited,,INE883C01025,523483,IIFL_SCRIPMASTER
PADAMCO,BSE,531395.BO,Padam Cotton Yarns,PADAMCO|Padam Cotton Yarns|Padam Cotton Yarns Limited,,INE448D01025,531395,IIFL_SCRIPMASTER
PADALPO,BSE,531779.BO,Padmanabh Alloys & Polymers Lt,PADALPO|Padmanabh Alloys & Polymers Lt,,INE630U01014,531779,IIFL_SCRIPMASTER
PAGEIND,BSE,532827.BO,Page Industries,PAGEIND|Page Industries|Page Industries Limited,,INE761H01022,532827,IIFL_SCRIPMASTER
PAISALO,BSE,532900.BO,Paisalo Digital,PAISALO|Paisalo Digital|Paisalo Digital Limited,,INE420C01059,532900,IIFL_SCRIPMASTER
PAJSON,BSE,544657.BO,Pajson Agro India,PAJSON|Pajson Agro India|Pajson Agro India Limited,,INE14LM01012,544657,IIFL_SCRIPMASTER
PAKKA,BSE,516030.BO,Pakka,PAKKA|Pakka|Pakka Limited,,INE551D01018,516030,IIFL_SCRIPMASTER
PALASHSECU,BSE,540648.BO,Palash Securities,PALASHSECU|Palash Securities|Palash Securities Limited,,INE471W01019,540648,IIFL_SCRIPMASTER
PALCO,BSE,539121.BO,Palco Metals,PALCO|Palco Metals|Palco Metals Limited,,INE239L01013,539121,IIFL_SCRIPMASTER
PALMJEWELS,BSE,541444.BO,Palm Jewels,PALMJEWELS|Palm Jewels|Palm Jewels Limited,,INE838Z01012,541444,IIFL_SCRIPMASTER
PANELEC,BSE,517397.BO,Pan Electronics India,PANELEC|Pan Electronics India|Pan Electronics India Limited,,INE648E01010,517397,IIFL_SCRIPMASTER
PANHR,BSE,544698.BO,Pan Hr Solution,PANHR|Pan Hr Solution|Pan Hr Solution Limited,,INE1N9E01015,544698,IIFL_SCRIPMASTER
PANINDIAC,BSE,511525.BO,Pan India,PANINDIAC|Pan India|Pan India Corporation Limited,,INE376A01032,511525,IIFL_SCRIPMASTER
PANABYTE,BSE,538742.BO,Panabyte Technologies,PANABYTE|Panabyte Technologies|Panabyte Technologies Limited,,INE516E01019,538742,IIFL_SCRIPMASTER
PANACEABIO,BSE,531349.BO,Panacea Biotec,PANACEABIO|Panacea Biotec|Panacea Biotec Limited,,INE922B01023,531349,IIFL_SCRIPMASTER
PANACHE,BSE,206119.BO,Panache Digilife,PANACHE|Panache Digilife|Panache Digilife Limited,,INE895W01019,206119,IIFL_SCRIPMASTER
PANAMAPET,BSE,524820.BO,Panama Petrochem,PANAMAPET|Panama Petrochem|Panama Petrochem Limited,,INE305C01029,524820,IIFL_SCRIPMASTER
PANCARBON,BSE,508941.BO,Panasonic Carbon India Co.,PANCARBON|Panasonic Carbon India Co.|Panasonic Carbon India Co.Limited,,INE013E01017,508941,IIFL_SCRIPMASTER
PANAENERG,BSE,504093.BO,Panasonic Energy India Company,PANAENERG|Panasonic Energy India Company,,INE795A01017,504093,IIFL_SCRIPMASTER
PANCHMAHQ,BSE,513511.BO,Panchmahal Steel,PANCHMAHQ|Panchmahal Steel|Panchmahal Steel Limited,,INE798F01010,513511,IIFL_SCRIPMASTER
PANCHSHEEL,BSE,531726.BO,Panchsheel Organics,PANCHSHEEL|Panchsheel Organics|Panchsheel Organics Limited,,INE316G01019,531726,IIFL_SCRIPMASTER
PANJON,BSE,526345.BO,Panjon,PANJON|Panjon|Panjon Limited,,INE744D01019,526345,IIFL_SCRIPMASTER
PANORAMA,BSE,539469.BO,Panorama Studios International,PANORAMA|Panorama Studios International,,INE258R01028,539469,IIFL_SCRIPMASTER
PANSARI,BSE,201657.BO,Pansari Developers,PANSARI|Pansari Developers|Pansari Developers Limited,,INE697V01011,201657,IIFL_SCRIPMASTER
PAR,BSE,201686.BO,Par Drugs and Chem,PAR|Par Drugs and Chem|Par Drugs and Chem Limited,,INE04LG01015,201686,IIFL_SCRIPMASTER
PPARIVAH,BSE,544383.BO,Paradeep Parivahan,PPARIVAH|Paradeep Parivahan|Paradeep Parivahan Limited,,INE0SMW01011,544383,IIFL_SCRIPMASTER
PARADEEP,BSE,543530.BO,Paradeep Phosphates,PARADEEP|Paradeep Phosphates|Paradeep Phosphates Limited,,INE088F01024,543530,IIFL_SCRIPMASTER
PARAGMILK,BSE,539889.BO,Parag Milk Foods,PARAGMILK|Parag Milk Foods|Parag Milk Foods Limited,,INE883N01014,539889,IIFL_SCRIPMASTER
PARAGONF,BSE,531255.BO,Paragon Finance,PARAGONF|Paragon Finance|Paragon Finance Limited,,INE015E01012,531255,IIFL_SCRIPMASTER
PARAGON,BSE,210774.BO,Paragon Fine S.C.,PARAGON|Paragon Fine S.C.|Paragon Fine S.C. Limited,,INE0N4G01012,210774,IIFL_SCRIPMASTER
PARAMATRIX,BSE,211936.BO,Paramatrix Technologies L,PARAMATRIX|Paramatrix Technologies L,,INE0S2W01018,211936,IIFL_SCRIPMASTER
PARACABLES,BSE,530555.BO,Paramount Communications,PARACABLES|Paramount Communications|Paramount Communications Limited,,INE074B01023,530555,IIFL_SCRIPMASTER
PARMCOS-B,BSE,507970.BO,Paramount Cosmetics (India) Lt,PARMCOS-B|Paramount Cosmetics (India) Lt,,INE143I01013,507970,IIFL_SCRIPMASTER
PARAMOUNT,BSE,212078.BO,Paramount Dye Tec,PARAMOUNT|Paramount Dye Tec|Paramount Dye Tec Limited,,INE0TG801013,212078,IIFL_SCRIPMASTER
PSFL,BSE,212007.BO,Paramount Speciali Forg L,PSFL|Paramount Speciali Forg L,,INE0Q6001012,212007,IIFL_SCRIPMASTER
PARAMPARA,BSE,200184.BO,Parampara Dairy Dlght,PARAMPARA|Parampara Dairy Dlght|Parampara Dairy Dlght Limited,,INE749Y01014,200184,IIFL_SCRIPMASTER
PARAS,BSE,543367.BO,Paras Defence and Space Techno,PARAS|Paras Defence and Space Techno,,INE045601023,543367,IIFL_SCRIPMASTER
PARASPETRO,BSE,521246.BO,Paras Petrofils,PARASPETRO|Paras Petrofils|Paras Petrofils Limited,,INE162C01024,521246,IIFL_SCRIPMASTER
PARIN,BSE,205337.BO,Parin Enterprises,PARIN|Parin Enterprises|Parin Enterprises Limited,,INE00U801010,205337,IIFL_SCRIPMASTER
PARKHOSPS,BSE,544645.BO,Park Medi World,PARKHOSPS|Park Medi World|Park Medi World Limited,,INE119201023,544645,IIFL_SCRIPMASTER
PARKERAC,BSE,524628.BO,Parker Agrochem Exports,PARKERAC|Parker Agrochem Exports|Parker Agrochem Exports Limited,,INE750B01010,524628,IIFL_SCRIPMASTER
PARLEIND,BSE,532911.BO,Parle Industries,PARLEIND|Parle Industries|Parle Industries Limited,,INE272G01014,532911,IIFL_SCRIPMASTER
PARMAX,BSE,540359.BO,Parmax Pharma,PARMAX|Parmax Pharma|Parmax Pharma Limited,,INE240T01014,540359,IIFL_SCRIPMASTER
PARMSILK,BSE,540467.BO,Parmeshwari Silk Mills,PARMSILK|Parmeshwari Silk Mills|Parmeshwari Silk Mills Limited,,INE808R01012,540467,IIFL_SCRIPMASTER
PARNAXLAB,BSE,506128.BO,Parnax Lab,PARNAXLAB|Parnax Lab|Parnax Lab Limited,,INE383L01019,506128,IIFL_SCRIPMASTER
PARSHVA,BSE,542694.BO,Parshva Enterprises,PARSHVA|Parshva Enterprises|Parshva Enterprises Limited,,INE05MV01019,542694,IIFL_SCRIPMASTER
PARSHWANA,BSE,511176.BO,Parshwanath,PARSHWANA|Parshwanath|Parshwanath Corporation Limited,,INE635I01018,511176,IIFL_SCRIPMASTER
PARTH,BSE,213639.BO,Parth Elec & Eng,PARTH|Parth Elec & Eng|Parth Elec & Eng Limited,,INE1H7V01011,213639,IIFL_SCRIPMASTER
PARTYCRUS,BSE,207734.BO,Party Cruisers,PARTYCRUS|Party Cruisers|Party Cruisers Limited,,INE06ZX01015,207734,IIFL_SCRIPMASTER
PARVATI,BSE,541347.BO,Parvati Sweetners and Power Lt,PARVATI|Parvati Sweetners and Power Lt,,INE295Z01015,541347,IIFL_SCRIPMASTER
PASARI,BSE,521080.BO,Pasari Spinning Mills,PASARI|Pasari Spinning Mills|Pasari Spinning Mills Limited,,INE604F01010,521080,IIFL_SCRIPMASTER
PASHUPATI,BSE,202726.BO,Pashupati Cotspin,PASHUPATI|Pashupati Cotspin|Pashupati Cotspin Limited,,INE124Y01010,202726,IIFL_SCRIPMASTER
PASHUPATI,BSE,544448.BO,Pashupati Cotspin,PASHUPATI|Pashupati Cotspin|Pashupati Cotspin Limited,,INE124Y01028,544448,IIFL_SCRIPMASTER
PASUPTAC,BSE,500456.BO,Pasupati Acrylon,PASUPTAC|Pasupati Acrylon|Pasupati Acrylon Limited,,INE818B01023,500456,IIFL_SCRIPMASTER
PASUSPG,BSE,503092.BO,Pasupati Spg.& Wvg.Mills,PASUSPG|Pasupati Spg.& Wvg.Mills|Pasupati Spg.& Wvg.Mills Limited,,INE909B01020,503092,IIFL_SCRIPMASTER
PATANJALI,BSE,500368.BO,Patanjali Foods,PATANJALI|Patanjali Foods|Patanjali Foods Limited,,INE619A01035,500368,IIFL_SCRIPMASTER
PJL,BSE,539401.BO,Patdiam Jewellery,PJL|Patdiam Jewellery|Patdiam Jewellery Limited,,INE473T01011,539401,IIFL_SCRIPMASTER
PATELCHEM,BSE,544460.BO,Patel Chem Specialities Limite,PATELCHEM|Patel Chem Specialities Limite,,INE161701011,544460,IIFL_SCRIPMASTER
PATELENG,BSE,531120.BO,Patel Engineering,PATELENG|Patel Engineering|Patel Engineering Limited,,INE244B01030,531120,IIFL_SCRIPMASTER
PATINTLOG,BSE,526381.BO,Patel Integrated Logistics,PATINTLOG|Patel Integrated Logistics|Patel Integrated Logistics Limited,,INE529D01014,526381,IIFL_SCRIPMASTER
PATELRMART,BSE,544487.BO,Patel Retail,PATELRMART|Patel Retail|Patel Retail Limited,,INE0R8B01010,544487,IIFL_SCRIPMASTER
PATIDAR,BSE,524031.BO,Patidar Buildcon,PATIDAR|Patidar Buildcon|Patidar Buildcon Limited,,INE637N01014,524031,IIFL_SCRIPMASTER
PATILAUTOM,BSE,213444.BO,Patil Automation,PATILAUTOM|Patil Automation|Patil Automation Limited,,INE17GV01016,213444,IIFL_SCRIPMASTER
PATSPINLTD,BSE,514326.BO,Patspin India,PATSPINLTD|Patspin India|Patspin India Limited,,INE790C01014,514326,IIFL_SCRIPMASTER
PATTECH,BSE,210300.BO,Pattech Fitwell Tub Com L,PATTECH|Pattech Fitwell Tub Com L,,INE0NZW01014,210300,IIFL_SCRIPMASTER
PML,BSE,539113.BO,Paul Merchants,PML|Paul Merchants|Paul Merchants Limited,,INE291E01019,539113,IIFL_SCRIPMASTER
PAUSHAKLTD,BSE,532742.BO,Paushak,PAUSHAKLTD|Paushak|Paushak Limited,,INE111F01024,532742,IIFL_SCRIPMASTER
POLICYBZR,BSE,543390.BO,Pb Fintech,POLICYBZR|Pb Fintech|Pb Fintech Limited,,INE417T01026,543390,IIFL_SCRIPMASTER
PBAINFRA,BSE,532676.BO,Pba Infrastructure,PBAINFRA|Pba Infrastructure|Pba Infrastructure Limited,,INE160H01019,532676,IIFL_SCRIPMASTER
PBMPOLY,BSE,514087.BO,Pbm Polytex,PBMPOLY|Pbm Polytex|Pbm Polytex Limited,,INE501F01018,514087,IIFL_SCRIPMASTER
PCJEWELLER,BSE,534809.BO,Pc Jeweller,PCJEWELLER|Pc Jeweller|Pc Jeweller Limited,,INE785M01021,534809,IIFL_SCRIPMASTER
PCBL,BSE,506590.BO,Pcbl Chemical,PCBL|Pcbl Chemical|Pcbl Chemical Limited,,INE602A01031,506590,IIFL_SCRIPMASTER
PCS,BSE,517119.BO,Pcs Technology,PCS|Pcs Technology|Pcs Technology Limited,,INE834B01012,517119,IIFL_SCRIPMASTER
PSPL,BSE,544378.BO,Pdp Shipping & Projects Limite,PSPL|Pdp Shipping & Projects Limite,,INE0ABU01016,544378,IIFL_SCRIPMASTER
PDSL,BSE,538730.BO,Pds,PDSL|Pds|Pds Limited,,INE111Q01021,538730,IIFL_SCRIPMASTER
PGIL,BSE,532808.BO,Pearl Global Industries Limite,PGIL|Pearl Global Industries Limite,,INE940H01022,532808,IIFL_SCRIPMASTER
PGCRL,BSE,543540.BO,Pearl Green Clubs and Resorts,PGCRL|Pearl Green Clubs and Resorts,,INE0GTX01019,543540,IIFL_SCRIPMASTER
PECOS,BSE,539273.BO,Pecos Hotels and Pubs,PECOS|Pecos Hotels and Pubs|Pecos Hotels and Pubs Limited,,INE484S01010,539273,IIFL_SCRIPMASTER
PCCOSMA,BSE,524136.BO,Pee Cee Cosma Sope,PCCOSMA|Pee Cee Cosma Sope|Pee Cee Cosma Sope Limited,,INE417E01010,524136,IIFL_SCRIPMASTER
PEETISEC,BSE,531352.BO,Peeti Securities,PEETISEC|Peeti Securities|Peeti Securities Limited,,INE328D01011,531352,IIFL_SCRIPMASTER
PELATRO,BSE,212003.BO,Pelatro,PELATRO|Pelatro|Pelatro Limited,,INE0VG601013,212003,IIFL_SCRIPMASTER
PENIND,BSE,513228.BO,Pennar Industries,PENIND|Pennar Industries|Pennar Industries Limited,,INE932A01024,513228,IIFL_SCRIPMASTER
PENTAGON,BSE,210473.BO,Pentagon Rubber,PENTAGON|Pentagon Rubber|Pentagon Rubber Limited,,INE0ORS01017,210473,IIFL_SCRIPMASTER
PNTKYOR,BSE,524210.BO,Pentokey Organy (India),PNTKYOR|Pentokey Organy (India)|Pentokey Organy (India) Limited,,INE702E01015,524210,IIFL_SCRIPMASTER
PERFECT,BSE,201698.BO,Perfect Infraengineer,PERFECT|Perfect Infraengineer|Perfect Infraengineer Limited,,INE925S01012,201698,IIFL_SCRIPMASTER
OCTAVE,BSE,521062.BO,Perfect-Octave Media Projects,OCTAVE|Perfect-Octave Media Projects,,INE814L01013,521062,IIFL_SCRIPMASTER
PERFEPA,BSE,526435.BO,Perfectpac,PERFEPA|Perfectpac|Perfectpac Limited,,INE759I01024,526435,IIFL_SCRIPMASTER
PERMAGN,BSE,504132.BO,Permanent Magnets,PERMAGN|Permanent Magnets|Permanent Magnets Limited,,INE418E01018,504132,IIFL_SCRIPMASTER
PERSISTENT,BSE,533179.BO,Persistent Systems,PERSISTENT|Persistent Systems|Persistent Systems Limited,,INE262H01021,533179,IIFL_SCRIPMASTER
PCCL,BSE,211725.BO,Petro Carbon and Chemi L,PCCL|Petro Carbon and Chemi L,,INE998U01015,211725,IIFL_SCRIPMASTER
PETRONET,BSE,532522.BO,Petronet Lng,PETRONET|Petronet Lng|Petronet Lng Limited,,INE347G01014,532522,IIFL_SCRIPMASTER
PFIZER,BSE,500680.BO,Pfizer,PFIZER|Pfizer|Pfizer Limited,,INE182A01018,500680,IIFL_SCRIPMASTER
PGEL,BSE,533581.BO,Pg Electroplast,PGEL|Pg Electroplast|Pg Electroplast Limited,,INE457L01029,533581,IIFL_SCRIPMASTER
PGFOILQ,BSE,526747.BO,Pg Foils,PGFOILQ|Pg Foils|Pg Foils Limited,,INE078D01012,526747,IIFL_SCRIPMASTER
PHRMASI,BSE,523620.BO,Phaarmasia,PHRMASI|Phaarmasia|Phaarmasia Limited,,INE486I01016,523620,IIFL_SCRIPMASTER
PHANTOMFX,BSE,209190.BO,Phantom Digital Eff,PHANTOMFX|Phantom Digital Eff|Phantom Digital Eff Limited,,INE0MLZ01019,209190,IIFL_SCRIPMASTER
PHARMAID,BSE,524572.BO,Pharmaids Pharmaceuticals,PHARMAID|Pharmaids Pharmaceuticals|Pharmaids Pharmaceuticals Limited,,INE117D01018,524572,IIFL_SCRIPMASTER
PHOENXINTL,BSE,526481.BO,Phoenix International,PHOENXINTL|Phoenix International|Phoenix International Limited,,INE245B01011,526481,IIFL_SCRIPMASTER
PHOGLOBAL,BSE,212038.BO,Phoenix Overseas,PHOGLOBAL|Phoenix Overseas|Phoenix Overseas Limited,,INE0FPO01018,212038,IIFL_SCRIPMASTER
PHOTOQUP,BSE,526588.BO,Photoquip India,PHOTOQUP|Photoquip India|Photoquip India Limited,,INE813B01016,526588,IIFL_SCRIPMASTER
PWL,BSE,544609.BO,Physicswallah,PWL|Physicswallah|Physicswallah Limited,,INE0LP301011,544609,IIFL_SCRIPMASTER
PHYTO,BSE,524808.BO,Phyto Chem (India),PHYTO|Phyto Chem (India)|Phyto Chem (India) Limited,,INE037C01010,524808,IIFL_SCRIPMASTER
PICCADIL,BSE,530305.BO,Piccadily Agro Industries,PICCADIL|Piccadily Agro Industries|Piccadily Agro Industries Limited,,INE546C01010,530305,IIFL_SCRIPMASTER
PICCASUG,BSE,507498.BO,Piccadily Sugar & Allied Indus,PICCASUG|Piccadily Sugar & Allied Indus,,INE544C01023,507498,IIFL_SCRIPMASTER
PPSL,BSE,211857.BO,Picturepost Studios,PPSL|Picturepost Studios|Picturepost Studios Limited,,INE0YAL01017,211857,IIFL_SCRIPMASTER
PIDILITIND,BSE,500331.BO,Pidilite Industries,PIDILITIND|Pidilite Industries|Pidilite Industries Limited,,INE318A01026,500331,IIFL_SCRIPMASTER
PILANIINVS,BSE,539883.BO,Pilani Investment and Industri,PILANIINVS|Pilani Investment and Industri,,INE417C01014,539883,IIFL_SCRIPMASTER
PINELABS,BSE,544606.BO,Pine Labs,PINELABS|Pine Labs|Pine Labs Limited,,INE15B701018,544606,IIFL_SCRIPMASTER
PIONEEREMB,BSE,514300.BO,Pioneer Embroideries,PIONEEREMB|Pioneer Embroideries|Pioneer Embroideries Limited,,INE156C01018,514300,IIFL_SCRIPMASTER
PIONRINV,BSE,507864.BO,Pioneer Investcorp,PIONRINV|Pioneer Investcorp|Pioneer Investcorp Limited,,INE746D01014,507864,IIFL_SCRIPMASTER
PIOTEX,BSE,544178.BO,Piotex Industries,PIOTEX|Piotex Industries|Piotex Industries Limited,,INE0R4W01015,544178,IIFL_SCRIPMASTER
PIRAMALFIN,BSE,544597.BO,Piramal Finance,PIRAMALFIN|Piramal Finance|Piramal Finance Limited,,INE202B01038,544597,IIFL_SCRIPMASTER
PPLPHARMA,BSE,543635.BO,Piramal Pharma,PPLPHARMA|Piramal Pharma|Piramal Pharma Limited,,INE0DK501011,543635,IIFL_SCRIPMASTER
PITTIENG,BSE,513519.BO,Pitti Engineering,PITTIENG|Pitti Engineering|Pitti Engineering Limited,,INE450D01021,513519,IIFL_SCRIPMASTER
PIXTRANS,BSE,500333.BO,Pix Transmissions,PIXTRANS|Pix Transmissions|Pix Transmissions Limited,,INE751B01018,500333,IIFL_SCRIPMASTER
PLADAINFO,BSE,210708.BO,Plada Infotech Services L,PLADAINFO|Plada Infotech Services L,,INE0PXD01014,210708,IIFL_SCRIPMASTER
PLASTIBLEN,BSE,523648.BO,Plastiblends India,PLASTIBLEN|Plastiblends India|Plastiblends India Limited,,INE083C01022,523648,IIFL_SCRIPMASTER
PLATIND,BSE,544134.BO,Platinum Industries,PLATIND|Platinum Industries|Platinum Industries Limited,,INE0PT501018,544134,IIFL_SCRIPMASTER
POBS,BSE,543352.BO,Platinumone Business Services,POBS|Platinumone Business Services,,INE0DTJ01015,543352,IIFL_SCRIPMASTER
PMCFIN,BSE,534060.BO,Pmc Fincorp,PMCFIN|Pmc Fincorp|Pmc Fincorp Limited,,INE793G01035,534060,IIFL_SCRIPMASTER
PNBGILTS,BSE,532366.BO,Pnb Gilts,PNBGILTS|Pnb Gilts|Pnb Gilts Limited,,INE859A01011,532366,IIFL_SCRIPMASTER
PNBHOUSING,BSE,540173.BO,Pnb Housing Finance,PNBHOUSING|Pnb Housing Finance|Pnb Housing Finance Limited,,INE572E01012,540173,IIFL_SCRIPMASTER
PNCINFRA,BSE,539150.BO,Pnc Infratech,PNCINFRA|Pnc Infratech|Pnc Infratech Limited,,INE195J01029,539150,IIFL_SCRIPMASTER
GARGI,BSE,543709.BO,Pngs Gargi Fashion Jewellery L,GARGI|Pngs Gargi Fashion Jewellery L,,INE0NT601018,543709,IIFL_SCRIPMASTER
PNGSREVA,BSE,544718.BO,Pngs Reva Diamond Jewellery Li,PNGSREVA|Pngs Reva Diamond Jewellery Li,,INE1RDG01013,544718,IIFL_SCRIPMASTER
POEL,BSE,539195.BO,Pocl Enterprises,POEL|Pocl Enterprises|Pocl Enterprises Limited,,INE035S01028,539195,IIFL_SCRIPMASTER
PODDARMENT,BSE,524570.BO,Poddar Pigments,PODDARMENT|Poddar Pigments|Poddar Pigments Limited,,INE371C01013,524570,IIFL_SCRIPMASTER
POKARNA,BSE,532486.BO,Pokarna,POKARNA|Pokarna|Pokarna Limited,,INE637C01025,532486,IIFL_SCRIPMASTER
PQIF,BSE,540717.BO,Polo Queen Industrial and Fint,PQIF|Polo Queen Industrial and Fint,,INE689M01025,540717,IIFL_SCRIPMASTER
POLSON,BSE,507645.BO,Polson,POLSON|Polson|Polson Limited,,INE339F01021,507645,IIFL_SCRIPMASTER
POLYMED,BSE,531768.BO,Poly Medicure,POLYMED|Poly Medicure|Poly Medicure Limited,,INE205C01021,531768,IIFL_SCRIPMASTER
POLYCAB,BSE,542652.BO,Polycab India,POLYCAB|Polycab India|Polycab India Limited,,INE455K01017,542652,IIFL_SCRIPMASTER
POLYCHEM,BSE,506605.BO,Polychem,POLYCHEM|Polychem|Polychem Limited,,INE752B01024,506605,IIFL_SCRIPMASTER
POLYCON,BSE,531397.BO,Polycon International,POLYCON|Polycon International|Polycon International Limited,,INE262C01014,531397,IIFL_SCRIPMASTER
POLYLINK,BSE,531454.BO,Polylink Polymers (India),POLYLINK|Polylink Polymers (India)|Polylink Polymers (India) Limited,,INE323D01020,531454,IIFL_SCRIPMASTER
POLYMAC,BSE,537573.BO,Polymac Thermoformers,POLYMAC|Polymac Thermoformers|Polymac Thermoformers Limited,,INE826P01018,537573,IIFL_SCRIPMASTER
POLYCHMP,BSE,526043.BO,Polymechplast Machines,POLYCHMP|Polymechplast Machines|Polymechplast Machines Limited,,INE809B01014,526043,IIFL_SCRIPMASTER
POLYPLEX,BSE,524051.BO,Polyplex,POLYPLEX|Polyplex|Polyplex Corporation Limited,,INE633B01018,524051,IIFL_SCRIPMASTER
POLYSIL,BSE,211144.BO,Polysil Irrigation Syst L,POLYSIL|Polysil Irrigation Syst L,,INE517M01028,211144,IIFL_SCRIPMASTER
POLYSPIN,BSE,539354.BO,Polyspin Exports,POLYSPIN|Polyspin Exports|Polyspin Exports Limited,,INE914G01029,539354,IIFL_SCRIPMASTER
POCL,BSE,532626.BO,Pondy Oxides & Chemicals,POCL|Pondy Oxides & Chemicals|Pondy Oxides & Chemicals Limited,,INE063E01053,532626,IIFL_SCRIPMASTER
PONNIERODE,BSE,532460.BO,Ponni Sugars (Erode),PONNIERODE|Ponni Sugars (Erode)|Ponni Sugars (Erode) Limited,,INE838E01017,532460,IIFL_SCRIPMASTER
POOJA,BSE,540727.BO,Poojawestern Metaliks,POOJA|Poojawestern Metaliks|Poojawestern Metaliks Limited,,INE973X01012,540727,IIFL_SCRIPMASTER
POONADAL,BSE,519359.BO,Poona Dal & Oil Industries,POONADAL|Poona Dal & Oil Industries|Poona Dal & Oil Industries Limited,,INE809E01018,519359,IIFL_SCRIPMASTER
POONAWALLA,BSE,524000.BO,Poonawalla Fincorp,POONAWALLA|Poonawalla Fincorp|Poonawalla Fincorp Limited,,INE511C01022,524000,IIFL_SCRIPMASTER
POPULARES,BSE,531870.BO,Popular Estate Management,POPULARES|Popular Estate Management|Popular Estate Management Limited,,INE370C01015,531870,IIFL_SCRIPMASTER
PFL,BSE,544259.BO,Popular Foundations,PFL|Popular Foundations|Popular Foundations Limited,,INE0PZB01013,544259,IIFL_SCRIPMASTER
PVSL,BSE,544144.BO,Popular Vehicles and Services,PVSL|Popular Vehicles and Services,,INE772T01024,544144,IIFL_SCRIPMASTER
PORWAL,BSE,532933.BO,Porwal Auto Components,PORWAL|Porwal Auto Components|Porwal Auto Components Limited,,INE386I01018,532933,IIFL_SCRIPMASTER
POSITRON,BSE,211882.BO,Positron Energy,POSITRON|Positron Energy|Positron Energy Limited,,INE0S3H01017,211882,IIFL_SCRIPMASTER
PIGL,BSE,543912.BO,Power & Instrumentation (Gujar,PIGL|Power & Instrumentation (Gujar,,INE557Z01018,543912,IIFL_SCRIPMASTER
PFC,BSE,532810.BO,Power Finance,PFC|Power Finance|Power Finance Corporation Limited,,INE134E01011,532810,IIFL_SCRIPMASTER
POWERGRID,BSE,532898.BO,Power Grid of Indi,POWERGRID|Power Grid Corporation of Indi|Power Grid of Indi,,INE752E01010,532898,IIFL_SCRIPMASTER
POWERMECH,BSE,539302.BO,Power Mech Projects,POWERMECH|Power Mech Projects|Power Mech Projects Limited,,INE211R01019,539302,IIFL_SCRIPMASTER
PGINVIT,BSE,543290.BO,Powergrid Infrastructure Inves,PGINVIT|Powergrid Infrastructure Inves,,INE0GGX23010,543290,IIFL_SCRIPMASTER
POWERICA,BSE,544744.BO,Powerica,POWERICA|Powerica|Powerica Limited,,INE921L01032,544744,IIFL_SCRIPMASTER
PPAP,BSE,532934.BO,Ppap,PPAP|Ppap,,INE095I01015,532934,IIFL_SCRIPMASTER
PRABHA,BSE,544379.BO,Prabha Energy,PRABHA|Prabha Energy|Prabha Energy Limited,,INE0I0M01023,544379,IIFL_SCRIPMASTER
PRABHHANS,BSE,530361.BO,Prabhhans Industries,PRABHHANS|Prabhhans Industries|Prabhhans Industries Limited,,INE428P01013,530361,IIFL_SCRIPMASTER
PRADPME,BSE,513532.BO,Pradeep Metals,PRADPME|Pradeep Metals|Pradeep Metals Limited,,INE770A01010,513532,IIFL_SCRIPMASTER
PRADIP,BSE,533178.BO,Pradip Overseas,PRADIP|Pradip Overseas|Pradip Overseas Limited,,INE495J01015,533178,IIFL_SCRIPMASTER
PRAGBOS,BSE,500192.BO,Prag Bosimi Synthetics,PRAGBOS|Prag Bosimi Synthetics|Prag Bosimi Synthetics Limited,,INE962B01011,500192,IIFL_SCRIPMASTER
PRAJIND,BSE,522205.BO,Praj Industries,PRAJIND|Praj Industries|Praj Industries Limited,,INE074A01025,522205,IIFL_SCRIPMASTER
PRAENG,BSE,531746.BO,Prajay Engineers Syndicate,PRAENG|Prajay Engineers Syndicate|Prajay Engineers Syndicate Limited,,INE505C01016,531746,IIFL_SCRIPMASTER
PRAKASH,BSE,506022.BO,Prakash Industries,PRAKASH|Prakash Industries|Prakash Industries Limited,,INE603A01013,506022,IIFL_SCRIPMASTER
PPL,BSE,542684.BO,Prakash Pipes,PPL|Prakash Pipes|Prakash Pipes Limited,,INE050001010,542684,IIFL_SCRIPMASTER
PRAKASHSTL,BSE,533239.BO,Prakash Steelage,PRAKASHSTL|Prakash Steelage|Prakash Steelage Limited,,INE696K01024,533239,IIFL_SCRIPMASTER
PWASML,BSE,531437.BO,Prakash Woollen & Synthetic Mi,PWASML|Prakash Woollen & Synthetic Mi,,INE523I01016,531437,IIFL_SCRIPMASTER
PRAMARA,BSE,210599.BO,Pramara Promotions,PRAMARA|Pramara Promotions|Pramara Promotions Limited,,INE0O7A01017,210599,IIFL_SCRIPMASTER
PRANAVSP,BSE,531172.BO,Pranavaditya Spinning Mills Lt,PRANAVSP|Pranavaditya Spinning Mills Lt,,INE569D01028,531172,IIFL_SCRIPMASTER
PRANIK,BSE,212114.BO,Pranik Logistics,PRANIK|Pranik Logistics|Pranik Logistics Limited,,INE0VJG01014,212114,IIFL_SCRIPMASTER
PRARUH,BSE,544538.BO,Praruh Technologies,PRARUH|Praruh Technologies|Praruh Technologies Limited,,INE0TI501017,544538,IIFL_SCRIPMASTER
PRSNTIN,BSE,519014.BO,Prashant India,PRSNTIN|Prashant India|Prashant India Limited,,INE100E01012,519014,IIFL_SCRIPMASTER
DIAMONDYD,BSE,540724.BO,Prataap Snacks,DIAMONDYD|Prataap Snacks|Prataap Snacks Limited,,INE393P01035,540724,IIFL_SCRIPMASTER
PRATHAM,BSE,211281.BO,Pratham Epc Projects,PRATHAM|Pratham Epc Projects|Pratham Epc Projects Limited,,INE0QA601016,211281,IIFL_SCRIPMASTER
PRATIK,BSE,526490.BO,Pratik Panels,PRATIK|Pratik Panels|Pratik Panels Limited,,INE206C01029,526490,IIFL_SCRIPMASTER
PRATIKSH,BSE,531257.BO,Pratiksha Chemicals,PRATIKSH|Pratiksha Chemicals|Pratiksha Chemicals Limited,,INE530D01012,531257,IIFL_SCRIPMASTER
PRAVEG,BSE,531637.BO,Praveg,PRAVEG|Praveg|Praveg Limited,,INE722B01019,531637,IIFL_SCRIPMASTER
PRECAM,BSE,539636.BO,Precision Camshafts,PRECAM|Precision Camshafts|Precision Camshafts Limited,,INE484I01029,539636,IIFL_SCRIPMASTER
PRECISIO,BSE,517258.BO,Precision Electronics,PRECISIO|Precision Electronics|Precision Electronics Limited,,INE143C01024,517258,IIFL_SCRIPMASTER
PRECISION,BSE,208528.BO,Precision Metaliks,PRECISION|Precision Metaliks|Precision Metaliks Limited,,INE0HKW01018,208528,IIFL_SCRIPMASTER
PRECWIRE,BSE,523539.BO,Precision Wires India,PRECWIRE|Precision Wires India|Precision Wires India Limited,,INE372C01037,523539,IIFL_SCRIPMASTER
PRECOT,BSE,205936.BO,Precot,PRECOT|Precot|Precot Limited,,INE283A01014,205936,IIFL_SCRIPMASTER
PREMCO,BSE,530331.BO,Premco Global,PREMCO|Premco Global|Premco Global Limited,,INE001E01012,530331,IIFL_SCRIPMASTER
PREMCAP,BSE,511016.BO,Premier Capital Services,PREMCAP|Premier Capital Services|Premier Capital Services Limited,,INE946K01023,511016,IIFL_SCRIPMASTER
PREMIERENE,BSE,544238.BO,Premier Energies,PREMIERENE|Premier Energies|Premier Energies Limited,,INE0BS701011,544238,IIFL_SCRIPMASTER
PEIL,BSE,533100.BO,Premier Energy and Infrastruct,PEIL|Premier Energy and Infrastruct,,INE429K01012,533100,IIFL_SCRIPMASTER
PREMEXPLN,BSE,526247.BO,Premier Explosives,PREMEXPLN|Premier Explosives|Premier Explosives Limited,,INE863B01029,526247,IIFL_SCRIPMASTER
PRLIND,BSE,211580.BO,Premier Roadlines,PRLIND|Premier Roadlines|Premier Roadlines Limited,,INE0CFG01012,211580,IIFL_SCRIPMASTER
PREMSYN,BSE,509835.BO,Premier Synthetics,PREMSYN|Premier Synthetics|Premier Synthetics Limited,,INE940N01012,509835,IIFL_SCRIPMASTER
PREMIUM,BSE,212132.BO,Premium Plast,PREMIUM|Premium Plast|Premium Plast Limited,,INE0M1F01011,212132,IIFL_SCRIPMASTER
PRERINFRA,BSE,531802.BO,Prerna Infrabuild,PRERINFRA|Prerna Infrabuild|Prerna Infrabuild Limited,,INE426H01014,531802,IIFL_SCRIPMASTER
PRESS-RE,BSE,215694.BO,Presstonic Engineering L,PRESS-RE|Presstonic Engineering L,,INE0R1620012,215694,IIFL_SCRIPMASTER
PRESSTONIC,BSE,210916.BO,Presstonic Engineering L,PRESSTONIC|Presstonic Engineering L,,INE0R1601012,210916,IIFL_SCRIPMASTER
PRESTIGE,BSE,533274.BO,Prestige Estates Projects,PRESTIGE|Prestige Estates Projects|Prestige Estates Projects Limited,,INE811K01011,533274,IIFL_SCRIPMASTER
PREVEST,BSE,543363.BO,Prevest Denpro,PREVEST|Prevest Denpro|Prevest Denpro Limited,,INE0GAO01018,543363,IIFL_SCRIPMASTER
PRICOL,BSE,526109.BO,Pricol,PRICOL|Pricol|Pricol Limited,,INE605A01026,526109,IIFL_SCRIPMASTER
PRICOLLTD,BSE,540293.BO,Pricol,PRICOLLTD|Pricol|Pricol Limited,,INE726V01018,540293,IIFL_SCRIPMASTER
PRIMAGR,BSE,519262.BO,Prima Agro,PRIMAGR|Prima Agro|Prima Agro Limited,,INE297D01018,519262,IIFL_SCRIPMASTER
PRIMAIN,BSE,531246.BO,Prima Industries,PRIMAIN|Prima Industries|Prima Industries Limited,,INE723N01012,531246,IIFL_SCRIPMASTER
PRIMAPLA,BSE,530589.BO,Prima Plastics,PRIMAPLA|Prima Plastics|Prima Plastics Limited,,INE573B01016,530589,IIFL_SCRIPMASTER
PRIMECAB,BSE,213802.BO,Prime Cable Industries L,PRIMECAB|Prime Cable Industries L,,INE0CQA01020,213802,IIFL_SCRIPMASTER
PRIMECAPM,BSE,535514.BO,Prime Capital Market,PRIMECAPM|Prime Capital Market|Prime Capital Market Limited,,INE748D01010,535514,IIFL_SCRIPMASTER
PRIMEFRESH,BSE,540404.BO,Prime Fresh,PRIMEFRESH|Prime Fresh|Prime Fresh Limited,,INE442V01012,540404,IIFL_SCRIPMASTER
PRIMEPRO,BSE,530695.BO,Prime Property Development Cor,PRIMEPRO|Prime Property Development Cor,,INE233C01023,530695,IIFL_SCRIPMASTER
PRIMESECU,BSE,500337.BO,Prime Securities,PRIMESECU|Prime Securities|Prime Securities Limited,,INE032B01021,500337,IIFL_SCRIPMASTER
PRIMEURB,BSE,521149.BO,Prime Urban Development India,PRIMEURB|Prime Urban Development India,,INE419E01024,521149,IIFL_SCRIPMASTER
PRIMO,BSE,506852.BO,Primo Chemicals,PRIMO|Primo Chemicals|Primo Chemicals Limited,,INE607A01022,506852,IIFL_SCRIPMASTER
PRINCEPIPE,BSE,542907.BO,Prince Pipes and Fittings Limi,PRINCEPIPE|Prince Pipes and Fittings Limi,,INE689W01016,542907,IIFL_SCRIPMASTER
PRSMJOHNSN,BSE,500338.BO,Prism Johnson,PRSMJOHNSN|Prism Johnson|Prism Johnson Limited.,,INE010A01011,500338,IIFL_SCRIPMASTER
PRISMX,BSE,501314.BO,Prismx Global Ventures,PRISMX|Prismx Global Ventures|Prismx Global Ventures Limited,,INE286N01028,501314,IIFL_SCRIPMASTER
PRITHVIEXCH,BSE,531688.BO,Prithvi Exchange (India) Limit,PRITHVIEXCH|Prithvi Exchange (India) Limit,,INE621B01021,531688,IIFL_SCRIPMASTER
PRITI,BSE,204000.BO,Priti International,PRITI|Priti International|Priti International Limited,,INE974Z01015,204000,IIFL_SCRIPMASTER
PRITIKAUTO,BSE,539359.BO,Pritika Auto Industries Limite,PRITIKAUTO|Pritika Auto Industries Limite,,INE583R01029,539359,IIFL_SCRIPMASTER
PRITIKA,BSE,212498.BO,Pritika Eng Compo,PRITIKA|Pritika Eng Compo|Pritika Eng Compo Limited,,INE0MJQ01020,212498,IIFL_SCRIPMASTER
PNC,BSE,532387.BO,Pritish Nandy Communications L,PNC|Pritish Nandy Communications L,,INE392B01011,532387,IIFL_SCRIPMASTER
PRIVISCL,BSE,530117.BO,Privi Speciality Chemicals Lim,PRIVISCL|Privi Speciality Chemicals Lim,,INE959A01019,530117,IIFL_SCRIPMASTER
PRIYALT,BSE,524580.BO,Priya,PRIYALT|Priya|Priya Limited,,INE686C01014,524580,IIFL_SCRIPMASTER
PRIZOR,BSE,211775.BO,Prizor Viztech,PRIZOR|Prizor Viztech|Prizor Viztech Limited,,INE0V9N01017,211775,IIFL_SCRIPMASTER
PROFX,BSE,213487.BO,Pro Fx Tech,PROFX|Pro Fx Tech|Pro Fx Tech Limited,,INE0VJT01017,213487,IIFL_SCRIPMASTER
PROAIMENT,BSE,512105.BO,Proaim Enterprises,PROAIMENT|Proaim Enterprises|Proaim Enterprises Limited,,INE490J01032,512105,IIFL_SCRIPMASTER
PGHL,BSE,500126.BO,Procter & Gamble Health Limite,PGHL|Procter & Gamble Health Limite,,INE199A01012,500126,IIFL_SCRIPMASTER
PGHH,BSE,500459.BO,Procter & Gamble Hygiene & Hea,PGHH|Procter & Gamble Hygiene & Hea,,INE179A01014,500459,IIFL_SCRIPMASTER
PRODOCS,BSE,544643.BO,Prodocs Solutions,PRODOCS|Prodocs Solutions|Prodocs Solutions Limited,,INE10XK01019,544643,IIFL_SCRIPMASTER
PROLIFE,BSE,202286.BO,Prolife Industries,PROLIFE|Prolife Industries|Prolife Industries Limited,,INE994V01012,202286,IIFL_SCRIPMASTER
PROMACT,BSE,526494.BO,Promact Plastics,PROMACT|Promact Plastics|Promact Plastics Limited,,INE818D01011,526494,IIFL_SCRIPMASTER
PROMAX,BSE,543375.BO,Promax Power,PROMAX|Promax Power|Promax Power Limited,,INE0I2F01015,543375,IIFL_SCRIPMASTER
PSPLATINA,BSE,544295.BO,Property Share Investment Trus,PSPLATINA|Property Share Investment Trus,,INE19RO25013,544295,IIFL_SCRIPMASTER
PSCELESTIA,BSE,544752.BO,Propshare Celestia,PSCELESTIA|Propshare Celestia,,INE19RO25039,544752,IIFL_SCRIPMASTER
PSTITANIA,BSE,544462.BO,Propshare Titania,PSTITANIA|Propshare Titania,,INE19RO25021,544462,IIFL_SCRIPMASTER
PCL,BSE,543814.BO,Prospect Consumer Products Lim,PCL|Prospect Consumer Products Lim,,INE0OKG01017,543814,IIFL_SCRIPMASTER
PROSTARM,BSE,544410.BO,Prostarm Info Systems,PROSTARM|Prostarm Info Systems|Prostarm Info Systems Limited,,INE0BX301013,544410,IIFL_SCRIPMASTER
PROTEAN,BSE,544021.BO,Protean Egov Technologies Limi,PROTEAN|Protean Egov Technologies Limi,,INE004A01022,544021,IIFL_SCRIPMASTER
PROV,BSE,210378.BO,Proventus Agrocom,PROV|Proventus Agrocom|Proventus Agrocom Limited,,INE0ONE01016,210378,IIFL_SCRIPMASTER
PROZONER,BSE,534675.BO,Prozone Realty,PROZONER|Prozone Realty|Prozone Realty Limited,,INE195N01013,534675,IIFL_SCRIPMASTER
PRUDENT,BSE,543527.BO,Prudent Corporate Advisory Ser,PRUDENT|Prudent Corporate Advisory Ser,,INE00F201020,543527,IIFL_SCRIPMASTER
PRUDMOULI,BSE,500342.BO,Prudential Sugar L,PRUDMOULI|Prudential Sugar Corporation L|Prudential Sugar L,,INE024D01016,500342,IIFL_SCRIPMASTER
PSPPROJECT,BSE,540544.BO,Psp Projects,PSPPROJECT|Psp Projects|Psp Projects Limited,,INE488V01015,540544,IIFL_SCRIPMASTER
PTC,BSE,532524.BO,Ptc India,PTC|Ptc India|Ptc India Limited,,INE877F01012,532524,IIFL_SCRIPMASTER
PFS,BSE,533344.BO,Ptc India Financial Services L,PFS|Ptc India Financial Services L,,INE560K01014,533344,IIFL_SCRIPMASTER
PTCIL,BSE,539006.BO,Ptc Industries,PTCIL|Ptc Industries|Ptc Industries Limited,,INE596F01018,539006,IIFL_SCRIPMASTER
PTL,BSE,509220.BO,Ptl Enterprises,PTL|Ptl Enterprises|Ptl Enterprises Limited,,INE034D01049,509220,IIFL_SCRIPMASTER
PDMJEPAPER,BSE,539785.BO,Pudumjee Paper Products Limite,PDMJEPAPER|Pudumjee Paper Products Limite,,INE865T01018,539785,IIFL_SCRIPMASTER
PULSRIN,BSE,512591.BO,Pulsar International,PULSRIN|Pulsar International|Pulsar International Limited,,INE183U01022,512591,IIFL_SCRIPMASTER
PULZ,BSE,201344.BO,Pulz Electronics,PULZ|Pulz Electronics|Pulz Electronics Limited,,INE335X01014,201344,IIFL_SCRIPMASTER
PSB,BSE,533295.BO,Punjab & Sind Bank,PSB|Punjab & Sind Bank,,INE608A01012,533295,IIFL_SCRIPMASTER
PUNJABCHEM,BSE,506618.BO,Punjab Chemicals and Crop Prot,PUNJABCHEM|Punjab Chemicals and Crop Prot,,INE277B01014,506618,IIFL_SCRIPMASTER
PUNJCOMMU,BSE,500346.BO,Punjab Communications,PUNJCOMMU|Punjab Communications|Punjab Communications Limited,,INE609A01010,500346,IIFL_SCRIPMASTER
PNB,BSE,532461.BO,Punjab National Bank,PNB|Punjab National Bank,,INE160A01022,532461,IIFL_SCRIPMASTER
PURVA,BSE,532891.BO,Puravankara,PURVA|Puravankara|Puravankara Limited,,INE323I01011,532891,IIFL_SCRIPMASTER
PURETROP,BSE,530077.BO,Puretrop Fruits,PURETROP|Puretrop Fruits|Puretrop Fruits Limited,,INE795D01011,530077,IIFL_SCRIPMASTER
PURPLE,BSE,540159.BO,Purple Agrotech Industries Lim,PURPLE|Purple Agrotech Industries Lim,,INE905R01016,540159,IIFL_SCRIPMASTER
PURPLEFIN,BSE,544191.BO,Purple Finance,PURPLEFIN|Purple Finance|Purple Finance Limited,,INE0CYK01015,544191,IIFL_SCRIPMASTER
PURPLEUTED,BSE,212279.BO,Purple United Sales,PURPLEUTED|Purple United Sales|Purple United Sales Limited,,INE0P5R01014,212279,IIFL_SCRIPMASTER
PURPLEWAVE,BSE,544627.BO,Purple Wave Infocom,PURPLEWAVE|Purple Wave Infocom|Purple Wave Infocom Limited,,INE0VDK01019,544627,IIFL_SCRIPMASTER
PURSHOTTAM,BSE,538647.BO,Purshottam Investofin,PURSHOTTAM|Purshottam Investofin|Purshottam Investofin Limited,,INE729C01020,538647,IIFL_SCRIPMASTER
PURVFLEXI,BSE,211225.BO,Purv Flexipack,PURVFLEXI|Purv Flexipack|Purv Flexipack Limited,,INE0R6C01012,211225,IIFL_SCRIPMASTER
PUSHPA,BSE,213507.BO,Pushpa Jewellers,PUSHPA|Pushpa Jewellers|Pushpa Jewellers Limited,,INE154801018,213507,IIFL_SCRIPMASTER
PUSHPIN,BSE,531562.BO,Pushpsons Industries,PUSHPIN|Pushpsons Industries|Pushpsons Industries Limited,,NA,531562,IIFL_SCRIPMASTER
PVP,BSE,517556.BO,Pvp Ventures,PVP|Pvp Ventures|Pvp Ventures Limited,,INE362A01016,517556,IIFL_SCRIPMASTER
PVRINOX,BSE,532689.BO,Pvr Inox,PVRINOX|Pvr Inox|Pvr Inox Limited,,INE191H01014,532689,IIFL_SCRIPMASTER
PVVINFRA,BSE,536659.BO,Pvv Infra,PVVINFRA|Pvv Infra|Pvv Infra Limited,,INE428B01021,536659,IIFL_SCRIPMASTER
PYRAMID,BSE,543969.BO,Pyramid Technoplast,PYRAMID|Pyramid Technoplast|Pyramid Technoplast Limited,,INE0MIS01010,543969,IIFL_SCRIPMASTER
QGO,BSE,538646.BO,Qgo Finance,QGO|Qgo Finance|Qgo Finance Limited,,INE837C01013,538646,IIFL_SCRIPMASTER
QMSMEDI-RE,BSE,213736.BO,Qms Medi,QMSMEDI-RE|Qms Medi|Qms Medi Limited,,INE0FMW20018,213736,IIFL_SCRIPMASTER
QMSMEDI,BSE,209172.BO,Qms Medical Allied S,QMSMEDI|Qms Medical Allied S|Qms Medical Allied S Limited,,INE0FMW01018,209172,IIFL_SCRIPMASTER
QUADPRO,BSE,208232.BO,Quadpro Ites,QUADPRO|Quadpro Ites|Quadpro Ites Limited,,INE0GOJ01027,208232,IIFL_SCRIPMASTER
QUADFUTURE,BSE,544336.BO,Quadrant Future Tek,QUADFUTURE|Quadrant Future Tek|Quadrant Future Tek Limited,,INE0LRY01011,544336,IIFL_SCRIPMASTER
QLL,BSE,544091.BO,Qualitek Labs,QLL|Qualitek Labs|Qualitek Labs Limited,,INE0Q1R01012,544091,IIFL_SCRIPMASTER
QFIL,BSE,209601.BO,Quality Foils (India),QFIL|Quality Foils (India)|Quality Foils (India) Limited,,INE0O1M01015,209601,IIFL_SCRIPMASTER
QRIL,BSE,543460.BO,Quality Ro Industries,QRIL|Quality Ro Industries|Quality Ro Industries Limited,,INE0KAF01018,543460,IIFL_SCRIPMASTER
QUANTDIA,BSE,530281.BO,Quantum Digital Vision (India),QUANTDIA|Quantum Digital Vision (India),,INE373C01019,530281,IIFL_SCRIPMASTER
QGOLDHALF,BSE,590099.BO,Quantum Gold Fund - Exchange T,QGOLDHALF|Quantum Gold Fund - Exchange T,,INF082J01408,590099,IIFL_SCRIPMASTER
QUESS,BSE,539978.BO,Quess Corp,QUESS|Quess Corp|Quess Corp Limited,,INE615P01015,539978,IIFL_SCRIPMASTER
QUESTCAP,BSE,500069.BO,Quest Capital Markets,QUESTCAP|Quest Capital Markets|Quest Capital Markets Limited,,INE418C01012,500069,IIFL_SCRIPMASTER
QUESTLAB,BSE,211589.BO,Quest Laboratories,QUESTLAB|Quest Laboratories|Quest Laboratories Limited,,INE0TNW01017,211589,IIFL_SCRIPMASTER
QUICKHEAL,BSE,539678.BO,Quick Heal Technologies Limite,QUICKHEAL|Quick Heal Technologies Limite,,INE306L01010,539678,IIFL_SCRIPMASTER
QUICKTOUCH,BSE,210308.BO,Quicktouch Technologies L,QUICKTOUCH|Quicktouch Technologies L,,INE0K4D01020,210308,IIFL_SCRIPMASTER
QUINT,BSE,539515.BO,Quint Digital,QUINT|Quint Digital|Quint Digital Limited,,INE641R01017,539515,IIFL_SCRIPMASTER
QVCEL,BSE,211905.BO,Qvc Exports,QVCEL|Qvc Exports|Qvc Exports Limited,,INE0KZF01015,211905,IIFL_SCRIPMASTER
RKSWAMY,BSE,544136.BO,R K Swamy,R K Swamy|R K Swamy Limited|RKSWAMY,,INE0NQ801033,544136,IIFL_SCRIPMASTER
RMDRIP,BSE,203354.BO,R M Drip & Sprink Sys,R M Drip & Sprink Sys|R M Drip & Sprink Sys Limited|RMDRIP,,INE219Y01018,203354,IIFL_SCRIPMASTER
RMDRIP,BSE,544456.BO,R M Drip and Sprinklers System,R M Drip and Sprinklers System|RMDRIP,,INE219Y01026,544456,IIFL_SCRIPMASTER
RRKABEL,BSE,543981.BO,R R Kabel,R R Kabel|R R Kabel Limited|RRKABEL,,INE777K01022,543981,IIFL_SCRIPMASTER
RSYSTEMS,BSE,532735.BO,R Systems International,R Systems International|R Systems International Limited|RSYSTEMS,,INE411H01032,532735,IIFL_SCRIPMASTER
RNBDENIMS,BSE,538119.BO,R&B Denims,R&B Denims|R&B Denims Limited|RNBDENIMS,,INE012Q01039,538119,IIFL_SCRIPMASTER
RIIT,BSE,544734.BO,Raajmarg Infra Investment Trus,RIIT|Raajmarg Infra Investment Trus,,INE2PB023011,544734,IIFL_SCRIPMASTER
RILINFRA,BSE,208791.BO,Rachana Infra,RILINFRA|Rachana Infra|Rachana Infra Limited,,INE02OY01016,208791,IIFL_SCRIPMASTER
RACLGEAR,BSE,520073.BO,Racl Geartech,RACLGEAR|Racl Geartech|Racl Geartech Limited,,INE704B01017,520073,IIFL_SCRIPMASTER
RACONTEUR,BSE,541703.BO,Raconteur Global Resources Lim,RACONTEUR|Raconteur Global Resources Lim,,INE00WY01013,541703,IIFL_SCRIPMASTER
RADAAN,BSE,590070.BO,Radaan Mediaworks (I),RADAAN|Radaan Mediaworks (I)|Radaan Mediaworks (I) Limited,,INE874F01027,590070,IIFL_SCRIPMASTER
RADHEDE,BSE,531273.BO,Radhe Developers (India),RADHEDE|Radhe Developers (India)|Radhe Developers (India) Limited,,INE986B01044,531273,IIFL_SCRIPMASTER
RADHIKAJWE,BSE,540125.BO,Radhika Jeweltech,RADHIKAJWE|Radhika Jeweltech|Radhika Jeweltech Limited,,INE583V01021,540125,IIFL_SCRIPMASTER
RADIANTCMS,BSE,543732.BO,Radiant Cash Management Servic,RADIANTCMS|Radiant Cash Management Servic,,INE855R01021,543732,IIFL_SCRIPMASTER
RADICO,BSE,532497.BO,Radico Khaitan,RADICO|Radico Khaitan|Radico Khaitan Limited,,INE944F01028,532497,IIFL_SCRIPMASTER
RADIOWALLA,BSE,211493.BO,Radiowalla Network,RADIOWALLA|Radiowalla Network|Radiowalla Network Limited,,INE430U01019,211493,IIFL_SCRIPMASTER
RPEL,BSE,539837.BO,Raghav Productivity Enhancers,RPEL|Raghav Productivity Enhancers,,INE912T01018,539837,IIFL_SCRIPMASTER
RAGHUNAT,BSE,526813.BO,Raghunath International,RAGHUNAT|Raghunath International|Raghunath International Limited,,INE753B01014,526813,IIFL_SCRIPMASTER
RAGHUTOB,BSE,531552.BO,Raghunath Tobacco Co.,RAGHUTOB|Raghunath Tobacco Co.|Raghunath Tobacco Co.Limited,,INE754B01012,531552,IIFL_SCRIPMASTER
RAFL,BSE,538921.BO,Raghuvansh Agrofarms,RAFL|Raghuvansh Agrofarms|Raghuvansh Agrofarms Limited,,INE865P01016,538921,IIFL_SCRIPMASTER
RAGHUSYN,BSE,514316.BO,Raghuvir Synthetics,RAGHUSYN|Raghuvir Synthetics|Raghuvir Synthetics Limited,,INE969C01022,514316,IIFL_SCRIPMASTER
RVNL,BSE,542649.BO,Rail Vikas Nigam,RVNL|Rail Vikas Nigam|Rail Vikas Nigam Limited,,INE415G01027,542649,IIFL_SCRIPMASTER
RAILTEL,BSE,543265.BO,Railtel of India L,RAILTEL|Railtel Corporation of India L|Railtel of India L,,INE0DD101019,543265,IIFL_SCRIPMASTER
RAIN,BSE,500339.BO,Rain Industries,RAIN|Rain Industries|Rain Industries Limited,,INE855B01025,500339,IIFL_SCRIPMASTER
RAINBOW,BSE,543524.BO,Rainbow Childrens Medicare Li,RAINBOW|Rainbow Childrens Medicare Li,,INE961O01016,543524,IIFL_SCRIPMASTER
RAINBOWF,BSE,531694.BO,Rainbow Foundations,RAINBOWF|Rainbow Foundations|Rainbow Foundations Limited,,INE230F01014,531694,IIFL_SCRIPMASTER
ROML,BSE,533093.BO,Raj Oil Mills,ROML|Raj Oil Mills|Raj Oil Mills Limited,,INE294G01026,533093,IIFL_SCRIPMASTER
RAJPACK,BSE,530111.BO,Raj Packaging Industries,RAJPACK|Raj Packaging Industries|Raj Packaging Industries Limited,,INE639C01013,530111,IIFL_SCRIPMASTER
RAJTV,BSE,532826.BO,Raj Television Network,RAJTV|Raj Television Network|Raj Television Network Limited,,INE952H01027,532826,IIFL_SCRIPMASTER
RAJABAH,BSE,503127.BO,Raja Bahadur International,RAJABAH|Raja Bahadur International|Raja Bahadur International Limited,,INE491N01016,503127,IIFL_SCRIPMASTER
RAJPALAYAM,BSE,532503.BO,Rajapalayam Mills,RAJPALAYAM|Rajapalayam Mills|Rajapalayam Mills Limited,,INE296E01026,532503,IIFL_SCRIPMASTER
RCCL,BSE,538707.BO,Rajasthan Cylinders & Containe,RCCL|Rajasthan Cylinders & Containe,,INE929D01016,538707,IIFL_SCRIPMASTER
RAJSEC,BSE,526873.BO,Rajasthan Securities,RAJSEC|Rajasthan Securities|Rajasthan Securities Limited,,INE184D01026,526873,IIFL_SCRIPMASTER
RAJTUBE,BSE,530253.BO,Rajasthan Tube Manufacturing C,RAJTUBE|Rajasthan Tube Manufacturing C,,INE497E01020,530253,IIFL_SCRIPMASTER
ARENTERP,BSE,526662.BO,Rajdarshan Industries,ARENTERP|Rajdarshan Industries|Rajdarshan Industries Limited,,INE610C01014,526662,IIFL_SCRIPMASTER
RAJESH,BSE,544291.BO,Rajesh Power Services,RAJESH|Rajesh Power Services|Rajesh Power Services Limited,,INE0VN801010,544291,IIFL_SCRIPMASTER
RCAN,BSE,543285.BO,Rajeshwari Cans,RCAN|Rajeshwari Cans|Rajeshwari Cans Limited,,INE0CQ101015,543285,IIFL_SCRIPMASTER
RCDL,BSE,210748.BO,Rajgor Castor Derivati L,RCDL|Rajgor Castor Derivati L,,INE0BZQ01011,210748,IIFL_SCRIPMASTER
RAJKSYN,BSE,514028.BO,Rajkamal Synthetics,RAJKSYN|Rajkamal Synthetics|Rajkamal Synthetics Limited,,INE376L01013,514028,IIFL_SCRIPMASTER
RAJKOTINV,BSE,539495.BO,Rajkot Investment Trust Limite,RAJKOTINV|Rajkot Investment Trust Limite,,INE176R01014,539495,IIFL_SCRIPMASTER
RAJMET,BSE,209275.BO,Rajnandini Metal,RAJMET|Rajnandini Metal|Rajnandini Metal Limited,,INE00KV01022,209275,IIFL_SCRIPMASTER
RRETAIL,BSE,530525.BO,Rajnish Retail,RRETAIL|Rajnish Retail|Rajnish Retail Limited,,INE786J01033,530525,IIFL_SCRIPMASTER
RAJNISH,BSE,541601.BO,Rajnish Wellness,RAJNISH|Rajnish Wellness|Rajnish Wellness Limited,,INE685Z01033,541601,IIFL_SCRIPMASTER
RAJOOENG,BSE,522257.BO,Rajoo Engineers,RAJOOENG|Rajoo Engineers|Rajoo Engineers Limited,,INE535F01024,522257,IIFL_SCRIPMASTER
RAJPUTANA,BSE,212227.BO,Rajputana Biodiesel,RAJPUTANA|Rajputana Biodiesel|Rajputana Biodiesel Limited,,INE0VHU01019,212227,IIFL_SCRIPMASTER
RAJINDLTD,BSE,211832.BO,Rajputana Industries,RAJINDLTD|Rajputana Industries|Rajputana Industries Limited,,INE0PCU01012,211832,IIFL_SCRIPMASTER
RAJPUTANA,BSE,539090.BO,Rajputana Investment and Finan,RAJPUTANA|Rajputana Investment and Finan,,INE751R01014,539090,IIFL_SCRIPMASTER
RSL,BSE,544731.BO,Rajputana Stainless,RSL|Rajputana Stainless|Rajputana Stainless Limited,,INE313L01016,544731,IIFL_SCRIPMASTER
RAJRATAN,BSE,517522.BO,Rajratan Global Wire,RAJRATAN|Rajratan Global Wire|Rajratan Global Wire Limited,,INE451D01029,517522,IIFL_SCRIPMASTER
RPPL,BSE,211980.BO,Rajshree Polypack,RPPL|Rajshree Polypack|Rajshree Polypack Limited,,INE760W01023,211980,IIFL_SCRIPMASTER
RAJSREESUG,BSE,500354.BO,Rajshree Sugars & Chemicals Lt,RAJSREESUG|Rajshree Sugars & Chemicals Lt,,INE562B01019,500354,IIFL_SCRIPMASTER
RAJVI,BSE,511185.BO,Rajvi Logitrade,RAJVI|Rajvi Logitrade|Rajvi Logitrade Limited,,INE381N01019,511185,IIFL_SCRIPMASTER
RALLIS,BSE,500355.BO,Rallis India,RALLIS|Rallis India|Rallis India Limited,,INE613A01020,500355,IIFL_SCRIPMASTER
RAMRAT,BSE,522281.BO,Ram Ratna Wires,RAMRAT|Ram Ratna Wires|Ram Ratna Wires Limited,,INE207E01023,522281,IIFL_SCRIPMASTER
RAMAPHO,BSE,524037.BO,Rama Phosphates,RAMAPHO|Rama Phosphates|Rama Phosphates Limited,,INE809A01032,524037,IIFL_SCRIPMASTER
RAMASTEEL,BSE,539309.BO,Rama Steel Tubes,RAMASTEEL|Rama Steel Tubes|Rama Steel Tubes Limited,,INE230R01035,539309,IIFL_SCRIPMASTER
RTL,BSE,213481.BO,Rama Telecom,RTL|Rama Telecom|Rama Telecom Limited,,INE14W901010,213481,IIFL_SCRIPMASTER
RAMAVISION,BSE,523289.BO,Rama Vision,RAMAVISION|Rama Vision|Rama Vision Limited,,INE763B01013,523289,IIFL_SCRIPMASTER
RAMCOIND,BSE,532369.BO,Ramco Industries,RAMCOIND|Ramco Industries|Ramco Industries Limited,,INE614A01028,532369,IIFL_SCRIPMASTER
RAMCOSYS,BSE,532370.BO,Ramco Systems,RAMCOSYS|Ramco Systems|Ramco Systems Limited,,INE246B01019,532370,IIFL_SCRIPMASTER
RBS,BSE,211522.BO,Ramdevbaba Solvent,RBS|Ramdevbaba Solvent|Ramdevbaba Solvent Limited,,INE0RJH01010,211522,IIFL_SCRIPMASTER
RAMINFO,BSE,530951.BO,Raminfo,RAMINFO|Raminfo|Raminfo Limited,,INE357B01022,530951,IIFL_SCRIPMASTER
RKFORGE,BSE,532527.BO,Ramkrishna Forgings,RKFORGE|Ramkrishna Forgings|Ramkrishna Forgings Limited,,INE399G01023,532527,IIFL_SCRIPMASTER
RAMKY,BSE,533262.BO,Ramky Infrastructure,RAMKY|Ramky Infrastructure|Ramky Infrastructure Limited,,INE874I01013,533262,IIFL_SCRIPMASTER
RANASUG,BSE,507490.BO,Rana Sugars,RANASUG|Rana Sugars|Rana Sugars Limited,,INE625B01014,507490,IIFL_SCRIPMASTER
RANDER,BSE,531228.BO,Rander,RANDER|Rander|Rander Corporation Limited,,INE821D01031,531228,IIFL_SCRIPMASTER
RML,BSE,532661.BO,Rane (Madras),RML|Rane (Madras)|Rane (Madras) Limited,,INE050H01012,532661,IIFL_SCRIPMASTER
RANEHOLDIN,BSE,505800.BO,Rane Holdings,RANEHOLDIN|Rane Holdings|Rane Holdings Limited,,INE384A01010,505800,IIFL_SCRIPMASTER
RANJEET,BSE,541945.BO,Ranjeet Mechatronics,RANJEET|Ranjeet Mechatronics|Ranjeet Mechatronics Limited,,INE01A501027,541945,IIFL_SCRIPMASTER
RAP,BSE,531583.BO,Rap Corp,RAP|Rap Corp|Rap Corp Limited,,INE483D01014,531583,IIFL_SCRIPMASTER
RAPICUT,BSE,500360.BO,Rapicut Carbides,RAPICUT|Rapicut Carbides|Rapicut Carbides Limited,,INE350D01015,500360,IIFL_SCRIPMASTER
RAPIDFLEET,BSE,213174.BO,Rapid Fleet Mgt Service L,RAPIDFLEET|Rapid Fleet Mgt Service L,,INE0QX901013,213174,IIFL_SCRIPMASTER
RAPPID,BSE,212045.BO,Rappid Valves (India),RAPPID|Rappid Valves (India)|Rappid Valves (India) Limited,,INE0MVO01012,212045,IIFL_SCRIPMASTER
RASRESOR,BSE,507966.BO,Ras Resorts & Apart Hotels,RASRESOR|Ras Resorts & Apart Hotels|Ras Resorts & Apart Hotels Limited,,INE651D01016,507966,IIFL_SCRIPMASTER
RASANDIK,BSE,522207.BO,Rasandik Engineering Industrie,RASANDIK|Rasandik Engineering Industrie,,INE682D01011,522207,IIFL_SCRIPMASTER
RPTECH,BSE,544119.BO,Rashi Peripherals,RPTECH|Rashi Peripherals|Rashi Peripherals Limited,,INE0J1F01024,544119,IIFL_SCRIPMASTER
RCF,BSE,524230.BO,Rashtriya Chemicals & Fertiliz,RCF|Rashtriya Chemicals & Fertiliz,,INE027A01015,524230,IIFL_SCRIPMASTER
RASIELEC,BSE,531233.BO,Rasi Electrodes,RASIELEC|Rasi Electrodes|Rasi Electrodes Limited,,INE822D01021,531233,IIFL_SCRIPMASTER
RATEGAIN,BSE,543417.BO,Rategain Travel Technologies L,RATEGAIN|Rategain Travel Technologies L,,INE0CLI01024,543417,IIFL_SCRIPMASTER
RATHIBAR,BSE,532918.BO,Rathi Bars,RATHIBAR|Rathi Bars|Rathi Bars Limited,,INE575I01016,532918,IIFL_SCRIPMASTER
RATHIST,BSE,504903.BO,Rathi Steel & Power,RATHIST|Rathi Steel & Power|Rathi Steel & Power Limited,,INE336C01016,504903,IIFL_SCRIPMASTER
RATNABHUMI,BSE,540796.BO,Ratnabhumi Developers,RATNABHUMI|Ratnabhumi Developers|Ratnabhumi Developers Limited,,INE821Y01011,540796,IIFL_SCRIPMASTER
RATNAMANI,BSE,520111.BO,Ratnamani Metals & Tubes,RATNAMANI|Ratnamani Metals & Tubes|Ratnamani Metals & Tubes Limited,,INE703B01027,520111,IIFL_SCRIPMASTER
RATNAVEER,BSE,543978.BO,Ratnaveer Precision Engineerin,RATNAVEER|Ratnaveer Precision Engineerin,,INE05CZ01011,543978,IIFL_SCRIPMASTER
RTNINDIA,BSE,534597.BO,Rattanindia Enterprises Limite,RTNINDIA|Rattanindia Enterprises Limite,,INE834M01019,534597,IIFL_SCRIPMASTER
RTNPOWER,BSE,533122.BO,Rattanindia Power,RTNPOWER|Rattanindia Power|Rattanindia Power Limited,,INE399K01017,533122,IIFL_SCRIPMASTER
RAUNAQ,BSE,537840.BO,Raunaq International,RAUNAQ|Raunaq International|Raunaq International Limited,,INE523K01012,537840,IIFL_SCRIPMASTER
RAVEL,BSE,544629.BO,Ravelcare,RAVEL|Ravelcare|Ravelcare Limited,,INE0W4D01018,544629,IIFL_SCRIPMASTER
RKDL,BSE,533294.BO,Ravi Kumar Distilleries,RKDL|Ravi Kumar Distilleries|Ravi Kumar Distilleries Limited,,INE722J01012,533294,IIFL_SCRIPMASTER
RALEGRA,BSE,526095.BO,Ravileela Granites,RALEGRA|Ravileela Granites|Ravileela Granites Limited,,INE427E01027,526095,IIFL_SCRIPMASTER
RVHL,BSE,543251.BO,Ravinder Heights,RVHL|Ravinder Heights|Ravinder Heights Limited,,INE09E501017,543251,IIFL_SCRIPMASTER
RELTD,BSE,504341.BO,Ravindra Energy,RELTD|Ravindra Energy|Ravindra Energy Limited,,INE206N01018,504341,IIFL_SCRIPMASTER
RAWEDGE,BSE,541634.BO,Raw Edge Industrial Solutions,RAWEDGE|Raw Edge Industrial Solutions,,INE960Z01014,541634,IIFL_SCRIPMASTER
RAYMOND,BSE,500330.BO,Raymond,RAYMOND|Raymond|Raymond Limited,,INE301A01014,500330,IIFL_SCRIPMASTER
RAYMONDLSL,BSE,544240.BO,Raymond Lifestyle,RAYMONDLSL|Raymond Lifestyle|Raymond Lifestyle Limited,,INE02ID01020,544240,IIFL_SCRIPMASTER
RAYMONDREL,BSE,544420.BO,Raymond Realty,RAYMONDREL|Raymond Realty|Raymond Realty Limited,,INE1SY401010,544420,IIFL_SCRIPMASTER
RBLBANK,BSE,540065.BO,Rbl Bank,RBLBANK|Rbl Bank|Rbl Bank Limited,,INE976G01028,540065,IIFL_SCRIPMASTER
RBMINFRA,BSE,209368.BO,Rbm Infracon,RBMINFRA|Rbm Infracon|Rbm Infracon Limited,,INE0NA301016,209368,IIFL_SCRIPMASTER
RBZJEWEL,BSE,544060.BO,Rbz Jewellers,RBZJEWEL|Rbz Jewellers|Rbz Jewellers Limited,,INE0PEQ01016,544060,IIFL_SCRIPMASTER
RDBIPL,BSE,533285.BO,Rdb Infrastructure and Power L,RDBIPL|Rdb Infrastructure and Power L,,INE245L01028,533285,IIFL_SCRIPMASTER
RDBRL,BSE,533608.BO,Rdb Rasayans,RDBRL|Rdb Rasayans|Rdb Rasayans Limited,,INE123M01017,533608,IIFL_SCRIPMASTER
RRECL,BSE,544346.BO,Rdb Real Estate Constructions,RRECL|Rdb Real Estate Constructions,,INE0AK901016,544346,IIFL_SCRIPMASTER
READYMIX,BSE,212484.BO,Readymix Constru Machi L,READYMIX|Readymix Constru Machi L,,INE10QL01011,212484,IIFL_SCRIPMASTER
REALECO,BSE,530053.BO,Real Eco-Energy,REALECO|Real Eco-Energy|Real Eco-Energy Limited,,INE055E01034,530053,IIFL_SCRIPMASTER
RECLTD,BSE,532955.BO,Rec,RECLTD|Rec|Rec Limited,,INE020B01018,532955,IIFL_SCRIPMASTER
RECODE,BSE,544755.BO,Recode Studios,RECODE|Recode Studios|Recode Studios Limited,,INE2B6701015,544755,IIFL_SCRIPMASTER
REDINGTON,BSE,532805.BO,Redington,REDINGTON|Redington|Redington Limited,,INE891D01026,532805,IIFL_SCRIPMASTER
REDTAPE,BSE,543957.BO,Redtape,REDTAPE|Redtape|Redtape Limited,,INE0LXT01019,543957,IIFL_SCRIPMASTER
REETECH,BSE,543617.BO,Reetech International,REETECH|Reetech International|Reetech International Limited,,INE0MKO01015,543617,IIFL_SCRIPMASTER
REFEX,BSE,532884.BO,Refex Industries,REFEX|Refex Industries|Refex Industries Limited,,INE056I01025,532884,IIFL_SCRIPMASTER
REFNOL,BSE,530815.BO,Refnol Resins & Chemicals,REFNOL|Refnol Resins & Chemicals|Refnol Resins & Chemicals Limited,,INE428C01011,530815,IIFL_SCRIPMASTER
REFRACTORY,BSE,211566.BO,Refractory Shapes,REFRACTORY|Refractory Shapes|Refractory Shapes Limited,,INE0TNX01015,211566,IIFL_SCRIPMASTER
REGAL,BSE,531033.BO,Regal Entertainment & Consulta,REGAL|Regal Entertainment & Consulta,,INE101E01010,531033,IIFL_SCRIPMASTER
REGENCERAM,BSE,515018.BO,Regency Ceramics,REGENCERAM|Regency Ceramics|Regency Ceramics Limited,,INE277C01012,515018,IIFL_SCRIPMASTER
REGENCY,BSE,540175.BO,Regency Fincorp,REGENCY|Regency Fincorp|Regency Fincorp Limited,,INE964R01013,540175,IIFL_SCRIPMASTER
RGNYMIS,BSE,526403.BO,Regency Hospital,RGNYMIS|Regency Hospital|Regency Hospital Limited,,INE581K01010,526403,IIFL_SCRIPMASTER
REGENTRP,BSE,512624.BO,Regent Enterprises,REGENTRP|Regent Enterprises|Regent Enterprises Limited,,INE769D01016,512624,IIFL_SCRIPMASTER
REGIS,BSE,543208.BO,Regis Industries,REGIS|Regis Industries|Regis Industries Limited,,INE745R01024,543208,IIFL_SCRIPMASTER
RELAXO,BSE,530517.BO,Relaxo Footwears,RELAXO|Relaxo Footwears|Relaxo Footwears Limited,,INE131B01039,530517,IIFL_SCRIPMASTER
RELIABLE,BSE,544207.BO,Reliable Data Services,RELIABLE|Reliable Data Services|Reliable Data Services Limited,,INE375Y01018,544207,IIFL_SCRIPMASTER
RELIABVEN,BSE,532124.BO,Reliable Ventures India,RELIABVEN|Reliable Ventures India|Reliable Ventures India Limited,,INE419H01019,532124,IIFL_SCRIPMASTER
RELCHEMQ,BSE,503162.BO,Reliance Chemotex Industries L,RELCHEMQ|Reliance Chemotex Industries L,,INE750D01016,503162,IIFL_SCRIPMASTER
RIIL,BSE,523445.BO,Reliance Industrial Infrastruc,RIIL|Reliance Industrial Infrastruc,,INE046A01015,523445,IIFL_SCRIPMASTER
RELIANCE,BSE,500325.BO,Reliance Industries,RELIANCE|Reliance|Reliance Industries|Reliance Industries Limited,,INE002A01018,500325,IIFL_SCRIPMASTER
RPOWER,BSE,532939.BO,Reliance Power,RPOWER|Reliance Power|Reliance Power Limited,,INE614G01033,532939,IIFL_SCRIPMASTER
RELICTEC,BSE,511712.BO,Relic Technologies,RELICTEC|Relic Technologies|Relic Technologies Limited,,INE452B01013,511712,IIFL_SCRIPMASTER
RELICAB,BSE,539760.BO,Relicab Cable Manufacturing Li,RELICAB|Relicab Cable Manufacturing Li,,INE773T01014,539760,IIFL_SCRIPMASTER
RELIGARE,BSE,532915.BO,Religare Enterprises,RELIGARE|Religare Enterprises|Religare Enterprises Limited,,INE621H01010,532915,IIFL_SCRIPMASTER
REMIEDEL,BSE,513043.BO,Remi Edelstahl Tubulars Limite,REMIEDEL|Remi Edelstahl Tubulars Limite,,INE158G01015,513043,IIFL_SCRIPMASTER
REMSONSIND,BSE,530919.BO,Remsons Industries,REMSONSIND|Remsons Industries|Remsons Industries Limited,,INE474C01023,530919,IIFL_SCRIPMASTER
REMUS,BSE,210352.BO,Remus Pharmaceuticals L,REMUS|Remus Pharmaceuticals L,,INE0O5T01011,210352,IIFL_SCRIPMASTER
RGL,BSE,532923.BO,Renaissance Global,RGL|Renaissance Global|Renaissance Global Limited,,INE722H01024,532923,IIFL_SCRIPMASTER
RNPL,BSE,213612.BO,Renol Polychem,RNPL|Renol Polychem|Renol Polychem Limited,,INE0VZX01015,213612,IIFL_SCRIPMASTER
REPCOHOME,BSE,535322.BO,Repco Home Finance,REPCOHOME|Repco Home Finance|Repco Home Finance Limited,,INE612J01015,535322,IIFL_SCRIPMASTER
REPONO,BSE,544463.BO,Repono,REPONO|Repono|Repono Limited,,INE15WN01014,544463,IIFL_SCRIPMASTER
REPRO,BSE,532687.BO,Repro India,REPRO|Repro India|Repro India Limited,,INE461B01014,532687,IIFL_SCRIPMASTER
RESGEN,BSE,543805.BO,Resgen,RESGEN|Resgen|Resgen Limited,,INE0NYN01016,543805,IIFL_SCRIPMASTER
RESONANCE,BSE,524218.BO,Resonance Specialties,RESONANCE|Resonance Specialties|Resonance Specialties Limited,,INE486D01017,524218,IIFL_SCRIPMASTER
RAL,BSE,544236.BO,Resourceful Automobile,RAL|Resourceful Automobile|Resourceful Automobile Limited,,INE0SK201011,544236,IIFL_SCRIPMASTER
RESPONSINF,BSE,538273.BO,Response Informatics,RESPONSINF|Response Informatics|Response Informatics Limited,,INE401B01010,538273,IIFL_SCRIPMASTER
RESPONIND,BSE,505509.BO,Responsive Industries,RESPONIND|Responsive Industries|Responsive Industries Limited,,INE688D01026,505509,IIFL_SCRIPMASTER
RBA,BSE,543248.BO,Restaurant Brands Asia,RBA|Restaurant Brands Asia|Restaurant Brands Asia Limited,,INE07T201019,543248,IIFL_SCRIPMASTER
RESTILE,BSE,515085.BO,Restile Ceramics,RESTILE|Restile Ceramics|Restile Ceramics Limited,,INE298E01022,515085,IIFL_SCRIPMASTER
RETINA,BSE,543902.BO,Retina Paints,RETINA|Retina Paints|Retina Paints Limited,,INE0NTC01019,543902,IIFL_SCRIPMASTER
RVTH,BSE,544246.BO,Revathi Equipment India Limite,RVTH|Revathi Equipment India Limite,,INE0DAB01012,544246,IIFL_SCRIPMASTER
REXPIPES,BSE,208145.BO,Rex Pipes and Cables,REXPIPES|Rex Pipes and Cables|Rex Pipes and Cables Limited,,INE00D001018,208145,IIFL_SCRIPMASTER
REXSEAL,BSE,543744.BO,Rex Sealing and Packing Indust,REXSEAL|Rex Sealing and Packing Indust,,INE0MFT01014,543744,IIFL_SCRIPMASTER
REXNORD,BSE,531888.BO,Rexnord Electronics & Controls,REXNORD|Rexnord Electronics & Controls,,INE687C01012,531888,IIFL_SCRIPMASTER
REXPRO,BSE,212420.BO,Rexpro Enterprises,REXPRO|Rexpro Enterprises|Rexpro Enterprises Limited,,INE113601012,212420,IIFL_SCRIPMASTER
RFBL,BSE,216263.BO,Rfbl Flexi Pack,RFBL|Rfbl Flexi Pack|Rfbl Flexi Pack Limited,,INE0V2V01015,216263,IIFL_SCRIPMASTER
RGF,BSE,539669.BO,Rgf Capital Markets,RGF|Rgf Capital Markets|Rgf Capital Markets Limited,,INE684D01025,539669,IIFL_SCRIPMASTER
RHETAN,BSE,543590.BO,Rhetan Tmt,RHETAN|Rhetan Tmt|Rhetan Tmt Limited,,INE0KKN01029,543590,IIFL_SCRIPMASTER
RHIM,BSE,534076.BO,Rhi Magnesita India,RHIM|Rhi Magnesita India|Rhi Magnesita India Limited,,INE743M01012,534076,IIFL_SCRIPMASTER
RIBATEX,BSE,531952.BO,Riba Textiles,RIBATEX|Riba Textiles|Riba Textiles Limited,,INE811H01017,531952,IIFL_SCRIPMASTER
RICHA,BSE,208561.BO,Richa Info Systems,RICHA|Richa Info Systems|Richa Info Systems Limited,,INE0J1P01015,208561,IIFL_SCRIPMASTER
RFSL,BSE,539435.BO,Richfield Financial Services L,RFSL|Richfield Financial Services L,,INE201C01012,539435,IIFL_SCRIPMASTER
RICOAUTO,BSE,520008.BO,Rico Auto Industries,RICOAUTO|Rico Auto Industries|Rico Auto Industries Limited,,INE209B01025,520008,IIFL_SCRIPMASTER
RIDDHICORP,BSE,540590.BO,Riddhi Corporate Services Limi,RIDDHICORP|Riddhi Corporate Services Limi,,INE325X01015,540590,IIFL_SCRIPMASTER
RIDDHI,BSE,524480.BO,Riddhi Siddhi Gluco Biols,RIDDHI|Riddhi Siddhi Gluco Biols|Riddhi Siddhi Gluco Biols Limited,,INE249D01019,524480,IIFL_SCRIPMASTER
RIKHAV,BSE,544340.BO,Rikhav Securities,RIKHAV|Rikhav Securities|Rikhav Securities Limited,,INE0CFH01028,544340,IIFL_SCRIPMASTER
RIR,BSE,517035.BO,Rir Power Electronics,RIR|Rir Power Electronics|Rir Power Electronics Limited,,INE302D01024,517035,IIFL_SCRIPMASTER
RISAINTL,BSE,530251.BO,Risa International,RISAINTL|Risa International|Risa International Limited,,INE001O01029,530251,IIFL_SCRIPMASTER
RISHDIGA,BSE,531539.BO,Rishabh Digha Steel & Allied P,RISHDIGA|Rishabh Digha Steel & Allied P,,INE864D01015,531539,IIFL_SCRIPMASTER
RISHABH,BSE,543977.BO,Rishabh Instruments,RISHABH|Rishabh Instruments|Rishabh Instruments Limited,,INE0N2P01017,543977,IIFL_SCRIPMASTER
RISHILASE,BSE,526861.BO,Rishi Laser,RISHILASE|Rishi Laser|Rishi Laser Limited,,INE988D01012,526861,IIFL_SCRIPMASTER
RISHITECH,BSE,523021.BO,Rishi Techtex,RISHITECH|Rishi Techtex|Rishi Techtex Limited,,INE989D01010,523021,IIFL_SCRIPMASTER
RISHIROOP,BSE,526492.BO,Rishiroop,RISHIROOP|Rishiroop|Rishiroop Limited,,INE582D01013,526492,IIFL_SCRIPMASTER
RISHIRUB,BSE,523658.BO,Rishiroop Rubber (Internationa,RISHIRUB|Rishiroop Rubber (Internationa,,INE887C01018,523658,IIFL_SCRIPMASTER
RFLL,BSE,543256.BO,Rita Finance and Leasing Limit,RFLL|Rita Finance and Leasing Limit,,INE018S01016,543256,IIFL_SCRIPMASTER
RITCO,BSE,542383.BO,Ritco Logistics,RITCO|Ritco Logistics|Ritco Logistics Limited,,INE01EG01016,542383,IIFL_SCRIPMASTER
RITEZONE,BSE,209237.BO,Rite Zone Chemcon Ind,RITEZONE|Rite Zone Chemcon Ind|Rite Zone Chemcon Ind Limited,,INE0MRA01019,209237,IIFL_SCRIPMASTER
RITES,BSE,541556.BO,Rites,RITES|Rites|Rites Limited,,INE320J01015,541556,IIFL_SCRIPMASTER
RITESHIN,BSE,519097.BO,Ritesh International,RITESHIN|Ritesh International|Ritesh International Limited,,INE534D01014,519097,IIFL_SCRIPMASTER
RKEC,BSE,200105.BO,Rkec Projects,RKEC|Rkec Projects|Rkec Projects Limited,,INE786W01010,200105,IIFL_SCRIPMASTER
RLF,BSE,512618.BO,Rlf,RLF|Rlf|Rlf Limited,,INE629C01014,512618,IIFL_SCRIPMASTER
RNFI,BSE,211798.BO,Rnfi Services,RNFI|Rnfi Services|Rnfi Services Limited,,INE0SA001017,211798,IIFL_SCRIPMASTER
ROJL,BSE,543171.BO,Ro Jewels,ROJL|Ro Jewels|Ro Jewels Limited,,INE0BDU01028,543171,IIFL_SCRIPMASTER
ROADSTAR,BSE,544374.BO,Roadstar Infra Investment Trus,ROADSTAR|Roadstar Infra Investment Trus,,INE0JEI23010,544374,IIFL_SCRIPMASTER
RHL,BSE,543901.BO,Robust Hotels,RHL|Robust Hotels|Robust Hotels Limited,,INE508K01013,543901,IIFL_SCRIPMASTER
ROCKPP,BSE,215348.BO,Rockingdce Rs.5 Ppd Up,ROCKPP|Rockingdce Rs.5 Ppd Up,,IN90PTR01010,215348,IIFL_SCRIPMASTER
ROCK-RE,BSE,215273.BO,Rockingdeals Cir Eco,ROCK-RE|Rockingdeals Cir Eco|Rockingdeals Cir Eco Limited,,INE0PTR20012,215273,IIFL_SCRIPMASTER
ROCKINGDCE,BSE,210839.BO,Rockingdeals Circu Eco L,ROCKINGDCE|Rockingdeals Circu Eco L,,INE0PTR01012,210839,IIFL_SCRIPMASTER
ROCKONENT,BSE,531447.BO,Rockon Enterprises,ROCKONENT|Rockon Enterprises|Rockon Enterprises Limited,,INE644B01049,531447,IIFL_SCRIPMASTER
RODIUM,BSE,531822.BO,Rodium Realty,RODIUM|Rodium Realty|Rodium Realty Limited,,INE513E01024,531822,IIFL_SCRIPMASTER
ROLEXRINGS,BSE,543325.BO,Rolex Rings,ROLEXRINGS|Rolex Rings|Rolex Rings Limited,,INE645S01024,543325,IIFL_SCRIPMASTER
RONI,BSE,542145.BO,Roni Households,RONI|Roni Households|Roni Households Limited,,INE02AP01013,542145,IIFL_SCRIPMASTER
ROOPAIND,BSE,530991.BO,Roopa Industries,ROOPAIND|Roopa Industries|Roopa Industries Limited,,INE443C01010,530991,IIFL_SCRIPMASTER
ROSEMER,BSE,512115.BO,Rose Merc.,ROSEMER|Rose Merc.|Rose Merc.Limited,,INE649C01012,512115,IIFL_SCRIPMASTER
ROSELABS,BSE,531324.BO,Roselabs Finance,ROSELABS|Roselabs Finance|Roselabs Finance Limited,,INE475C01012,531324,IIFL_SCRIPMASTER
ROSSARI,BSE,543213.BO,Rossari Biotech,ROSSARI|Rossari Biotech|Rossari Biotech Limited,,INE02A801020,543213,IIFL_SCRIPMASTER
ROSSELLIND,BSE,533168.BO,Rossell India,ROSSELLIND|Rossell India|Rossell India Limited,,INE847C01020,533168,IIFL_SCRIPMASTER
ROSSTECH,BSE,544294.BO,Rossell Techsys,ROSSTECH|Rossell Techsys|Rossell Techsys Limited,,INE0OJW01016,544294,IIFL_SCRIPMASTER
ROTO,BSE,517500.BO,Roto Pumps,ROTO|Roto Pumps|Roto Pumps Limited,,INE535D01037,517500,IIFL_SCRIPMASTER
ROUTE,BSE,543228.BO,Route Mobile,ROUTE|Route Mobile|Route Mobile Limited,,INE450U01017,543228,IIFL_SCRIPMASTER
ROXHITECH,BSE,210810.BO,Rox Hi Tech,ROXHITECH|Rox Hi Tech|Rox Hi Tech Limited,,INE0PDJ01013,210810,IIFL_SCRIPMASTER
ROYALARC,BSE,212531.BO,Royal Arc Electrodes,ROYALARC|Royal Arc Electrodes|Royal Arc Electrodes Limited,,INE0EO401019,212531,IIFL_SCRIPMASTER
ROYALCU,BSE,526193.BO,Royal Cushion Vinyl Products L,ROYALCU|Royal Cushion Vinyl Products L,,INE618A01011,526193,IIFL_SCRIPMASTER
ROHLTD,BSE,532699.BO,Royal Orchid Hotels,ROHLTD|Royal Orchid Hotels|Royal Orchid Hotels Limited,,INE283H01019,532699,IIFL_SCRIPMASTER
ROYAL,BSE,544143.BO,Royal Sense,ROYAL|Royal Sense|Royal Sense Limited,,INE0QQG01019,544143,IIFL_SCRIPMASTER
RAYALEMA,BSE,526640.BO,Royale Manor Hotels & Industri,RAYALEMA|Royale Manor Hotels & Industri,,INE008C01011,526640,IIFL_SCRIPMASTER
RPGLIFE,BSE,532983.BO,Rpg Life Sciences,RPGLIFE|Rpg Life Sciences|Rpg Life Sciences Limited,,INE105J01010,532983,IIFL_SCRIPMASTER
RPPINFRA,BSE,533284.BO,Rpp Infra Projects,RPPINFRA|Rpp Infra Projects|Rpp Infra Projects Limited,,INE324L01013,533284,IIFL_SCRIPMASTER
RPSGVENT,BSE,542333.BO,Rpsg Ventures,RPSGVENT|Rpsg Ventures|Rpsg Ventures Limited,,INE425Y01011,542333,IIFL_SCRIPMASTER
RRFIN,BSE,511626.BO,Rr Financial Consultants,RRFIN|Rr Financial Consultants|Rr Financial Consultants Limited,,INE229D01011,511626,IIFL_SCRIPMASTER
RRMETAL,BSE,531667.BO,Rr Metalmakers India,RRMETAL|Rr Metalmakers India|Rr Metalmakers India Limited,,INE117K01013,531667,IIFL_SCRIPMASTER
RRIL,BSE,531307.BO,Rril,RRIL|Rril|Rril Limited,,INE951M01037,531307,IIFL_SCRIPMASTER
RSCINT,BSE,530179.BO,Rsc International,RSCINT|Rsc International|Rsc International Limited,,INE015F01019,530179,IIFL_SCRIPMASTER
RSDFIN,BSE,539875.BO,Rsd Finance,RSDFIN|Rsd Finance|Rsd Finance Limited,,INE616F01022,539875,IIFL_SCRIPMASTER
RSWM,BSE,500350.BO,Rswm,RSWM|Rswm|Rswm Limited,,INE611A01016,500350,IIFL_SCRIPMASTER
RTSPOWR,BSE,531215.BO,Rts Power,RTSPOWR|Rts Power|Rts Power Corporation Limited,,INE005C01017,531215,IIFL_SCRIPMASTER
RUBFILA,BSE,500367.BO,Rubfila International,RUBFILA|Rubfila International|Rubfila International Limited,,INE642C01025,500367,IIFL_SCRIPMASTER
RUBICON,BSE,544578.BO,Rubicon Research,RUBICON|Rubicon Research|Rubicon Research Limited,,INE506V01022,544578,IIFL_SCRIPMASTER
RUBYMILLS,BSE,503169.BO,Ruby Mills,RUBYMILLS|Ruby Mills|Ruby Mills Limited,,INE301D01026,503169,IIFL_SCRIPMASTER
RUCHINFRA,BSE,509020.BO,Ruchi Infrastructure,RUCHINFRA|Ruchi Infrastructure|Ruchi Infrastructure Limited,,INE413B01023,509020,IIFL_SCRIPMASTER
RUCHIRA,BSE,532785.BO,Ruchira Papers,RUCHIRA|Ruchira Papers|Ruchira Papers Limited,,INE803H01014,532785,IIFL_SCRIPMASTER
RUDRAECO,BSE,514010.BO,Rudra Ecovation,RUDRAECO|Rudra Ecovation|Rudra Ecovation Limited,,INE723D01021,514010,IIFL_SCRIPMASTER
RUDRAGAS,BSE,544121.BO,Rudra Gas Enterprise,RUDRAGAS|Rudra Gas Enterprise|Rudra Gas Enterprise Limited,,INE0OYK01010,544121,IIFL_SCRIPMASTER
REPL,BSE,205597.BO,Rudrabhishek Enterp,REPL|Rudrabhishek Enterp|Rudrabhishek Enterp Limited,,INE364Z01019,205597,IIFL_SCRIPMASTER
RDGAIL,BSE,544552.BO,Rukmani Devi Garg Agro Impex L,RDGAIL|Rukmani Devi Garg Agro Impex L,,INE0S5T01017,544552,IIFL_SCRIPMASTER
RULKA,BSE,211602.BO,Rulka Electricals,RULKA|Rulka Electricals|Rulka Electricals Limited,,INE0R7301013,211602,IIFL_SCRIPMASTER
RUNGTAIR,BSE,530449.BO,Rungta Irrigation,RUNGTAIR|Rungta Irrigation|Rungta Irrigation Limited,,INE347C01013,530449,IIFL_SCRIPMASTER
RUPA,BSE,533552.BO,Rupa & Company,RUPA|Rupa & Company|Rupa & Company Limited,,INE895B01021,533552,IIFL_SCRIPMASTER
RUSHIL,BSE,533470.BO,Rushil Decor,RUSHIL|Rushil Decor|Rushil Decor Limited,,INE573K01025,533470,IIFL_SCRIPMASTER
SATECH,BSE,211823.BO,S A Tech Software India L,S A Tech Software India L|SATECH,,INE0BSN01013,211823,IIFL_SCRIPMASTER
SCHAND,BSE,540497.BO,S Chand and Company,S Chand and Company|S Chand and Company Limited|SCHAND,,INE807K01035,540497,IIFL_SCRIPMASTER
SDREAMS,BSE,212041.BO,S D Retail,S D Retail|S D Retail Limited|SDREAMS,,INE0X6F01017,212041,IIFL_SCRIPMASTER
SHK,BSE,539450.BO,S H Kelkar and Company,S H Kelkar and Company|S H Kelkar and Company Limited|SHK,,INE500L01026,539450,IIFL_SCRIPMASTER
SJLOGISTIC,BSE,210923.BO,S J Logistics (India),S J Logistics (India)|S J Logistics (India) Limited|SJLOGISTIC,,INE0F3301020,210923,IIFL_SCRIPMASTER
SVGLOBAL,BSE,535621.BO,S V Global Mill,S V Global Mill|S V Global Mill Limited|SVGLOBAL,,INE159L01013,535621,IIFL_SCRIPMASTER
SMGOLD,BSE,542034.BO,S. M. Gold,S. M. Gold|S. M. Gold Limited|SMGOLD,,INE00Q901014,542034,IIFL_SCRIPMASTER
SVJ,BSE,543799.BO,S. V. J. Enterprises,S. V. J. Enterprises|S. V. J. Enterprises Limited|SVJ,,INE0JZS01010,543799,IIFL_SCRIPMASTER
SJS,BSE,543387.BO,S.J.S. Enterprises,S.J.S. Enterprises|S.J.S. Enterprises Limited|SJS,,INE284S01014,543387,IIFL_SCRIPMASTER
SPAL,BSE,540048.BO,S.P. Apparels,S.P. Apparels|S.P. Apparels Limited|SPAL,,INE212I01016,540048,IIFL_SCRIPMASTER
SBICARD,BSE,543066.BO,SBI Cards and Payment Services,SBI Cards and Payment Services|SBICARD,,INE018E01016,543066,IIFL_SCRIPMASTER
SBILIFE,BSE,540719.BO,SBI Life Insurance Company Lim,SBI Life Insurance Company Lim|SBILIFE,,INE123W01016,540719,IIFL_SCRIPMASTER
SAAKSHI,BSE,210658.BO,Saakshi Medtec N Panels L,SAAKSHI|Saakshi Medtec N Panels L,,INE0PSK01027,210658,IIFL_SCRIPMASTER
SAATVIKGL,BSE,544526.BO,Saatvik Green Energy,SAATVIKGL|Saatvik Green Energy|Saatvik Green Energy Limited,,INE13B501022,544526,IIFL_SCRIPMASTER
SAB,BSE,539112.BO,Sab Industries,SAB|Sab Industries|Sab Industries Limited,,INE137M01017,539112,IIFL_SCRIPMASTER
SABAR,BSE,209113.BO,Sabar Flex India,SABAR|Sabar Flex India|Sabar Flex India Limited,,INE0DZ101013,209113,IIFL_SCRIPMASTER
SABOOSOD,BSE,530461.BO,Saboo Sodium Chloro,SABOOSOD|Saboo Sodium Chloro|Saboo Sodium Chloro Limited,,INE440C01016,530461,IIFL_SCRIPMASTER
SIIL,BSE,540132.BO,Sabrimala Industries India Lim,SIIL|Sabrimala Industries India Lim,,INE400R01018,540132,IIFL_SCRIPMASTER
SACHEEROME,BSE,213425.BO,Sacheerome,SACHEEROME|Sacheerome|Sacheerome Limited,,INE1ARD01016,213425,IIFL_SCRIPMASTER
SACHEMT,BSE,531869.BO,Sacheta Metals,SACHEMT|Sacheta Metals|Sacheta Metals Limited,,INE433G01020,531869,IIFL_SCRIPMASTER
SADBHIN,BSE,539346.BO,Sadbhav Infrastructure Project,SADBHIN|Sadbhav Infrastructure Project,,INE764L01010,539346,IIFL_SCRIPMASTER
SADHAV,BSE,211205.BO,Sadhav Shipping,SADHAV|Sadhav Shipping|Sadhav Shipping Limited,,INE0K5H01010,211205,IIFL_SCRIPMASTER
SSTL,BSE,543461.BO,Safa Systems & Technologies Li,SSTL|Safa Systems & Technologies Li,,INE0JNA01014,543461,IIFL_SCRIPMASTER
SAFARI,BSE,523025.BO,Safari Industries (India),SAFARI|Safari Industries (India)|Safari Industries (India) Limited,,INE429E01023,523025,IIFL_SCRIPMASTER
SAFEENTP,BSE,213456.BO,Safe Enter Retail Fix,SAFEENTP|Safe Enter Retail Fix|Safe Enter Retail Fix Limited,,INE17D601016,213456,IIFL_SCRIPMASTER
SAFECURE,BSE,544596.BO,Safecure Services,SAFECURE|Safecure Services|Safecure Services Limited,,INE0SVZ01015,544596,IIFL_SCRIPMASTER
SCDL,BSE,544746.BO,Safety Controls & Devices Limi,SCDL|Safety Controls & Devices Limi,,INE0UMH01018,544746,IIFL_SCRIPMASTER
SAFFRON,BSE,531436.BO,Saffron Industries,SAFFRON|Saffron Industries|Saffron Industries Limited,,INE474D01013,531436,IIFL_SCRIPMASTER
SAGCEM,BSE,502090.BO,Sagar Cements,SAGCEM|Sagar Cements|Sagar Cements Limited,,INE229C01021,502090,IIFL_SCRIPMASTER
SAGARDEEP,BSE,204170.BO,Sagardeep Alloys,SAGARDEEP|Sagardeep Alloys|Sagardeep Alloys Limited,,INE976T01013,204170,IIFL_SCRIPMASTER
SAGARSOFT,BSE,540143.BO,Sagarsoft (India),SAGARSOFT|Sagarsoft (India)|Sagarsoft (India) Limited,,INE184B01012,540143,IIFL_SCRIPMASTER
SAGILITY,BSE,544282.BO,Sagility,SAGILITY|Sagility|Sagility Limited,,INE0W2G01015,544282,IIFL_SCRIPMASTER
SAHAJ,BSE,210582.BO,Sahaj Fashions,SAHAJ|Sahaj Fashions|Sahaj Fashions Limited,,INE013901017,210582,IIFL_SCRIPMASTER
SAHAJSOLAR,BSE,211764.BO,Sahaj Solar,SAHAJSOLAR|Sahaj Solar|Sahaj Solar Limited,,INE0P4701011,211764,IIFL_SCRIPMASTER
SAHANA,BSE,210398.BO,Sahana System,SAHANA|Sahana System|Sahana System Limited,,INE0LEX01011,210398,IIFL_SCRIPMASTER
SAHARAHOUS,BSE,511533.BO,Sahara Housingfina,SAHARAHOUS|Sahara Housingfina|Sahara Housingfina Corporation,,INE135C01012,511533,IIFL_SCRIPMASTER
SMARITIME,BSE,544056.BO,Sahara Maritime,SMARITIME|Sahara Maritime|Sahara Maritime Limited,,INE0PSJ01011,544056,IIFL_SCRIPMASTER
SAHASRA,BSE,212058.BO,Sahasra Electronic Solu L,SAHASRA|Sahasra Electronic Solu L,,INE0RBQ01018,212058,IIFL_SCRIPMASTER
SAHYADRI,BSE,532841.BO,Sahyadri Industries,SAHYADRI|Sahyadri Industries|Sahyadri Industries Limited,,INE280H01015,532841,IIFL_SCRIPMASTER
SAICAPI,BSE,531931.BO,Sai Capital,SAICAPI|Sai Capital|Sai Capital Limited,,INE531X01018,531931,IIFL_SCRIPMASTER
SAILIFE,BSE,544306.BO,Sai Life Sciences,SAILIFE|Sai Life Sciences|Sai Life Sciences Limited,,INE570L01029,544306,IIFL_SCRIPMASTER
SAIPARENT,BSE,544742.BO,Sai Parenterals,SAIPARENT|Sai Parenterals|Sai Parenterals Limited,,INE0H9F01037,544742,IIFL_SCRIPMASTER
KALAMANDIR,BSE,543989.BO,Sai Silks (Kalamandir),KALAMANDIR|Sai Silks (Kalamandir)|Sai Silks (Kalamandir) Limited,,INE438K01021,543989,IIFL_SCRIPMASTER
SAICOM,BSE,512097.BO,Saianand Commercial,SAICOM|Saianand Commercial|Saianand Commercial Limited,,INE092G01024,512097,IIFL_SCRIPMASTER
SAILANI,BSE,543541.BO,Sailani Tours N Travels Limite,SAILANI|Sailani Tours N Travels Limite,,INE0KHQ01010,543541,IIFL_SCRIPMASTER
SAINIK,BSE,530265.BO,Sainik Finance & Industries Lt,SAINIK|Sainik Finance & Industries Lt,,INE584B01013,530265,IIFL_SCRIPMASTER
SEKURITIND,BSE,515043.BO,Saint-Gobain Sekurit India,SEKURITIND|Saint-Gobain Sekurit India|Saint-Gobain Sekurit India Limited,,INE068B01017,515043,IIFL_SCRIPMASTER
SAJHOTELS,BSE,212075.BO,Saj Hotels,SAJHOTELS|Saj Hotels|Saj Hotels Limited,,INE00MT01022,212075,IIFL_SCRIPMASTER
SAKAR,BSE,200519.BO,Sakar Healthcare,SAKAR|Sakar Healthcare|Sakar Healthcare Limited,,INE732S01012,200519,IIFL_SCRIPMASTER
SAKSOFT,BSE,590051.BO,Saksoft,SAKSOFT|Saksoft|Saksoft Limited,,INE667G01023,590051,IIFL_SCRIPMASTER
SAKTHIFIN,BSE,511066.BO,Sakthi Finance,SAKTHIFIN|Sakthi Finance|Sakthi Finance Limited,,INE302E01014,511066,IIFL_SCRIPMASTER
SAKHTISUG,BSE,507315.BO,Sakthi Sugars,SAKHTISUG|Sakthi Sugars|Sakthi Sugars Limited,,INE623A01011,507315,IIFL_SCRIPMASTER
SALAUTO,BSE,539353.BO,Sal Automotive,SALAUTO|Sal Automotive|Sal Automotive Limited,,INE724G01014,539353,IIFL_SCRIPMASTER
SECL,BSE,210309.BO,Salasar Exterior Cont,SECL|Salasar Exterior Cont|Salasar Exterior Cont Limited,,INE00Y701026,210309,IIFL_SCRIPMASTER
SALASAR,BSE,540642.BO,Salasar Techno Engineering Lim,SALASAR|Salasar Techno Engineering Lim,,INE170V01027,540642,IIFL_SCRIPMASTER
SALEM,BSE,540181.BO,Salem Erode Investments,SALEM|Salem Erode Investments|Salem Erode Investments Limited,,INE894E01028,540181,IIFL_SCRIPMASTER
SALGUTI,BSE,526554.BO,Salguti Industries,SALGUTI|Salguti Industries|Salguti Industries Limited,,INE159C01012,526554,IIFL_SCRIPMASTER
SALONA,BSE,590056.BO,Salona Cotspin,SALONA|Salona Cotspin|Salona Cotspin Limited,,INE498E01010,590056,IIFL_SCRIPMASTER
SALORAINTL,BSE,500370.BO,Salora International,SALORAINTL|Salora International|Salora International Limited,,INE924A01013,500370,IIFL_SCRIPMASTER
SALZERELEC,BSE,517059.BO,Salzer Electronics,SALZERELEC|Salzer Electronics|Salzer Electronics Limited,,INE457F01013,517059,IIFL_SCRIPMASTER
SAMINDUS,BSE,532005.BO,Sam Industries,SAMINDUS|Sam Industries|Sam Industries Limited,,INE653D01012,532005,IIFL_SCRIPMASTER
SAMAY,BSE,213445.BO,Samay Project Services L,SAMAY|Samay Project Services L,,INE124101010,213445,IIFL_SCRIPMASTER
SAMBANDAM,BSE,521240.BO,Sambandam Spinning Mills,SAMBANDAM|Sambandam Spinning Mills|Sambandam Spinning Mills Limited,,INE304D01012,521240,IIFL_SCRIPMASTER
SAMBHAAV,BSE,511630.BO,Sambhaav Media,SAMBHAAV|Sambhaav Media|Sambhaav Media Limited,,INE699B01027,511630,IIFL_SCRIPMASTER
SAMBHV,BSE,544430.BO,Sambhv Steel Tubes,SAMBHV|Sambhv Steel Tubes|Sambhv Steel Tubes Limited,,INE12NJ01018,544430,IIFL_SCRIPMASTER
SAIFL,BSE,210971.BO,Sameera Agro and Infra L,SAIFL|Sameera Agro and Infra L,,INE0PZA01015,210971,IIFL_SCRIPMASTER
SAMHI,BSE,543984.BO,Samhi Hotels,SAMHI|Samhi Hotels|Samhi Hotels Limited,,INE08U801020,543984,IIFL_SCRIPMASTER
SAMKRG,BSE,520075.BO,Samkrg Pistons & Rings,SAMKRG|Samkrg Pistons & Rings|Samkrg Pistons & Rings Limited,,INE706B01012,520075,IIFL_SCRIPMASTER
SAMMAANCAP,BSE,535789.BO,Sammaan Capital,SAMMAANCAP|Sammaan Capital|Sammaan Capital Limited,,INE148I01020,535789,IIFL_SCRIPMASTER
SAMOR,BSE,543376.BO,Samor Reality,SAMOR|Samor Reality|Samor Reality Limited,,INE0GD201014,543376,IIFL_SCRIPMASTER
SAMPANN,BSE,534598.BO,Sampann Utpadan India,SAMPANN|Sampann Utpadan India|Sampann Utpadan India Limited,,INE735M01018,534598,IIFL_SCRIPMASTER
SAMPAT,BSE,544520.BO,Sampat Aluminium,SAMPAT|Sampat Aluminium|Sampat Aluminium Limited,,INE10XS01012,544520,IIFL_SCRIPMASTER
SAMPRE,BSE,530617.BO,Sampre Nutritions,SAMPRE|Sampre Nutritions|Sampre Nutritions Limited,,INE375C01022,530617,IIFL_SCRIPMASTER
SAMRATFORG,BSE,543229.BO,Samrat Forgings,SAMRATFORG|Samrat Forgings|Samrat Forgings Limited,,INE412J01010,543229,IIFL_SCRIPMASTER
SAMRATPH,BSE,530125.BO,Samrat Pharmachem,SAMRATPH|Samrat Pharmachem|Samrat Pharmachem Limited,,INE103E01016,530125,IIFL_SCRIPMASTER
SAMSRITA,BSE,539267.BO,Samsrita Labs,SAMSRITA|Samsrita Labs|Samsrita Labs Limited,,INE579N01018,539267,IIFL_SCRIPMASTER
SAMTEX,BSE,521206.BO,Samtex Fashions,SAMTEX|Samtex Fashions|Samtex Fashions Limited,,INE931D01020,521206,IIFL_SCRIPMASTER
MOTHERSON,BSE,517334.BO,Samvardhana Motherson Internat,MOTHERSON|Samvardhana Motherson Internat,,INE775A01035,517334,IIFL_SCRIPMASTER
SAMYAKINT,BSE,530025.BO,Samyak International,SAMYAKINT|Samyak International|Samyak International Limited,,INE607G01011,530025,IIFL_SCRIPMASTER
SANATHAN,BSE,544314.BO,Sanathan Textiles,SANATHAN|Sanathan Textiles|Sanathan Textiles Limited,,INE0JPD01013,544314,IIFL_SCRIPMASTER
SEL,BSE,509423.BO,Sanathnagar Enterprises Limite,SEL|Sanathnagar Enterprises Limite,,INE367E01033,509423,IIFL_SCRIPMASTER
SANCO,BSE,203706.BO,Sanco Industries,SANCO|Sanco Industries|Sanco Industries Limited,,INE782L01012,203706,IIFL_SCRIPMASTER
SANCTRN,BSE,523116.BO,Sanco Trans,SANCTRN|Sanco Trans|Sanco Trans Limited,,INE391G01012,523116,IIFL_SCRIPMASTER
SANDESH,BSE,526725.BO,Sandesh,SANDESH|Sandesh|Sandesh Limited,,INE583B01015,526725,IIFL_SCRIPMASTER
SANDHAR,BSE,541163.BO,Sandhar Technologies,SANDHAR|Sandhar Technologies|Sandhar Technologies Limited,,INE278H01035,541163,IIFL_SCRIPMASTER
SANDUPHQ,BSE,524703.BO,Sandu Pharmaceuticals,SANDUPHQ|Sandu Pharmaceuticals|Sandu Pharmaceuticals Limited,,INE751D01014,524703,IIFL_SCRIPMASTER
SANDUMA,BSE,504918.BO,Sandur Manganese & Iron Ores L,SANDUMA|Sandur Manganese & Iron Ores L,,INE149K01016,504918,IIFL_SCRIPMASTER
SANPA,BSE,516096.BO,Sangal Papers,SANPA|Sangal Papers|Sangal Papers Limited,,INE384D01022,516096,IIFL_SCRIPMASTER
SANGAMIND,BSE,514234.BO,Sangam (India),SANGAMIND|Sangam (India)|Sangam (India) Limited,,INE495C01010,514234,IIFL_SCRIPMASTER
SANGAMFIN,BSE,538714.BO,Sangam Finserv,SANGAMFIN|Sangam Finserv|Sangam Finserv Limited,,INE475D01010,538714,IIFL_SCRIPMASTER
SANGANI,BSE,210545.BO,Sangani Hospitals,SANGANI|Sangani Hospitals|Sangani Hospitals Limited,,INE0OVI01010,210545,IIFL_SCRIPMASTER
SANGHVIMOV,BSE,530073.BO,Sanghvi Movers,SANGHVIMOV|Sanghvi Movers|Sanghvi Movers Limited,,INE989A01032,530073,IIFL_SCRIPMASTER
SANGINITA,BSE,205222.BO,Sanginita Chemicals,SANGINITA|Sanginita Chemicals|Sanginita Chemicals Limited,,INE753W01010,205222,IIFL_SCRIPMASTER
SANJIVIN,BSE,531569.BO,Sanjivani Paranteral,SANJIVIN|Sanjivani Paranteral|Sanjivani Paranteral Limited,,INE860D01013,531569,IIFL_SCRIPMASTER
SANOFICONR,BSE,544250.BO,Sanofi Consumer Healthcare Ind,SANOFICONR|Sanofi Consumer Healthcare Ind,,INE0UOS01011,544250,IIFL_SCRIPMASTER
SANOFI,BSE,500674.BO,Sanofi India,SANOFI|Sanofi India|Sanofi India Limited,,INE058A01010,500674,IIFL_SCRIPMASTER
SANTETX,BSE,514280.BO,Sanrhea Technical Textiles,SANTETX|Sanrhea Technical Textiles|Sanrhea Technical Textiles Limited,,INE589J01015,514280,IIFL_SCRIPMASTER
SANSERA,BSE,543358.BO,Sansera Engineering,SANSERA|Sansera Engineering|Sansera Engineering Limited,,INE953O01021,543358,IIFL_SCRIPMASTER
SANSTAR,BSE,544217.BO,Sanstar,SANSTAR|Sanstar|Sanstar Limited,,INE08NE01025,544217,IIFL_SCRIPMASTER
SAPPHIRE,BSE,543397.BO,Sapphire Foods India,SAPPHIRE|Sapphire Foods India|Sapphire Foods India Limited,,INE806T01020,543397,IIFL_SCRIPMASTER
SPTRSHI,BSE,519238.BO,Saptarishi Agro Industries,SPTRSHI|Saptarishi Agro Industries|Saptarishi Agro Industries Limited,,INE233P01017,519238,IIFL_SCRIPMASTER
SAPL,BSE,538992.BO,Sar Auto Products,SAPL|Sar Auto Products|Sar Auto Products Limited,,INE002E01010,538992,IIFL_SCRIPMASTER
SARTELE,BSE,210788.BO,Sar Televenture,SARTELE|Sar Televenture|Sar Televenture Limited,,INE0PUC01020,210788,IIFL_SCRIPMASTER
ZSARACOM,BSE,512020.BO,Saraswati Commercial (India) L,Saraswati Commercial (India) L|ZSARACOM,,INE967G01019,512020,IIFL_SCRIPMASTER
SSDL,BSE,544230.BO,Saraswati Saree Depot,SSDL|Saraswati Saree Depot|Saraswati Saree Depot Limited,,INE0PQ101010,544230,IIFL_SCRIPMASTER
SARDAEN,BSE,504614.BO,Sarda Energy & Minerals,SARDAEN|Sarda Energy & Minerals|Sarda Energy & Minerals Limited,,INE385C01021,504614,IIFL_SCRIPMASTER
SAREGAMA,BSE,532163.BO,Saregama India,SAREGAMA|Saregama India|Saregama India Limited,,INE979A01025,532163,IIFL_SCRIPMASTER
SARLAPOLY,BSE,526885.BO,Sarla Performance Fibers,SARLAPOLY|Sarla Performance Fibers|Sarla Performance Fibers Limited,,INE453D01025,526885,IIFL_SCRIPMASTER
SAROJA,BSE,210600.BO,Saroja Pharma Indus Ind L,SAROJA|Saroja Pharma Indus Ind L,,INE0PCL01011,210600,IIFL_SCRIPMASTER
SARTHAKIND,BSE,531930.BO,Sarthak Industries,SARTHAKIND|Sarthak Industries|Sarthak Industries Limited,,INE074H01012,531930,IIFL_SCRIPMASTER
SMLT,BSE,540393.BO,Sarthak Metals,SMLT|Sarthak Metals|Sarthak Metals Limited,,INE017W01010,540393,IIFL_SCRIPMASTER
SASKEN,BSE,532663.BO,Sasken Technologies,SASKEN|Sasken Technologies|Sasken Technologies Limited,,INE231F01020,532663,IIFL_SCRIPMASTER
SATKARTAR,BSE,212393.BO,Sat Kartar Life,SATKARTAR|Sat Kartar Life|Sat Kartar Life Limited,,INE0NB801022,212393,IIFL_SCRIPMASTER
SSEGL,BSE,211833.BO,Sathlokhar Syn E&C Glob L,SSEGL|Sathlokhar Syn E&C Glob L,,INE0RFP01011,211833,IIFL_SCRIPMASTER
SATIPOLY,BSE,211774.BO,Sati Poly Plast,SATIPOLY|Sati Poly Plast|Sati Poly Plast Limited,,INE0RPM01017,211774,IIFL_SCRIPMASTER
SATIA,BSE,539201.BO,Satia Industries,SATIA|Satia Industries|Satia Industries Limited,,INE170E01023,539201,IIFL_SCRIPMASTER
SATIN,BSE,539404.BO,Satin Creditcare Network Limit,SATIN|Satin Creditcare Network Limit,,INE836B01017,539404,IIFL_SCRIPMASTER
SATTVAENGG,BSE,213705.BO,Sattva Engineering Cstn L,SATTVAENGG|Sattva Engineering Cstn L,,INE14DW01018,213705,IIFL_SCRIPMASTER
SATTVASUKU,BSE,539519.BO,Sattva Sukun Lifecare,SATTVASUKU|Sattva Sukun Lifecare|Sattva Sukun Lifecare Limited,,INE280E01038,539519,IIFL_SCRIPMASTER
SAUMYA,BSE,539218.BO,Saumya Consultants,SAUMYA|Saumya Consultants|Saumya Consultants Limited,,INE563C01015,539218,IIFL_SCRIPMASTER
SAURASHCEM,BSE,502175.BO,Saurashtra Cement,SAURASHCEM|Saurashtra Cement|Saurashtra Cement Limited,,INE626A01014,502175,IIFL_SCRIPMASTER
7TEC,BSE,532404.BO,Saven Technologies,7TEC|Saven Technologies|Saven Technologies Limited,,INE856B01023,532404,IIFL_SCRIPMASTER
SAVERA,BSE,512634.BO,Savera Industries,SAVERA|Savera Industries|Savera Industries Limited,,INE104E01014,512634,IIFL_SCRIPMASTER
SOTL,BSE,524667.BO,Savita Oil Technologies,SOTL|Savita Oil Technologies|Savita Oil Technologies Limited,,INE035D01020,524667,IIFL_SCRIPMASTER
SAVY,BSE,213570.BO,Savy Infra and Logi,SAVY|Savy Infra and Logi|Savy Infra and Logi Limited,,INE0UCN01017,213570,IIFL_SCRIPMASTER
SAWACA,BSE,531893.BO,Sawaca Enterprises,SAWACA|Sawaca Enterprises|Sawaca Enterprises Limited,,INE248B01023,531893,IIFL_SCRIPMASTER
SAWALIYA,BSE,213642.BO,Sawaliya Food Products L,SAWALIYA|Sawaliya Food Products L,,INE10VS01016,213642,IIFL_SCRIPMASTER
SAYAJIHOTL,BSE,523710.BO,Sayaji Hotels,SAYAJIHOTL|Sayaji Hotels|Sayaji Hotels Limited,,INE318C01014,523710,IIFL_SCRIPMASTER
SHILINDORE,BSE,544080.BO,Sayaji Hotels (Indore),SHILINDORE|Sayaji Hotels (Indore)|Sayaji Hotels (Indore) Limited,,INE0MGS01014,544080,IIFL_SCRIPMASTER
SHPLPUNE,BSE,544090.BO,Sayaji Hotels (Pune),SHPLPUNE|Sayaji Hotels (Pune)|Sayaji Hotels (Pune) Limited,,INE07G501017,544090,IIFL_SCRIPMASTER
SAYAJIIND,BSE,540728.BO,Sayaji Industries,SAYAJIIND|Sayaji Industries|Sayaji Industries Limited,,INE327G01032,540728,IIFL_SCRIPMASTER
SBC,BSE,542725.BO,Sbc Exports,SBC|Sbc Exports|Sbc Exports Limited,,INE04AK01028,542725,IIFL_SCRIPMASTER
SBECSUG,BSE,532102.BO,Sbec Sugar,SBECSUG|Sbec Sugar|Sbec Sugar Limited,,INE948G01019,532102,IIFL_SCRIPMASTER
SBECSYS,BSE,517360.BO,Sbec Systems (India),SBECSYS|Sbec Systems (India)|Sbec Systems (India) Limited,,INE689V01018,517360,IIFL_SCRIPMASTER
SBFC,BSE,543959.BO,Sbfc Finance,SBFC|Sbfc Finance|Sbfc Finance Limited,,INE423Y01016,543959,IIFL_SCRIPMASTER
SCAGRO,BSE,526081.BO,Sc Agrotech,SCAGRO|Sc Agrotech|Sc Agrotech Limited,,INE895E01017,526081,IIFL_SCRIPMASTER
SCANSTL,BSE,511672.BO,Scan Steels,SCANSTL|Scan Steels|Scan Steels Limited,,INE099G01011,511672,IIFL_SCRIPMASTER
SCARNOSE,BSE,543537.BO,Scarnose International,SCARNOSE|Scarnose International|Scarnose International Limited,,INE0IXR01019,543537,IIFL_SCRIPMASTER
SCHAEFFLER,BSE,505790.BO,Schaeffler India,SCHAEFFLER|Schaeffler India|Schaeffler India Limited,,INE513A01022,505790,IIFL_SCRIPMASTER
SCHNEIDER,BSE,534139.BO,Schneider Electric Infrastruct,SCHNEIDER|Schneider Electric Infrastruct,,INE839M01018,534139,IIFL_SCRIPMASTER
SCODATUBES,BSE,544411.BO,Scoda Tubes,SCODATUBES|Scoda Tubes|Scoda Tubes Limited,,INE090501011,544411,IIFL_SCRIPMASTER
SCOOBEEDAY,BSE,531234.BO,Scoobee Day Garments (India) L,SCOOBEEDAY|Scoobee Day Garments (India) L,,INE962E01015,531234,IIFL_SCRIPMASTER
SEATV,BSE,533268.BO,Sea Tv Network,SEATV|Sea Tv Network|Sea Tv Network Limited,,INE351L01016,533268,IIFL_SCRIPMASTER
SEALMATIC,BSE,543782.BO,Sealmatic India,SEALMATIC|Sealmatic India|Sealmatic India Limited,,INE0O4601016,543782,IIFL_SCRIPMASTER
SEAMECLTD,BSE,526807.BO,Seamec,SEAMECLTD|Seamec|Seamec Limited,,INE497B01018,526807,IIFL_SCRIPMASTER
SEASONST,BSE,514264.BO,Seasons Textiles,SEASONST|Seasons Textiles|Seasons Textiles Limited,,INE707B01010,514264,IIFL_SCRIPMASTER
SECMARK,BSE,543234.BO,Secmark Consultancy,SECMARK|Secmark Consultancy|Secmark Consultancy Limited,,INE0BTM01013,543234,IIFL_SCRIPMASTER
SECURKLOUD,BSE,512161.BO,Securekloud Technologies Limit,SECURKLOUD|Securekloud Technologies Limit,,INE650K01021,512161,IIFL_SCRIPMASTER
SEDEMAC,BSE,544723.BO,Sedemac Mechatronics,SEDEMAC|Sedemac Mechatronics|Sedemac Mechatronics Limited,,INE00XB01019,544723,IIFL_SCRIPMASTER
SELMC,BSE,532886.BO,Sel Manufacturing Company,SELMC|Sel Manufacturing Company|Sel Manufacturing Company Limited,,INE105I01020,532886,IIFL_SCRIPMASTER
SELLOWRAP,BSE,213580.BO,Sellowrap Industries,SELLOWRAP|Sellowrap Industries|Sellowrap Industries Limited,,INE0IJF01013,213580,IIFL_SCRIPMASTER
SELLWIN,BSE,538875.BO,Sellwin Traders,SELLWIN|Sellwin Traders|Sellwin Traders Limited,,INE195F01027,538875,IIFL_SCRIPMASTER
SENCO,BSE,543936.BO,Senco Gold,SENCO|Senco Gold|Senco Gold Limited,,INE602W01027,543936,IIFL_SCRIPMASTER
SENORES,BSE,544319.BO,Senores Pharmaceuticals Limite,SENORES|Senores Pharmaceuticals Limite,,INE0RB801010,544319,IIFL_SCRIPMASTER
SENSEX,BSE,999901.BO,Sensex,SENSEX|Sensex,,SENSEX,999901,IIFL_SCRIPMASTER
SEPC,BSE,532945.BO,Sepc,SEPC|Sepc|Sepc Limited,,INE964H01014,532945,IIFL_SCRIPMASTER
SERA,BSE,512399.BO,Sera Investments & Finance Ind,SERA|Sera Investments & Finance Ind,,INE017I01027,512399,IIFL_SCRIPMASTER
SERVICE,BSE,210498.BO,Service Care,SERVICE|Service Care|Service Care Limited,,INE0P1Q01015,210498,IIFL_SCRIPMASTER
SERVOTECH,BSE,210510.BO,Servotech Ren Pow Sys,SERVOTECH|Servotech Ren Pow Sys|Servotech Ren Pow Sys Limited,,INE782X01033,210510,IIFL_SCRIPMASTER
STYL,BSE,544533.BO,Seshaasai Technologies,STYL|Seshaasai Technologies|Seshaasai Technologies Limited,,INE04VU01023,544533,IIFL_SCRIPMASTER
SESHAPAPER,BSE,502450.BO,Seshasayee Paper & Boards,SESHAPAPER|Seshasayee Paper & Boards|Seshasayee Paper & Boards Limited,,INE630A01024,502450,IIFL_SCRIPMASTER
SGFIN,BSE,539199.BO,Sg Finserve,SGFIN|Sg Finserve|Sg Finserve Limited,,INE618R01015,539199,IIFL_SCRIPMASTER
SGMART,BSE,512329.BO,Sg Mart,SGMART|Sg Mart|Sg Mart Limited,,INE385F01024,512329,IIFL_SCRIPMASTER
SGNTE,BSE,531812.BO,Sgn Telecoms,SGNTE|Sgn Telecoms|Sgn Telecoms Limited,,INE266C01023,531812,IIFL_SCRIPMASTER
SHADOWFAX,BSE,544685.BO,Shadowfax Technologies,SHADOWFAX|Shadowfax Technologies|Shadowfax Technologies Limited,,INE12UN01015,544685,IIFL_SCRIPMASTER
SHAHALLOYS,BSE,513436.BO,Shah Alloys,SHAHALLOYS|Shah Alloys|Shah Alloys Limited,,INE640C01011,513436,IIFL_SCRIPMASTER
SHAHCON,BSE,509870.BO,Shah Construction Co.,SHAHCON|Shah Construction Co.|Shah Construction Co.Limited,,INE02C301011,509870,IIFL_SCRIPMASTER
SHAH,BSE,533275.BO,Shah Metacorp,SHAH|Shah Metacorp|Shah Metacorp Limited,,INE482J01021,533275,IIFL_SCRIPMASTER
SHAHISHIP,BSE,526508.BO,Shahi Shipping,SHAHISHIP|Shahi Shipping|Shahi Shipping Limited,,INE825D01016,526508,IIFL_SCRIPMASTER
SHAHLON,BSE,542862.BO,Shahlon Silk Industries Limite,SHAHLON|Shahlon Silk Industries Limite,,INE052001026,542862,IIFL_SCRIPMASTER
SHAILY,BSE,501423.BO,Shaily Engineering Plastics Lt,SHAILY|Shaily Engineering Plastics Lt,,INE151G01028,501423,IIFL_SCRIPMASTER
SHAIVAL,BSE,204337.BO,Shaival Reality,SHAIVAL|Shaival Reality|Shaival Reality Limited,,INE262S01010,204337,IIFL_SCRIPMASTER
SHAKTIPUMP,BSE,531431.BO,Shakti Pumps (India),SHAKTIPUMP|Shakti Pumps (India)|Shakti Pumps (India) Limited,,INE908D01010,531431,IIFL_SCRIPMASTER
SHALBY,BSE,540797.BO,Shalby,SHALBY|Shalby|Shalby Limited,,INE597J01018,540797,IIFL_SCRIPMASTER
SAHLIBHFI,BSE,511754.BO,Shalibhadra Finance,SAHLIBHFI|Shalibhadra Finance|Shalibhadra Finance Limited,,INE861D01011,511754,IIFL_SCRIPMASTER
SHALPAINTS,BSE,509874.BO,Shalimar Paints,SHALPAINTS|Shalimar Paints|Shalimar Paints Limited,,INE849C01026,509874,IIFL_SCRIPMASTER
SHALPRO,BSE,512499.BO,Shalimar Productions,SHALPRO|Shalimar Productions|Shalimar Productions Limited,,INE435E01020,512499,IIFL_SCRIPMASTER
SHALIWIR,BSE,532455.BO,Shalimar Wires Industries,SHALIWIR|Shalimar Wires Industries|Shalimar Wires Industries Limited,,INE655D01025,532455,IIFL_SCRIPMASTER
SHANGAR,BSE,540259.BO,Shangar Decor,SHANGAR|Shangar Decor|Shangar Decor Limited,,INE118R01032,540259,IIFL_SCRIPMASTER
SRD,BSE,542232.BO,Shankar Lal Rampal Dye-Chem Li,SRD|Shankar Lal Rampal Dye-Chem Li,,INE01NE01012,542232,IIFL_SCRIPMASTER
BUILDPRO,BSE,544517.BO,Shankara Buildpro,BUILDPRO|Shankara Buildpro|Shankara Buildpro Limited,,INE24OJ01011,544517,IIFL_SCRIPMASTER
SHANMUGA,BSE,544365.BO,Shanmuga Hospital,SHANMUGA|Shanmuga Hospital|Shanmuga Hospital Limited,,INE0TD301017,544365,IIFL_SCRIPMASTER
SHAQUAK,BSE,531925.BO,Shantanu Sheorey Aquakult,SHAQUAK|Shantanu Sheorey Aquakult|Shantanu Sheorey Aquakult Limited,,INE545N01019,531925,IIFL_SCRIPMASTER
SHANTHALA,BSE,210775.BO,Shanthala Fmcg Products L,SHANTHALA|Shanthala Fmcg Products L,,INE0Q9Q01017,210775,IIFL_SCRIPMASTER
SHANTIGEAR,BSE,522034.BO,Shanthi Gears,SHANTIGEAR|Shanthi Gears|Shanthi Gears Limited,,INE631A01022,522034,IIFL_SCRIPMASTER
SEIL,BSE,539921.BO,Shanti Educational Initiatives,SEIL|Shanti Educational Initiatives,,INE440T01028,539921,IIFL_SCRIPMASTER
SHANTIGOLD,BSE,544459.BO,Shanti Gold International Limi,SHANTIGOLD|Shanti Gold International Limi,,INE06ZD01017,544459,IIFL_SCRIPMASTER
SHANTIGURU,BSE,534708.BO,Shanti Guru Industries,SHANTIGURU|Shanti Guru Industries|Shanti Guru Industries Limited,,INE892L01019,534708,IIFL_SCRIPMASTER
SHANTI,BSE,206158.BO,Shanti Overseas India,SHANTI|Shanti Overseas India|Shanti Overseas India Limited,,INE933X01016,206158,IIFL_SCRIPMASTER
SHANTIDENM,BSE,544059.BO,Shanti Spintex,SHANTIDENM|Shanti Spintex|Shanti Spintex Limited,,INE0QZQ01019,544059,IIFL_SCRIPMASTER
SHINDL,BSE,519397.BO,Sharat Industries,SHINDL|Sharat Industries|Sharat Industries Limited,,INE220Z01013,519397,IIFL_SCRIPMASTER
SHARDACROP,BSE,538666.BO,Sharda Cropchem,SHARDACROP|Sharda Cropchem|Sharda Cropchem Limited,,INE221J01015,538666,IIFL_SCRIPMASTER
SHRDAIS,BSE,513548.BO,Sharda Ispat,SHRDAIS|Sharda Ispat|Sharda Ispat Limited,,INE385M01012,513548,IIFL_SCRIPMASTER
SHARDAMOTR,BSE,535602.BO,Sharda Motor Industries,SHARDAMOTR|Sharda Motor Industries|Sharda Motor Industries Limited,,INE597I01028,535602,IIFL_SCRIPMASTER
SHARDUL,BSE,512393.BO,Shardul Securities,SHARDUL|Shardul Securities|Shardul Securities Limited,,INE037B01020,512393,IIFL_SCRIPMASTER
SHAREINDIA,BSE,540725.BO,Share India Securities,SHAREINDIA|Share India Securities|Share India Securities Limited,,INE932X01026,540725,IIFL_SCRIPMASTER
SSL,BSE,544251.BO,Share Samadhan,SSL|Share Samadhan|Share Samadhan Limited,,INE0LY301010,544251,IIFL_SCRIPMASTER
SHARIKA,BSE,540786.BO,Sharika Enterprises,SHARIKA|Sharika Enterprises|Sharika Enterprises Limited,,INE669Y01022,540786,IIFL_SCRIPMASTER
SHARMEH,BSE,524548.BO,Sharma East India Hospitals &,SHARMEH|Sharma East India Hospitals &,,INE465H01012,524548,IIFL_SCRIPMASTER
SCML,BSE,210698.BO,Sharp Chucks N Machines L,SCML|Sharp Chucks N Machines L,,INE460Q01014,210698,IIFL_SCRIPMASTER
SHARPINV,BSE,538212.BO,Sharp Investments,SHARPINV|Sharp Investments|Sharp Investments Limited,,INE909D01026,538212,IIFL_SCRIPMASTER
SHARPLINE,BSE,543341.BO,Sharpline Broadcast,SHARPLINE|Sharpline Broadcast|Sharpline Broadcast Limited,,INE647W01014,543341,IIFL_SCRIPMASTER
SHARVAYA,BSE,544506.BO,Sharvaya Metals,SHARVAYA|Sharvaya Metals|Sharvaya Metals Limited,,INE0UJF01018,544506,IIFL_SCRIPMASTER
SHASHIJIT,BSE,540147.BO,Shashijit Infraprojects Limite,SHASHIJIT|Shashijit Infraprojects Limite,,INE700V01021,540147,IIFL_SCRIPMASTER
SFSL,BSE,543519.BO,Shashwat Furnishing Solutions,SFSL|Shashwat Furnishing Solutions,,INE0JMN01019,543519,IIFL_SCRIPMASTER
SHASUNPHAR,BSE,524552.BO,Shasun Pharmaceuticals,SHASUNPHAR|Shasun Pharmaceuticals|Shasun Pharmaceuticals Limited,,INE317A01028,524552,IIFL_SCRIPMASTER
SHAYONAENG,BSE,544686.BO,Shayona Engineering,SHAYONAENG|Shayona Engineering|Shayona Engineering Limited,,INE0UCL01011,544686,IIFL_SCRIPMASTER
SHEEL,BSE,215184.BO,Sheel Biotech,SHEEL|Sheel Biotech|Sheel Biotech Limited,,INE0YJV01017,215184,IIFL_SCRIPMASTER
SFL,BSE,540203.BO,Sheela Foam,SFL|Sheela Foam|Sheela Foam Limited,,INE916U01025,540203,IIFL_SCRIPMASTER
SHEETAL,BSE,210875.BO,Sheetal Universal,SHEETAL|Sheetal Universal|Sheetal Universal Limited,,INE04VX01019,210875,IIFL_SCRIPMASTER
SIPL,BSE,526839.BO,Shelter Infra Projects,SIPL|Shelter Infra Projects|Shelter Infra Projects Limited,,INE413C01013,526839,IIFL_SCRIPMASTER
SHELTER,BSE,543963.BO,Shelter Pharma,SHELTER|Shelter Pharma|Shelter Pharma Limited,,INE013V01011,543963,IIFL_SCRIPMASTER
SHEMAROO,BSE,538685.BO,Shemaroo Entertainment,SHEMAROO|Shemaroo Entertainment|Shemaroo Entertainment Limited,,INE363M01019,538685,IIFL_SCRIPMASTER
SHERA,BSE,209484.BO,Shera Energy,SHERA|Shera Energy|Shera Energy Limited,,INE0MM001019,209484,IIFL_SCRIPMASTER
SHERVANI,BSE,526117.BO,Shervani Industrial Syndicate,SHERVANI|Shervani Industrial Syndicate,,INE011D01013,526117,IIFL_SCRIPMASTER
SHESHAINDS,BSE,539111.BO,Sheshadri Industries,SHESHAINDS|Sheshadri Industries|Sheshadri Industries Limited,,INE193R01019,539111,IIFL_SCRIPMASTER
SHETR,BSE,526137.BO,Shetron,SHETR|Shetron|Shetron Limited,,INE278C01010,526137,IIFL_SCRIPMASTER
SHIGAN,BSE,208611.BO,Shigan Quantum Tech,SHIGAN|Shigan Quantum Tech|Shigan Quantum Tech Limited,,INE03KJ01013,208611,IIFL_SCRIPMASTER
SHILCTECH,BSE,531201.BO,Shilchar Technologies,SHILCTECH|Shilchar Technologies|Shilchar Technologies Limited,,INE024F01011,531201,IIFL_SCRIPMASTER
SHILGRAVQ,BSE,513709.BO,Shilp Gravures,SHILGRAVQ|Shilp Gravures|Shilp Gravures Limited,,INE960A01017,513709,IIFL_SCRIPMASTER
SHILPAMED,BSE,530549.BO,Shilpa Medicare,SHILPAMED|Shilpa Medicare|Shilpa Medicare Limited,,INE790G01031,530549,IIFL_SCRIPMASTER
SCI,BSE,523598.BO,Shipping of India,SCI|Shipping Corporation of India|Shipping of India,,INE109A01011,523598,IIFL_SCRIPMASTER
SCILAL,BSE,544142.BO,Shipping of India,SCILAL|Shipping Corporation of India|Shipping of India,,INE0PB301013,544142,IIFL_SCRIPMASTER
SHISHIND,BSE,540693.BO,Shish Industries,SHISHIND|Shish Industries|Shish Industries Limited,,INE145Y01023,540693,IIFL_SCRIPMASTER
SHIVAUM,BSE,206521.BO,Shiv Aum Steels,SHIVAUM|Shiv Aum Steels|Shiv Aum Steels Limited,,INE719F01016,206521,IIFL_SCRIPMASTER
SHIVACEM,BSE,532323.BO,Shiva Cement,SHIVACEM|Shiva Cement|Shiva Cement Limited,,INE555C01029,532323,IIFL_SCRIPMASTER
SHIVAAGRO,BSE,530433.BO,Shiva Global Agro Industries L,SHIVAAGRO|Shiva Global Agro Industries L,,INE960E01019,530433,IIFL_SCRIPMASTER
SHIVAEXPO,BSE,540072.BO,Shiva Granito Export,SHIVAEXPO|Shiva Granito Export|Shiva Granito Export Limited,,INE191V01015,540072,IIFL_SCRIPMASTER
SHIVATEX,BSE,511108.BO,Shiva Texyarn,SHIVATEX|Shiva Texyarn|Shiva Texyarn Limited,,INE705C01020,511108,IIFL_SCRIPMASTER
SHIVAGR,BSE,522237.BO,Shivagrico Implements,SHIVAGR|Shivagrico Implements|Shivagrico Implements Limited,,INE092H01014,522237,IIFL_SCRIPMASTER
SPCL,BSE,211716.BO,Shivalic Power Control L,SPCL|Shivalic Power Control L,,INE0T7B01010,211716,IIFL_SCRIPMASTER
SBCL,BSE,513097.BO,Shivalik Bimetal Controls,SBCL|Shivalik Bimetal Controls|Shivalik Bimetal Controls Limited,,INE386D01027,513097,IIFL_SCRIPMASTER
SHIVALIK,BSE,539148.BO,Shivalik Rasayan,SHIVALIK|Shivalik Rasayan|Shivalik Rasayan Limited,,INE788J01021,539148,IIFL_SCRIPMASTER
SHIVAM,BSE,544165.BO,Shivam Chemicals,SHIVAM|Shivam Chemicals|Shivam Chemicals Limited,,INE0SGR01013,544165,IIFL_SCRIPMASTER
SHIVASHRIT,BSE,213681.BO,Shivashrit Foods,SHIVASHRIT|Shivashrit Foods|Shivashrit Foods Limited,,INE1DLF01018,213681,IIFL_SCRIPMASTER
SHOPERSTOP,BSE,532638.BO,Shoppers Stop,SHOPERSTOP|Shoppers Stop|Shoppers Stop Limited,,INE498B01024,532638,IIFL_SCRIPMASTER
SHRADDHA,BSE,531771.BO,Shraddha Prime Projects,SHRADDHA|Shraddha Prime Projects|Shraddha Prime Projects Limited,,INE311M01018,531771,IIFL_SCRIPMASTER
SHRAAITECH,BSE,543976.BO,Shradha Ai Technologies Limite,SHRAAITECH|Shradha Ai Technologies Limite,,INE489B01031,543976,IIFL_SCRIPMASTER
SHRADHA-RE,BSE,213782.BO,Shradha Infraprojects,SHRADHA-RE|Shradha Infraprojects|Shradha Infraprojects Limited,,INE715Y20015,213782,IIFL_SCRIPMASTER
SHRADHA,BSE,212256.BO,Shradha Realty,SHRADHA|Shradha Realty|Shradha Realty Limited,,INE715Y01031,212256,IIFL_SCRIPMASTER
SAPPL,BSE,538795.BO,Shree Ajit Pulp and Paper,SAPPL|Shree Ajit Pulp and Paper|Shree Ajit Pulp and Paper Limited,,INE185C01017,538795,IIFL_SCRIPMASTER
SBFL,BSE,521131.BO,Shree Bhavya Fabrics,SBFL|Shree Bhavya Fabrics|Shree Bhavya Fabrics Limited,,INE363D01018,521131,IIFL_SCRIPMASTER
SHREECEM,BSE,500387.BO,Shree Cement,SHREECEM|Shree Cement|Shree Cement Limited,,INE070A01015,500387,IIFL_SCRIPMASTER
SHREDIGCEM,BSE,502180.BO,Shree Digvijay Cement Co.,SHREDIGCEM|Shree Digvijay Cement Co.|Shree Digvijay Cement Co.Limited,,INE232A01011,502180,IIFL_SCRIPMASTER
SHREEGANES,BSE,539470.BO,Shree Ganesh Biotech (India) L,SHREEGANES|Shree Ganesh Biotech (India) L,,INE051N01026,539470,IIFL_SCRIPMASTER
SHGANEL,BSE,530797.BO,Shree Ganesh Elastoplast,SHGANEL|Shree Ganesh Elastoplast|Shree Ganesh Elastoplast Limited,,INE400N01017,530797,IIFL_SCRIPMASTER
SGRL,BSE,540737.BO,Shree Ganesh Remedies,SGRL|Shree Ganesh Remedies|Shree Ganesh Remedies Limited,,INE414Y01015,540737,IIFL_SCRIPMASTER
SHHARICH,BSE,524336.BO,Shree Hari Chemicals Export Lt,SHHARICH|Shree Hari Chemicals Export Lt,,INE065E01017,524336,IIFL_SCRIPMASTER
SHREEKARNI,BSE,211257.BO,Shree Karni Fabcom,SHREEKARNI|Shree Karni Fabcom|Shree Karni Fabcom Limited,,INE0S4Y01010,211257,IIFL_SCRIPMASTER
SHKARTP,BSE,516106.BO,Shree Karthik Papers,SHKARTP|Shree Karthik Papers|Shree Karthik Papers Limited,,INE538D01015,516106,IIFL_SCRIPMASTER
SKPMIL,BSE,500388.BO,Shree Krishna Paper Mills & In,SKPMIL|Shree Krishna Paper Mills & In,,INE970C01012,500388,IIFL_SCRIPMASTER
SHRMFGC,BSE,503863.BO,Shree Manufacturing Co.,SHRMFGC|Shree Manufacturing Co.|Shree Manufacturing Co.Limited,,INE632A01012,503863,IIFL_SCRIPMASTER
SHREE,BSE,544083.BO,Shree Marutinandan Tubes Limit,SHREE|Shree Marutinandan Tubes Limit,,INE0QIS01011,544083,IIFL_SCRIPMASTER
SHREMETAL,BSE,531962.BO,Shree Metalloys,SHREMETAL|Shree Metalloys|Shree Metalloys Limited,,INE914B01012,531962,IIFL_SCRIPMASTER
SHREEOSFM,BSE,210924.BO,Shree Osfm E-Mobility,SHREEOSFM|Shree Osfm E-Mobility|Shree Osfm E-Mobility Limited,,INE02S501018,210924,IIFL_SCRIPMASTER
SHREEPAC,BSE,527005.BO,Shree Pacetronix,SHREEPAC|Shree Pacetronix|Shree Pacetronix Limited,,INE847D01010,527005,IIFL_SCRIPMASTER
SPSL,BSE,533110.BO,Shree Precoated Steels,SPSL|Shree Precoated Steels|Shree Precoated Steels Limited,,INE318K01025,533110,IIFL_SCRIPMASTER
SHREEPUSHK,BSE,539334.BO,Shree Pushkar Chemicals & Fert,SHREEPUSHK|Shree Pushkar Chemicals & Fert,,INE712K01011,539334,IIFL_SCRIPMASTER
SHRAJSYNQ,BSE,503837.BO,Shree Rajasthan Syntex,SHRAJSYNQ|Shree Rajasthan Syntex|Shree Rajasthan Syntex Limited,,INE796C01011,503837,IIFL_SCRIPMASTER
SRPL,BSE,210337.BO,Shree Ram Proteins,SRPL|Shree Ram Proteins|Shree Ram Proteins Limited,,INE008Z01020,210337,IIFL_SCRIPMASTER
SRTL,BSE,544716.BO,Shree Ram Twistex,SRTL|Shree Ram Twistex|Shree Ram Twistex Limited,,INE19GK01015,544716,IIFL_SCRIPMASTER
SHREERAMA,BSE,532310.BO,Shree Rama Multi-Tech,SHREERAMA|Shree Rama Multi-Tech|Shree Rama Multi-Tech Limited,,INE879A01019,532310,IIFL_SCRIPMASTER
RAMANEWS,BSE,500356.BO,Shree Rama Newsprint,RAMANEWS|Shree Rama Newsprint|Shree Rama Newsprint Limited,,INE278B01020,500356,IIFL_SCRIPMASTER
SHREEREF,BSE,544458.BO,Shree Refrigerations,SHREEREF|Shree Refrigerations|Shree Refrigerations Limited,,INE0FMZ01045,544458,IIFL_SCRIPMASTER
RENUKA,BSE,532670.BO,Shree Renuka Sugars,RENUKA|Shree Renuka Sugars|Shree Renuka Sugars Limited,,INE087H01022,532670,IIFL_SCRIPMASTER
SSWRL,BSE,513488.BO,Shree Steel Wire Ropes,SSWRL|Shree Steel Wire Ropes|Shree Steel Wire Ropes Limited,,INE387D01025,513488,IIFL_SCRIPMASTER
TIRUPATI,BSE,203793.BO,Shree Tirupati Balajee,Shree Tirupati Balajee|TIRUPATI,,INE238Y01018,203793,IIFL_SCRIPMASTER
BALAJEE,BSE,544249.BO,Shree Tirupati Balajee Agro Tr,BALAJEE|Shree Tirupati Balajee Agro Tr,,INE0S2G01011,544249,IIFL_SCRIPMASTER
SVLL,BSE,202807.BO,Shree Vasu Logistics,SVLL|Shree Vasu Logistics|Shree Vasu Logistics Limited,,INE00CE01017,202807,IIFL_SCRIPMASTER
SHETHJI,BSE,215284.BO,Shreeji Global Fmcg,SHETHJI|Shreeji Global Fmcg|Shreeji Global Fmcg Limited,,INE1FL101016,215284,IIFL_SCRIPMASTER
SHREEJISPG,BSE,544490.BO,Shreeji Shipping Global Limite,SHREEJISPG|Shreeji Shipping Global Limite,,INE1B6101010,544490,IIFL_SCRIPMASTER
STL,BSE,540738.BO,Shreeji Translogistics,STL|Shreeji Translogistics|Shreeji Translogistics Limited,,INE402Y01028,540738,IIFL_SCRIPMASTER
SHREENATH,BSE,544372.BO,Shreenath Paper Products Limit,SHREENATH|Shreenath Paper Products Limit,,INE0RXS01018,544372,IIFL_SCRIPMASTER
OSWALSEEDS,BSE,210546.BO,Shreeoswal S and Che,OSWALSEEDS|Shreeoswal S and Che|Shreeoswal S and Che Limited,,INE00IK01029,210546,IIFL_SCRIPMASTER
SHREESHAY,BSE,541112.BO,Shreeshay Engineers,SHREESHAY|Shreeshay Engineers|Shreeshay Engineers Limited,,INE452Z01012,541112,IIFL_SCRIPMASTER
SHVFL,BSE,532007.BO,Shreevatsaa Finance & Leasing,SHVFL|Shreevatsaa Finance & Leasing,,INE981C01019,532007,IIFL_SCRIPMASTER
SHRENIK,BSE,207416.BO,Shrenik,SHRENIK|Shrenik|Shrenik Limited,,INE632X01030,207416,IIFL_SCRIPMASTER
SHREYANIND,BSE,516016.BO,Shreyans Industries,SHREYANIND|Shreyans Industries|Shreyans Industries Limited,,INE231C01019,516016,IIFL_SCRIPMASTER
SHREYASI,BSE,526335.BO,Shreyas Intermediates,SHREYASI|Shreyas Intermediates|Shreyas Intermediates Limited,,INE115F01017,526335,IIFL_SCRIPMASTER
SHRIAHIMSA,BSE,213182.BO,Shri Ahimsa Naturals,SHRIAHIMSA|Shri Ahimsa Naturals|Shri Ahimsa Naturals Limited,,INE0DM401012,213182,IIFL_SCRIPMASTER
SHBAJRG,BSE,526981.BO,Shri Bajrang Alliance,SHBAJRG|Shri Bajrang Alliance|Shri Bajrang Alliance Limited,,INE402H01015,526981,IIFL_SCRIPMASTER
SBVCL,BSE,544074.BO,Shri Balaji Valve Components L,SBVCL|Shri Balaji Valve Components L,,INE0RNZ01014,544074,IIFL_SCRIPMASTER
SHRIDINE,BSE,503804.BO,Shri Dinesh Mills,SHRIDINE|Shri Dinesh Mills|Shri Dinesh Mills Limited,,INE204C01024,503804,IIFL_SCRIPMASTER
SHRIGANG,BSE,523309.BO,Shri Gang Industries and Allie,SHRIGANG|Shri Gang Industries and Allie,,INE241V01018,523309,IIFL_SCRIPMASTER
SHKSIL,BSE,213479.BO,Shri Hare-Kri Spo Iron L,SHKSIL|Shri Hare-Kri Spo Iron L,,INE0NON01025,213479,IIFL_SCRIPMASTER
SHRJAGP,BSE,512453.BO,Shri Jagdamba Polymers,SHRJAGP|Shri Jagdamba Polymers|Shri Jagdamba Polymers Limited,,INE564J01026,512453,IIFL_SCRIPMASTER
SHRIKANHA,BSE,215422.BO,Shri Kanha Stainless,SHRIKANHA|Shri Kanha Stainless|Shri Kanha Stainless Limited,,INE1V4601019,215422,IIFL_SCRIPMASTER
SKCIL,BSE,530977.BO,Shri Keshav Cements and Infra,SKCIL|Shri Keshav Cements and Infra,,INE260E01014,530977,IIFL_SCRIPMASTER
SHRIKRISH,BSE,531080.BO,Shri Krishna Devcon,SHRIKRISH|Shri Krishna Devcon|Shri Krishna Devcon Limited,,INE997I01012,531080,IIFL_SCRIPMASTER
SHRAJOI,BSE,530295.BO,Shri Rajivlochan Oil Extractio,SHRAJOI|Shri Rajivlochan Oil Extractio,,INE418K01015,530295,IIFL_SCRIPMASTER
SHRITECH,BSE,210530.BO,Shri Techtex,SHRITECH|Shri Techtex|Shri Techtex Limited,,INE0OMF01015,210530,IIFL_SCRIPMASTER
VASUPRADA,BSE,538092.BO,Shri Vasuprada Plantations Lim,Shri Vasuprada Plantations Lim|VASUPRADA,,INE574G01013,538092,IIFL_SCRIPMASTER
SHRINGARMS,BSE,544512.BO,Shringar House of Mangalsutra,SHRINGARMS|Shringar House of Mangalsutra,,INE1B3L01017,544512,IIFL_SCRIPMASTER
SRAMSET,BSE,531359.BO,Shriram Asset Management Co.Lt,SRAMSET|Shriram Asset Management Co.Lt,,INE777G01012,531359,IIFL_SCRIPMASTER
SHRIRAMFIN,BSE,511218.BO,Shriram Finance,SHRIRAMFIN|Shriram Finance|Shriram Finance Limited,,INE721A01047,511218,IIFL_SCRIPMASTER
SHRIPISTON,BSE,544344.BO,Shriram Pistons & Rings,SHRIPISTON|Shriram Pistons & Rings|Shriram Pistons & Rings Limited,,INE526E01018,544344,IIFL_SCRIPMASTER
SHRIRAMPPS,BSE,543419.BO,Shriram Properties,SHRIRAMPPS|Shriram Properties|Shriram Properties Limited,,INE217L01019,543419,IIFL_SCRIPMASTER
SHRISTI,BSE,511411.BO,Shristi Infrastructure Develop,SHRISTI|Shristi Infrastructure Develop,,INE472C01027,511411,IIFL_SCRIPMASTER
SHRYDUS,BSE,511493.BO,Shrydus Industries,SHRYDUS|Shrydus Industries|Shrydus Industries Limited,,INE488C01015,511493,IIFL_SCRIPMASTER
SHUBHAM,BSE,542019.BO,Shubham Polyspin,SHUBHAM|Shubham Polyspin|Shubham Polyspin Limited,,INE01J501010,542019,IIFL_SCRIPMASTER
SHUBHLAXMI,BSE,201806.BO,Shubhlaxmi Jewel Art,SHUBHLAXMI|Shubhlaxmi Jewel Art|Shubhlaxmi Jewel Art Limited,,INE01Z401013,201806,IIFL_SCRIPMASTER
SHUBHSHREE,BSE,211976.BO,Shubhshree Biofuels Ene L,SHUBHSHREE|Shubhshree Biofuels Ene L,,INE0UL701015,211976,IIFL_SCRIPMASTER
SHUKRAPHAR,BSE,524632.BO,Shukra Pharmaceuticals,SHUKRAPHAR|Shukra Pharmaceuticals|Shukra Pharmaceuticals Limited,,INE551C01044,524632,IIFL_SCRIPMASTER
SHYAMCENT,BSE,539252.BO,Shyam Century Ferrous,SHYAMCENT|Shyam Century Ferrous|Shyam Century Ferrous Limited,,INE979R01011,539252,IIFL_SCRIPMASTER
SHYAMDHANI,BSE,215512.BO,Shyam Dhani Industries L,SHYAMDHANI|Shyam Dhani Industries L,,INE1CRP01016,215512,IIFL_SCRIPMASTER
SHYAMMETL,BSE,543299.BO,Shyam Metalics and Energy Limi,SHYAMMETL|Shyam Metalics and Energy Limi,,INE810G01011,543299,IIFL_SCRIPMASTER
SHYMINV,BSE,505515.BO,Shyamkamal Investments,SHYMINV|Shyamkamal Investments|Shyamkamal Investments Limited,,INE203N01015,505515,IIFL_SCRIPMASTER
SICAPIT,BSE,530907.BO,Si Capital & Financial Service,SICAPIT|Si Capital & Financial Service,,INE417F01017,530907,IIFL_SCRIPMASTER
SIBARAUT,BSE,520141.BO,Sibar Auto Parts,SIBARAUT|Sibar Auto Parts|Sibar Auto Parts Limited,,INE441C01014,520141,IIFL_SCRIPMASTER
SICAGEN,BSE,533014.BO,Sicagen India,SICAGEN|Sicagen India|Sicagen India Limited,,INE176J01011,533014,IIFL_SCRIPMASTER
SIDDHA,BSE,530439.BO,Siddha Ventures,SIDDHA|Siddha Ventures|Siddha Ventures Limited,,INE140C01012,530439,IIFL_SCRIPMASTER
SIDDHEGA,BSE,526877.BO,Siddheswari Garments,SIDDHEGA|Siddheswari Garments|Siddheswari Garments Limited,,INE797C01019,526877,IIFL_SCRIPMASTER
SIDDHICOTS,BSE,213787.BO,Siddhi Cotspin,SIDDHICOTS|Siddhi Cotspin|Siddhi Cotspin Limited,,INE0SVO01019,213787,IIFL_SCRIPMASTER
SIDDHIKA,BSE,207819.BO,Siddhika Coatings,SIDDHIKA|Siddhika Coatings|Siddhika Coatings Limited,,INE0A1E01018,207819,IIFL_SCRIPMASTER
SIEMENS,BSE,500550.BO,Siemens,SIEMENS|Siemens|Siemens Limited,,INE003A01024,500550,IIFL_SCRIPMASTER
ENRIN,BSE,544390.BO,Siemens Energy India,ENRIN|Siemens Energy India|Siemens Energy India Limited,,INE1NPP01017,544390,IIFL_SCRIPMASTER
SIGMAADV,BSE,532408.BO,Sigma Advanced Systems,SIGMAADV|Sigma Advanced Systems|Sigma Advanced Systems Limited,,INE933B01012,532408,IIFL_SCRIPMASTER
SIGMA,BSE,543917.BO,Sigma Solve,SIGMA|Sigma Solve|Sigma Solve Limited,,INE0A0S01028,543917,IIFL_SCRIPMASTER
SIGNGCL,BSE,507663.BO,Signature Green Li,SIGNGCL|Signature Green Corporation Li|Signature Green Li,,INE131O01024,507663,IIFL_SCRIPMASTER
SIGNATURE,BSE,543990.BO,Signatureglobal (India) Limite,SIGNATURE|Signatureglobal (India) Limite,,INE903U01023,543990,IIFL_SCRIPMASTER
SIGIND,BSE,512131.BO,Signet Industries,SIGIND|Signet Industries|Signet Industries Limited,,INE529F01035,512131,IIFL_SCRIPMASTER
SIGNORIA,BSE,211283.BO,Signoria Creation,SIGNORIA|Signoria Creation|Signoria Creation Limited,,INE0RDE01010,211283,IIFL_SCRIPMASTER
SIGNPOST,BSE,544117.BO,Signpost India,SIGNPOST|Signpost India|Signpost India Limited,,INE0KGZ01021,544117,IIFL_SCRIPMASTER
SIHORA,BSE,544585.BO,Sihora Industries,SIHORA|Sihora Industries|Sihora Industries Limited,,INE0SFA01011,544585,IIFL_SCRIPMASTER
SIKA,BSE,523606.BO,Sika Interplant Systems,SIKA|Sika Interplant Systems|Sika Interplant Systems Limited,,INE438E01032,523606,IIFL_SCRIPMASTER
SIKKO,BSE,205751.BO,Sikko Industries,SIKKO|Sikko Industries|Sikko Industries Limited,,INE112X01025,205751,IIFL_SCRIPMASTER
SIKOZY,BSE,524642.BO,Sikozy Realtors,SIKOZY|Sikozy Realtors|Sikozy Realtors Limited,,INE528E01022,524642,IIFL_SCRIPMASTER
SILINV,BSE,521194.BO,Sil Investments,SILINV|Sil Investments|Sil Investments Limited,,INE923A01015,521194,IIFL_SCRIPMASTER
SILGO,BSE,205873.BO,Silgo Retail,SILGO|Silgo Retail|Silgo Retail Limited,,INE01II01013,205873,IIFL_SCRIPMASTER
SILGO-RE1,BSE,215571.BO,Silgo Retail,SILGO-RE1|Silgo Retail|Silgo Retail Limited,,INE01II20021,215571,IIFL_SCRIPMASTER
SILGOPP,BSE,215763.BO,Silgo Rs.5 Ppd Up,SILGOPP|Silgo Rs.5 Ppd Up,,IN901II01012,215763,IIFL_SCRIPMASTER
SILKFLEX,BSE,211568.BO,Silkflex Polymers India L,SILKFLEX|Silkflex Polymers India L,,INE0STN01015,211568,IIFL_SCRIPMASTER
SILKY,BSE,213508.BO,Silky Overseas,SILKY|Silky Overseas|Silky Overseas Limited,,INE0SN801015,213508,IIFL_SCRIPMASTER
SILLYMONKS,BSE,205181.BO,Silly Monks Entertain,SILLYMONKS|Silly Monks Entertain|Silly Monks Entertain Limited,,INE203Y01012,205181,IIFL_SCRIPMASTER
SILVOAK,BSE,531635.BO,Silver Oak (India),SILVOAK|Silver Oak (India)|Silver Oak (India) Limited,,INE870J01019,531635,IIFL_SCRIPMASTER
SILVERPRL,BSE,543536.BO,Silver Pearl Hospitality & Lux,SILVERPRL|Silver Pearl Hospitality & Lux,,INE0KXN01014,543536,IIFL_SCRIPMASTER
SILVERTUC,BSE,543525.BO,Silver Touch Technologies Limi,SILVERTUC|Silver Touch Technologies Limi,,INE625X01026,543525,IIFL_SCRIPMASTER
SILVERLINE,BSE,500389.BO,Silverline Technologies,SILVERLINE|Silverline Technologies|Silverline Technologies Limited,,INE368A01021,500389,IIFL_SCRIPMASTER
SIMBHSUGAR,BSE,507446.BO,Simbhaoli Sugars,SIMBHSUGAR|Simbhaoli Sugars|Simbhaoli Sugars Limited,,INE270C01017,507446,IIFL_SCRIPMASTER
SIMCA,BSE,216256.BO,Simca Advertising,SIMCA|Simca Advertising|Simca Advertising Limited,,INE1K4J01018,216256,IIFL_SCRIPMASTER
SIMPLEXCAS,BSE,513472.BO,Simplex Castings,SIMPLEXCAS|Simplex Castings|Simplex Castings Limited,,INE658D01011,513472,IIFL_SCRIPMASTER
SIMPLEXINF,BSE,523838.BO,Simplex Infrastructures,SIMPLEXINF|Simplex Infrastructures|Simplex Infrastructures Limited,,INE059B01024,523838,IIFL_SCRIPMASTER
SIMPLXPAP,BSE,533019.BO,Simplex Papers,SIMPLXPAP|Simplex Papers|Simplex Papers Limited,,INE456H01029,533019,IIFL_SCRIPMASTER
SIMPLXREA,BSE,503229.BO,Simplex Realty,SIMPLXREA|Simplex Realty|Simplex Realty Limited,,INE167H01014,503229,IIFL_SCRIPMASTER
SIMRAN,BSE,519566.BO,Simran Farms,SIMRAN|Simran Farms|Simran Farms Limited,,INE354D01017,519566,IIFL_SCRIPMASTER
SINCLAIR,BSE,523023.BO,Sinclairs Hotels,SINCLAIR|Sinclairs Hotels|Sinclairs Hotels Limited,,INE985A01022,523023,IIFL_SCRIPMASTER
SINDHUTRAD,BSE,532029.BO,Sindhu Trade Links,SINDHUTRAD|Sindhu Trade Links|Sindhu Trade Links Limited,,INE325D01025,532029,IIFL_SCRIPMASTER
SINGERIND,BSE,505729.BO,Singer India,SINGERIND|Singer India|Singer India Limited,,INE638A01035,505729,IIFL_SCRIPMASTER
SINTERCOM,BSE,200306.BO,Sintercom India,SINTERCOM|Sintercom India|Sintercom India Limited,,INE129Z01016,200306,IIFL_SCRIPMASTER
SSLEL,BSE,532879.BO,Sir Shadi Lal Enterprises,SSLEL|Sir Shadi Lal Enterprises|Sir Shadi Lal Enterprises Limited,,INE117H01019,532879,IIFL_SCRIPMASTER
SIRCA,BSE,543686.BO,Sirca Paints India,SIRCA|Sirca Paints India|Sirca Paints India Limited,,INE792Z01011,543686,IIFL_SCRIPMASTER
SIS,BSE,540673.BO,Sis,SIS|Sis|Sis Limited,,INE285J01028,540673,IIFL_SCRIPMASTER
SITAENT,BSE,512589.BO,Sita Enterprises,SITAENT|Sita Enterprises|Sita Enterprises Limited,,INE579D01019,512589,IIFL_SCRIPMASTER
SIYSIL,BSE,503811.BO,Siyaram Silk Mills,SIYSIL|Siyaram Silk Mills|Siyaram Silk Mills Limited,,INE076B01028,503811,IIFL_SCRIPMASTER
SJVN,BSE,533206.BO,Sjvn,SJVN|Sjvn|Sjvn Limited,,INE002L01015,533206,IIFL_SCRIPMASTER
SKFINDIA,BSE,500472.BO,Skf India,SKFINDIA|Skf India|Skf India Limited,,INE640A01023,500472,IIFL_SCRIPMASTER
SKFINDUS,BSE,544572.BO,Skf India (Industrial),SKFINDUS|Skf India (Industrial)|Skf India (Industrial) Limited,,INE2J8701016,544572,IIFL_SCRIPMASTER
SKIPPER,BSE,538562.BO,Skipper,SKIPPER|Skipper|Skipper Limited,,INE439E01022,538562,IIFL_SCRIPMASTER
SKMEGGPROD,BSE,532143.BO,Skm Egg Products Export (India,SKMEGGPROD|Skm Egg Products Export (India,,INE411D01023,532143,IIFL_SCRIPMASTER
SKP,BSE,208938.BO,Skp Bearing Industri.,SKP|Skp Bearing Industri.|Skp Bearing Industri. Limited,,INE0KZA01016,208938,IIFL_SCRIPMASTER
SKPSEC,BSE,531169.BO,Skp Securities,SKPSEC|Skp Securities|Skp Securities Limited,,INE709B01016,531169,IIFL_SCRIPMASTER
SKYGOLD,BSE,541967.BO,Sky Gold and Diamonds,SKYGOLD|Sky Gold and Diamonds|Sky Gold and Diamonds Limited,,INE01IU01018,541967,IIFL_SCRIPMASTER
SKYIND,BSE,526479.BO,Sky Industries,SKYIND|Sky Industries|Sky Industries Limited,,INE765B01018,526479,IIFL_SCRIPMASTER
SKYBIOTECH,BSE,512036.BO,Skybiotech Healthcare,SKYBIOTECH|Skybiotech Healthcare|Skybiotech Healthcare Limited,,INE393H01016,512036,IIFL_SCRIPMASTER
SKYLMILAR,BSE,505650.BO,Skyline Millars,SKYLMILAR|Skyline Millars|Skyline Millars Limited,,INE178E01026,505650,IIFL_SCRIPMASTER
SLONE,BSE,211564.BO,Slone Infosystems,SLONE|Slone Infosystems|Slone Infosystems Limited,,INE0SMA01017,211564,IIFL_SCRIPMASTER
SMARTFIN,BSE,539494.BO,Smart Finsec,SMARTFIN|Smart Finsec|Smart Finsec Limited,,INE766D01020,539494,IIFL_SCRIPMASTER
SMARTEN,BSE,213528.BO,Smarten Power Systems,SMARTEN|Smarten Power Systems|Smarten Power Systems Limited,,INE14GK01016,213528,IIFL_SCRIPMASTER
SMARTWORKS,BSE,544447.BO,Smartworks Coworking Spaces Li,SMARTWORKS|Smartworks Coworking Spaces Li,,INE0NAZ01010,544447,IIFL_SCRIPMASTER
SMCGLOBAL,BSE,543263.BO,Smc Global Securities,SMCGLOBAL|Smc Global Securities|Smc Global Securities Limited,,INE103C01036,543263,IIFL_SCRIPMASTER
SMFIL,BSE,513418.BO,Smiths & Founders (India) Limi,SMFIL|Smiths & Founders (India) Limi,,INE728B01032,513418,IIFL_SCRIPMASTER
SMLMAH,BSE,505192.BO,Sml Mahindra,SMLMAH|Sml Mahindra|Sml Mahindra Limited,,INE294B01019,505192,IIFL_SCRIPMASTER
SMRUTHIORG,BSE,540686.BO,Smruthi Organics,SMRUTHIORG|Smruthi Organics|Smruthi Organics Limited,,INE172E01011,540686,IIFL_SCRIPMASTER
SMSPHARMA,BSE,532815.BO,Sms Pharmaceuticals,SMSPHARMA|Sms Pharmaceuticals|Sms Pharmaceuticals Limited,,INE812G01025,532815,IIFL_SCRIPMASTER
SMVD,BSE,200223.BO,Smvd Poly Pack,SMVD|Smvd Poly Pack|Smvd Poly Pack Limited,,INE702Y01013,200223,IIFL_SCRIPMASTER
SNEHAA,BSE,213708.BO,Snehaa Organics,SNEHAA|Snehaa Organics|Snehaa Organics Limited,,INE1OIC01018,213708,IIFL_SCRIPMASTER
SNL,BSE,505827.BO,Snl Bearings,SNL|Snl Bearings|Snl Bearings Limited,,INE568F01017,505827,IIFL_SCRIPMASTER
SNOWMAN,BSE,538635.BO,Snowman Logistics,SNOWMAN|Snowman Logistics|Snowman Logistics Limited,,INE734N01019,538635,IIFL_SCRIPMASTER
SNSX50,BSE,999920093.BO,Snsx50,SNSX50|Snsx50,,SNSX50,999920093,IIFL_SCRIPMASTER
SOBHA,BSE,532784.BO,Sobha,SOBHA|Sobha,,INE671H01015,532784,IIFL_SCRIPMASTER
SOBME,BSE,512014.BO,Sobhagya Merchantile,SOBME|Sobhagya Merchantile|Sobhagya Merchantile Limited,,INE754D01018,512014,IIFL_SCRIPMASTER
SAFE,BSE,544257.BO,Sodhani Academy of Fintech Ena,SAFE|Sodhani Academy of Fintech Ena,,INE0Q3401017,544257,IIFL_SCRIPMASTER
SODHACAP,BSE,544560.BO,Sodhani Capital,SODHACAP|Sodhani Capital|Sodhani Capital Limited,,INE0QU501030,544560,IIFL_SCRIPMASTER
SOFCOM,BSE,538923.BO,Sofcom Systems,SOFCOM|Sofcom Systems|Sofcom Systems Limited,,INE499Q01012,538923,IIFL_SCRIPMASTER
SOFTRAKV,BSE,531529.BO,Softrak Venture Investment,SOFTRAKV|Softrak Venture Investment|Softrak Venture Investment Limited,,INE562E01021,531529,IIFL_SCRIPMASTER
SOLARINDS,BSE,532725.BO,Solar Industries India,SOLARINDS|Solar Industries India|Solar Industries India Limited,,INE343H01029,532725,IIFL_SCRIPMASTER
SOLARA,BSE,541540.BO,Solara Active Pharma Sciences,SOLARA|Solara Active Pharma Sciences,,INE624Z01016,541540,IIFL_SCRIPMASTER
SOLARIUM,BSE,544354.BO,Solarium Green Energy,SOLARIUM|Solarium Green Energy|Solarium Green Energy Limited,,INE0W0H01017,544354,IIFL_SCRIPMASTER
SOLARWORLD,BSE,544532.BO,Solarworld Energy Solutions Li,SOLARWORLD|Solarworld Energy Solutions Li,,INE0TY101024,544532,IIFL_SCRIPMASTER
SOLEX,BSE,203111.BO,Solex Energy,SOLEX|Solex Energy|Solex Energy Limited,,INE880Y01017,203111,IIFL_SCRIPMASTER
SOLIDSTON,BSE,513699.BO,Solid Stone Company,SOLIDSTON|Solid Stone Company|Solid Stone Company Limited,,INE584G01012,513699,IIFL_SCRIPMASTER
SOLIMAC,BSE,522152.BO,Solitaire Machine Tools,SOLIMAC|Solitaire Machine Tools|Solitaire Machine Tools Limited,,INE410A01013,522152,IIFL_SCRIPMASTER
BALCO,BSE,211885.BO,Solve Plastic Products L,BALCO|Solve Plastic Products L,,INE0U0201016,211885,IIFL_SCRIPMASTER
SDBL,BSE,507514.BO,Som Distilleries & Breweries L,SDBL|Som Distilleries & Breweries L,,INE480C01038,507514,IIFL_SCRIPMASTER
SOMATEX,BSE,521034.BO,Soma Textiles & Industries,SOMATEX|Soma Textiles & Industries|Soma Textiles & Industries Limited,,INE314C01013,521034,IIFL_SCRIPMASTER
SOMANYCERA,BSE,531548.BO,Somany Ceramics,SOMANYCERA|Somany Ceramics|Somany Ceramics Limited,,INE355A01028,531548,IIFL_SCRIPMASTER
SOMICONVEY,BSE,533001.BO,Somi Conveyor Beltings,SOMICONVEY|Somi Conveyor Beltings|Somi Conveyor Beltings Limited,,INE323J01019,533001,IIFL_SCRIPMASTER
SONACOMS,BSE,543300.BO,Sona Blw Precision Forgings Li,SONACOMS|Sona Blw Precision Forgings Li,,INE073K01018,543300,IIFL_SCRIPMASTER
SONAMAC,BSE,211253.BO,Sona Machinery,SONAMAC|Sona Machinery|Sona Machinery Limited,,INE0Q6H01012,211253,IIFL_SCRIPMASTER
SONALAD,BSE,526901.BO,Sonal Adhesives,SONALAD|Sonal Adhesives|Sonal Adhesives Limited,,INE344I01017,526901,IIFL_SCRIPMASTER
SONAL,BSE,538943.BO,Sonal Mercantile,SONAL|Sonal Mercantile|Sonal Mercantile Limited,,INE321M01017,538943,IIFL_SCRIPMASTER
SONALIS,BSE,543924.BO,Sonalis Consumer Products Limi,SONALIS|Sonalis Consumer Products Limi,,INE0N5O01013,543924,IIFL_SCRIPMASTER
SONAMLTD,BSE,211563.BO,Sonam,SONAMLTD|Sonam|Sonam Limited,,INE00LM01029,211563,IIFL_SCRIPMASTER
SONATSOFTW,BSE,532221.BO,Sonata Software,SONATSOFTW|Sonata Software|Sonata Software Limited,,INE269A01021,532221,IIFL_SCRIPMASTER
SONUINFRA,BSE,208763.BO,Sonu Infratech,SONUINFRA|Sonu Infratech|Sonu Infratech Limited,,INE0JZA01018,208763,IIFL_SCRIPMASTER
SOTAC,BSE,209842.BO,Sotac Pharmaceuticals,SOTAC|Sotac Pharmaceuticals|Sotac Pharmaceuticals Limited,,INE0O2D01012,209842,IIFL_SCRIPMASTER
SOURCENTRL,BSE,531398.BO,Source Natural Foods & Herbal,SOURCENTRL|Source Natural Foods & Herbal,,INE679C01027,531398,IIFL_SCRIPMASTER
STHINPA,BSE,516108.BO,South India Paper Mills,STHINPA|South India Paper Mills|South India Paper Mills Limited,,INE088G01014,516108,IIFL_SCRIPMASTER
SOUTHBANK,BSE,532218.BO,South Indian Bank,SOUTHBANK|South Indian Bank|South Indian Bank Limited,,INE683A01023,532218,IIFL_SCRIPMASTER
SOUTHWEST,BSE,543986.BO,South West Pinnacle Exploratio,SOUTHWEST|South West Pinnacle Exploratio,,INE980Y01015,543986,IIFL_SCRIPMASTER
SOUTHERNIN,BSE,540174.BO,Southern Infoconsultants Limit,SOUTHERNIN|Southern Infoconsultants Limit,,INE298B01010,540174,IIFL_SCRIPMASTER
SOUTLAT,BSE,514454.BO,Southern Latex,SOUTLAT|Southern Latex|Southern Latex Limited,,INE410M01018,514454,IIFL_SCRIPMASTER
SOUTHMG,BSE,513498.BO,Southern Magnesium & Chemicals,SOUTHMG|Southern Magnesium & Chemicals,,INE308N01012,513498,IIFL_SCRIPMASTER
SPIC,BSE,590030.BO,Southern Petrochemicals,SPIC|Southern Petrochemicals|Southern Petrochemicals Limited,,INE147A01011,590030,IIFL_SCRIPMASTER
SOVERDIA,BSE,523826.BO,Sovereign Diamonds,SOVERDIA|Sovereign Diamonds|Sovereign Diamonds Limited,,INE959D01013,523826,IIFL_SCRIPMASTER
SPCAPIT,BSE,530289.BO,Sp Capital Financing,SPCAPIT|Sp Capital Financing|Sp Capital Financing Limited,,INE102F01015,530289,IIFL_SCRIPMASTER
SPRL,BSE,208626.BO,Sp Refractories,SPRL|Sp Refractories|Sp Refractories Limited,,INE0JW501011,208626,IIFL_SCRIPMASTER
SPACEINCUBA,BSE,541890.BO,Space Incubatrics Technologies,SPACEINCUBA|Space Incubatrics Technologies,,INE797Z01028,541890,IIFL_SCRIPMASTER
SPCENET,BSE,203377.BO,Spacenet Enters Ind,SPCENET|Spacenet Enters Ind|Spacenet Enters Ind Limited,,INE970N01027,203377,IIFL_SCRIPMASTER
SPANDANA,BSE,542759.BO,Spandana Sphoorty Financial Li,SPANDANA|Spandana Sphoorty Financial Li,,INE572J01011,542759,IIFL_SCRIPMASTER
SSFLPP,BSE,890221.BO,Spandana Sphoorty Financial Li,SSFLPP|Spandana Sphoorty Financial Li,,IN9572J01019,890221,IIFL_SCRIPMASTER
SPARKLEGR,BSE,530037.BO,Sparkle Gold Rock,SPARKLEGR|Sparkle Gold Rock|Sparkle Gold Rock Limited,,INE618F01010,530037,IIFL_SCRIPMASTER
SPEB,BSE,215418.BO,Speb Adhesives,SPEB|Speb Adhesives|Speb Adhesives Limited,,INE1CW901027,215418,IIFL_SCRIPMASTER
SPECIALITY,BSE,534425.BO,Speciality Restaurants,SPECIALITY|Speciality Restaurants|Speciality Restaurants Limited,,INE247M01014,534425,IIFL_SCRIPMASTER
SPECTRUM,BSE,544386.BO,Spectrum Electrical Industries,SPECTRUM|Spectrum Electrical Industries,,INE01EO01010,544386,IIFL_SCRIPMASTER
SPECFOOD,BSE,531982.BO,Spectrum Foods,SPECFOOD|Spectrum Foods|Spectrum Foods Limited,,INE547C01018,531982,IIFL_SCRIPMASTER
SPECTSTM,BSE,210427.BO,Spectrum Talent Mgmt,SPECTSTM|Spectrum Talent Mgmt|Spectrum Talent Mgmt Limited,,INE0OL001018,210427,IIFL_SCRIPMASTER
SPELS,BSE,517166.BO,Spel Semiconductor,SPELS|Spel Semiconductor|Spel Semiconductor Limited,,INE252A01019,517166,IIFL_SCRIPMASTER
SPENCERS,BSE,542337.BO,Spencers Retail,SPENCERS|Spencers Retail|Spencers Retail Limited,,INE020801028,542337,IIFL_SCRIPMASTER
SPENTA,BSE,526161.BO,Spenta International,SPENTA|Spenta International|Spenta International Limited,,INE175C01018,526161,IIFL_SCRIPMASTER
SPICEISLIN,BSE,526827.BO,Spice Islands Industries Limit,SPICEISLIN|Spice Islands Industries Limit,,INE882D01017,526827,IIFL_SCRIPMASTER
SPICELOUNG,BSE,539895.BO,Spice Lounge Food Works Limite,SPICELOUNG|Spice Lounge Food Works Limite,,INE631E01024,539895,IIFL_SCRIPMASTER
SPICEJET,BSE,500285.BO,Spicejet,SPICEJET|Spicejet|Spicejet Limited,,INE285B01017,500285,IIFL_SCRIPMASTER
SPLIL,BSE,532651.BO,Spl Industries,SPLIL|Spl Industries|Spl Industries Limited,,INE978G01016,532651,IIFL_SCRIPMASTER
SPMLINFRA,BSE,500402.BO,Spml Infra,SPMLINFRA|Spml Infra|Spml Infra Limited,,INE937A01023,500402,IIFL_SCRIPMASTER
SPORTKING,BSE,539221.BO,Sportking India,SPORTKING|Sportking India|Sportking India Limited,,INE885H01029,539221,IIFL_SCRIPMASTER
SPPPOLY,BSE,211978.BO,Spp Polymer,SPPPOLY|Spp Polymer|Spp Polymer Limited,,INE0QR801013,211978,IIFL_SCRIPMASTER
SPRAYKING,BSE,540079.BO,Sprayking,SPRAYKING|Sprayking|Sprayking Limited,,INE537U01037,540079,IIFL_SCRIPMASTER
SPUNWEB,BSE,213552.BO,Spunweb Nonwoven,SPUNWEB|Spunweb Nonwoven|Spunweb Nonwoven Limited,,INE19QH01010,213552,IIFL_SCRIPMASTER
SFPIL,BSE,526532.BO,Square Four Projects India Lim,SFPIL|Square Four Projects India Lim,,INE716K01020,526532,IIFL_SCRIPMASTER
SRHHYPOLTD,BSE,532842.BO,Sree Rayalaseema Hi-Strength H,SRHHYPOLTD|Sree Rayalaseema Hi-Strength H,,INE917H01012,532842,IIFL_SCRIPMASTER
SREEL,BSE,535601.BO,Sreeleathers,SREEL|Sreeleathers|Sreeleathers Limited,,INE099F01013,535601,IIFL_SCRIPMASTER
SRESTHA,BSE,539217.BO,Srestha Finvest,SRESTHA|Srestha Finvest|Srestha Finvest Limited,,INE606K01049,539217,IIFL_SCRIPMASTER
SRF,BSE,503806.BO,Srf,SRF|Srf|Srf Limited,,INE647A01010,503806,IIFL_SCRIPMASTER
SRGFFL,BSE,536710.BO,Srg Fingrow Finance,SRGFFL|Srg Fingrow Finance|Srg Fingrow Finance Limited,,INE326P01019,536710,IIFL_SCRIPMASTER
SRGHFL,BSE,534680.BO,Srg Housing Finance,SRGHFL|Srg Housing Finance|Srg Housing Finance Limited,,INE559N01010,534680,IIFL_SCRIPMASTER
AMARNATH,BSE,538863.BO,Sri Amarnath Finance,AMARNATH|Sri Amarnath Finance|Sri Amarnath Finance Limited,,INE985Q01010,538863,IIFL_SCRIPMASTER
SRICC,BSE,518053.BO,Sri Chakra Cement,SRICC|Sri Chakra Cement|Sri Chakra Cement Limited,,INE827D01020,518053,IIFL_SCRIPMASTER
HAVISHA,BSE,531322.BO,Sri Havisha Hospitality Infras,HAVISHA|Sri Havisha Hospitality Infras,,INE293B01029,531322,IIFL_SCRIPMASTER
SRIKPRIND,BSE,514442.BO,Sri Kpr Industries,SRIKPRIND|Sri Kpr Industries|Sri Kpr Industries Limited,,INE009C01019,514442,IIFL_SCRIPMASTER
SLSTLQ,BSE,521161.BO,Sri Lakshmi Saraswathi Textile,SLSTLQ|Sri Lakshmi Saraswathi Textile,,INE456D01010,521161,IIFL_SCRIPMASTER
LOTUSDEV,BSE,544469.BO,Sri Lotus Developers and Realt,LOTUSDEV|Sri Lotus Developers and Realt,,INE0V9Q01010,544469,IIFL_SCRIPMASTER
SRINACHA,BSE,521234.BO,Sri Nachammai Cotton Mills,SRINACHA|Sri Nachammai Cotton Mills|Sri Nachammai Cotton Mills Limited,,INE443E01016,521234,IIFL_SCRIPMASTER
SRIGEE,BSE,544399.BO,Srigee Dlm,SRIGEE|Srigee Dlm|Srigee Dlm Limited,,INE0RJ901010,544399,IIFL_SCRIPMASTER
SPCON,BSE,215881.BO,Srinibas Pradhan Const L,SPCON|Srinibas Pradhan Const L,,INE0TPJ01019,215881,IIFL_SCRIPMASTER
SSFL,BSE,210547.BO,Srivari Spices N Foods L,SSFL|Srivari Spices N Foods L,,INE0ON201012,210547,IIFL_SCRIPMASTER
SRIVASAVI,BSE,209532.BO,Srivasavi Adhesive Tape L,SRIVASAVI|Srivasavi Adhesive Tape L,,INE0NPI01014,209532,IIFL_SCRIPMASTER
SRM,BSE,544158.BO,Srm Contractors,SRM|Srm Contractors|Srm Contractors Limited,,INE0R6Z01013,544158,IIFL_SCRIPMASTER
SRUSTEELS,BSE,540914.BO,Sru Steels,SRUSTEELS|Sru Steels|Sru Steels Limited,,INE425C01017,540914,IIFL_SCRIPMASTER
SSPDL,BSE,530821.BO,Sspdl,SSPDL|Sspdl|Sspdl Limited,,INE838C01011,530821,IIFL_SCRIPMASTER
SSPNFIN,BSE,539026.BO,Sspn Finance,SSPNFIN|Sspn Finance|Sspn Finance Limited,,INE820R01017,539026,IIFL_SCRIPMASTER
STALLION,BSE,544342.BO,Stallion India Fluorochemicals,STALLION|Stallion India Fluorochemicals,,INE0RYC01010,544342,IIFL_SCRIPMASTER
STANBIK,BSE,544659.BO,Stanbik Agro,STANBIK|Stanbik Agro|Stanbik Agro Limited,,INE16QA01011,544659,IIFL_SCRIPMASTER
STDBAT,BSE,504180.BO,Standard Batteries,STDBAT|Standard Batteries|Standard Batteries Limited,,INE502C01039,504180,IIFL_SCRIPMASTER
STANCAP,BSE,511700.BO,Standard Capital Markets,STANCAP|Standard Capital Markets|Standard Capital Markets Limited,,INE625D01028,511700,IIFL_SCRIPMASTER
SETL,BSE,544333.BO,Standard Engineering Technolog,SETL|Standard Engineering Technolog,,INE0M4D01010,544333,IIFL_SCRIPMASTER
SIL,BSE,530017.BO,Standard Industries,SIL|Standard Industries|Standard Industries Limited,,INE173A01025,530017,IIFL_SCRIPMASTER
STDSFAC,BSE,526231.BO,Standard Surfactants,STDSFAC|Standard Surfactants|Standard Surfactants Limited,,INE307D01015,526231,IIFL_SCRIPMASTER
STANLEY,BSE,544202.BO,Stanley Lifestyles,STANLEY|Stanley Lifestyles|Stanley Lifestyles Limited,,INE01A001028,544202,IIFL_SCRIPMASTER
STANPACK,BSE,530931.BO,Stanpacks (India),STANPACK|Stanpacks (India)|Stanpacks (India) Limited,,INE457D01018,530931,IIFL_SCRIPMASTER
STANROS,BSE,506105.BO,Stanrose Mafatlal Investments,STANROS|Stanrose Mafatlal Investments,,INE441L01015,506105,IIFL_SCRIPMASTER
STARCEMENT,BSE,540575.BO,Star Cement,STARCEMENT|Star Cement|Star Cement Limited,,INE460H01021,540575,IIFL_SCRIPMASTER
STARDELTA2,BSE,590129.BO,Star Delta Transformers,STARDELTA2|Star Delta Transformers|Star Delta Transformers Limited,,,590129,IIFL_SCRIPMASTER
STARDELTA,BSE,539255.BO,Star Delta Transformers Limite,STARDELTA|Star Delta Transformers Limite,,INE541K01014,539255,IIFL_SCRIPMASTER
STARHEALTH,BSE,543412.BO,Star Health and Allied Insuran,STARHEALTH|Star Health and Allied Insuran,,INE575P01011,543412,IIFL_SCRIPMASTER
STARHFL,BSE,539017.BO,Star Housing Finance,STARHFL|Star Housing Finance|Star Housing Finance Limited,,INE526R01028,539017,IIFL_SCRIPMASTER
STARPAPER,BSE,516022.BO,Star Paper Mills,STARPAPER|Star Paper Mills|Star Paper Mills Limited,,INE733A01018,516022,IIFL_SCRIPMASTER
STARCOM,BSE,531616.BO,Starcom Information Technology,STARCOM|Starcom Information Technology,,INE347I01010,531616,IIFL_SCRIPMASTER
STARLOG,BSE,520155.BO,Starlog Enterprises,STARLOG|Starlog Enterprises|Starlog Enterprises Limited,,INE580C01019,520155,IIFL_SCRIPMASTER
STARSOURCE,BSE,506365.BO,Starsource Multitrade,STARSOURCE|Starsource Multitrade|Starsource Multitrade Limited,,INE320M01019,506365,IIFL_SCRIPMASTER
STARTECK,BSE,512381.BO,Starteck Finance,STARTECK|Starteck Finance|Starteck Finance Limited,,INE992I01013,512381,IIFL_SCRIPMASTER
SBBJ,BSE,501061.BO,State Bank of Bikaner & Jaipur,SBBJ|State Bank of Bikaner & Jaipur,,INE648A01026,501061,IIFL_SCRIPMASTER
SBIN,BSE,500112.BO,State Bank of India,SBI|SBIN|State Bank|State Bank of India,,INE062A01020,500112,IIFL_SCRIPMASTER
MYSOREBANK,BSE,532200.BO,State Bank of Mysore,MYSOREBANK|State Bank of Mysore,,INE651A01020,532200,IIFL_SCRIPMASTER
SBT,BSE,532191.BO,State Bank of Travancore,SBT|State Bank of Travancore,,INE654A01024,532191,IIFL_SCRIPMASTER
STCINDIA,BSE,512531.BO,State Trading of I,STCINDIA|State Trading Corporation of I|State Trading of I,,INE655A01013,512531,IIFL_SCRIPMASTER
SAIL,BSE,500113.BO,Steel Authority of India,SAIL|Steel Authority of India|Steel Authority of India Limited,,INE114A01011,500113,IIFL_SCRIPMASTER
STEELCITY,BSE,204419.BO,Steel City Securities,STEELCITY|Steel City Securities|Steel City Securities Limited,,INE395H01011,204419,IIFL_SCRIPMASTER
STEELXIND,BSE,534748.BO,Steel Exchange India,STEELXIND|Steel Exchange India|Steel Exchange India Limited,,INE503B01021,534748,IIFL_SCRIPMASTER
STLSTRINF,BSE,513173.BO,Steel Strips Infrastructures L,STLSTRINF|Steel Strips Infrastructures L,,INE205F01016,513173,IIFL_SCRIPMASTER
SSWL,BSE,513262.BO,Steel Strips Wheels,SSWL|Steel Strips Wheels|Steel Strips Wheels Limited,,INE802C01033,513262,IIFL_SCRIPMASTER
STEELCAS,BSE,513517.BO,Steelcast,STEELCAS|Steelcast|Steelcast Limited,,INE124E01038,513517,IIFL_SCRIPMASTER
STML,BSE,543622.BO,Steelman Telecom,STML|Steelman Telecom|Steelman Telecom Limited,,INE0MSK01016,543622,IIFL_SCRIPMASTER
STEL,BSE,533316.BO,Stel Holdings,STEL|Stel Holdings|Stel Holdings Limited,,INE577L01016,533316,IIFL_SCRIPMASTER
STELLAR,BSE,536738.BO,Stellar Capital Services,STELLAR|Stellar Capital Services|Stellar Capital Services Limited,,INE325P01011,536738,IIFL_SCRIPMASTER
STEP2COR,BSE,531509.BO,Step Two,STEP2COR|Step Two|Step Two Corporation Limited,,INE623D01015,531509,IIFL_SCRIPMASTER
STRGRENWO,BSE,526500.BO,Sterling Green Woods,STRGRENWO|Sterling Green Woods|Sterling Green Woods Limited,,INE398F01019,526500,IIFL_SCRIPMASTER
STERTOOLS,BSE,530759.BO,Sterling Tools,STERTOOLS|Sterling Tools|Sterling Tools Limited,,INE334A01023,530759,IIFL_SCRIPMASTER
SWSOLAR,BSE,542760.BO,Sterling and Wilson Renewable,SWSOLAR|Sterling and Wilson Renewable,,INE00M201021,542760,IIFL_SCRIPMASTER
SGL,BSE,532730.BO,Stl Global,SGL|Stl Global|Stl Global Limited,,INE353H01010,532730,IIFL_SCRIPMASTER
STAL,BSE,544171.BO,Storage Technologies and Autom,STAL|Storage Technologies and Autom,,INE0RGM01016,544171,IIFL_SCRIPMASTER
STOVEKRAFT,BSE,543260.BO,Stove Kraft,STOVEKRAFT|Stove Kraft|Stove Kraft Limited,,INE00IN01015,543260,IIFL_SCRIPMASTER
STOVACQ,BSE,504959.BO,Stovec Industries,STOVACQ|Stovec Industries|Stovec Industries Limited,,INE755D01015,504959,IIFL_SCRIPMASTER
STRIDERS,BSE,215841.BO,Striders Impex,STRIDERS|Striders Impex|Striders Impex Limited,,INE1XWN01017,215841,IIFL_SCRIPMASTER
STAR,BSE,532531.BO,Strides Pharma Science,STAR|Strides Pharma Science|Strides Pharma Science Limited,,INE939A01011,532531,IIFL_SCRIPMASTER
STUDDS,BSE,544599.BO,Studds Accessories,STUDDS|Studds Accessories|Studds Accessories Limited,,INE00Q601028,544599,IIFL_SCRIPMASTER
STUDIOLSD,BSE,213670.BO,Studio Lsd,STUDIOLSD|Studio Lsd|Studio Lsd Limited,,INE17VO01028,213670,IIFL_SCRIPMASTER
STYLAMIND,BSE,526951.BO,Stylam Industries,STYLAMIND|Stylam Industries|Stylam Industries Limited,,INE239C01020,526951,IIFL_SCRIPMASTER
STYRENIX,BSE,506222.BO,Styrenix Performance Materials,STYRENIX|Styrenix Performance Materials,,INE189B01011,506222,IIFL_SCRIPMASTER
SUBAHOTELS,BSE,215180.BO,Suba Hotels,SUBAHOTELS|Suba Hotels|Suba Hotels Limited,,INE0RYR01018,215180,IIFL_SCRIPMASTER
SUBAM,BSE,544267.BO,Subam Papers,SUBAM|Subam Papers|Subam Papers Limited,,INE0U6201010,544267,IIFL_SCRIPMASTER
SUBROS,BSE,517168.BO,Subros,SUBROS|Subros|Subros Limited,,INE287B01021,517168,IIFL_SCRIPMASTER
SUDAI,BSE,506003.BO,Sudal Industries,SUDAI|Sudal Industries|Sudal Industries Limited,,INE618D01015,506003,IIFL_SCRIPMASTER
SUDARSCHEM,BSE,506655.BO,Sudarshan Chemical Industries,SUDARSCHEM|Sudarshan Chemical Industries,,INE659A01023,506655,IIFL_SCRIPMASTER
SUDARCOLOR,BSE,506390.BO,Sudarshan Colorants India Limi,SUDARCOLOR|Sudarshan Colorants India Limi,,INE492A01029,506390,IIFL_SCRIPMASTER
SUDEEPPHRM,BSE,544619.BO,Sudeep Pharma,SUDEEPPHRM|Sudeep Pharma|Sudeep Pharma Limited,,INE0QPI01025,544619,IIFL_SCRIPMASTER
SUDTIND-B,BSE,521113.BO,Suditi Industries,SUDTIND-B|Suditi Industries|Suditi Industries Limited,,INE691D01012,521113,IIFL_SCRIPMASTER
SUGALDAM,BSE,511654.BO,Sugal & Damani Share Brokers L,SUGALDAM|Sugal & Damani Share Brokers L,,INE309D01011,511654,IIFL_SCRIPMASTER
SUJALA,BSE,539117.BO,Sujala Trading & Holding,SUJALA|Sujala Trading & Holding|Sujala Trading & Holding Limited,,INE029H01016,539117,IIFL_SCRIPMASTER
SUKHJITS,BSE,524542.BO,Sukhjit Starch & Chemicals,SUKHJITS|Sukhjit Starch & Chemicals|Sukhjit Starch & Chemicals Limited,,INE450E01029,524542,IIFL_SCRIPMASTER
SULA,BSE,543711.BO,Sula Vineyards,SULA|Sula Vineyards|Sula Vineyards Limited,,INE142Q01026,543711,IIFL_SCRIPMASTER
SULABEN,BSE,508969.BO,Sulabh Engineers & Services Lt,SULABEN|Sulabh Engineers & Services Lt,,INE673M01029,508969,IIFL_SCRIPMASTER
SUMEDHA,BSE,530419.BO,Sumedha Fiscal Services,SUMEDHA|Sumedha Fiscal Services|Sumedha Fiscal Services Limited,,INE886B01012,530419,IIFL_SCRIPMASTER
SUMEETINDS,BSE,514211.BO,Sumeet Industries,SUMEETINDS|Sumeet Industries|Sumeet Industries Limited,,INE235C01036,514211,IIFL_SCRIPMASTER
SUMERUIND,BSE,530445.BO,Sumeru Industries,SUMERUIND|Sumeru Industries|Sumeru Industries Limited,,INE764B01029,530445,IIFL_SCRIPMASTER
SUMIT,BSE,202533.BO,Sumit Woods,SUMIT|Sumit Woods|Sumit Woods Limited,,INE748Z01013,202533,IIFL_SCRIPMASTER
SUMICHEM,BSE,542920.BO,Sumitomo Chemical India Limite,SUMICHEM|Sumitomo Chemical India Limite,,INE258G01013,542920,IIFL_SCRIPMASTER
SUMMITSEC,BSE,533306.BO,Summit Securities,SUMMITSEC|Summit Securities|Summit Securities Limited,,INE519C01017,533306,IIFL_SCRIPMASTER
SPARC,BSE,532872.BO,Sun Pharma Advanced Research C,SPARC|Sun Pharma Advanced Research C,,INE232I01014,532872,IIFL_SCRIPMASTER
SUNPHARMA,BSE,524715.BO,Sun Pharmaceutical Industries,SUNPHARMA|Sun Pharmaceutical Industries,,INE044A01036,524715,IIFL_SCRIPMASTER
SUNRETAIL,BSE,542025.BO,Sun Retail,SUNRETAIL|Sun Retail|Sun Retail Limited,,INE206Z01020,542025,IIFL_SCRIPMASTER
SUNTV,BSE,532733.BO,Sun Tv Network,SUNTV|Sun Tv Network|Sun Tv Network Limited,,INE424H01027,532733,IIFL_SCRIPMASTER
SCTL,BSE,539526.BO,Suncare Traders,SCTL|Suncare Traders|Suncare Traders Limited,,INE452S01025,539526,IIFL_SCRIPMASTER
SUNDRMBRAK,BSE,590072.BO,Sundaram Brake Linings,SUNDRMBRAK|Sundaram Brake Linings|Sundaram Brake Linings Limited,,INE073D01013,590072,IIFL_SCRIPMASTER
SUNDARMFIN,BSE,590071.BO,Sundaram Finance,SUNDARMFIN|Sundaram Finance|Sundaram Finance Limited,,INE660A01013,590071,IIFL_SCRIPMASTER
SUNDARAM,BSE,533166.BO,Sundaram Multi Pap,SUNDARAM|Sundaram Multi Pap|Sundaram Multi Pap Limited,,INE108E01023,533166,IIFL_SCRIPMASTER
SUNCLAY,BSE,544066.BO,Sundaram-Clayton,SUNCLAY|Sundaram-Clayton|Sundaram-Clayton Limited,,INE0Q3R01026,544066,IIFL_SCRIPMASTER
SUNDRMFAST,BSE,500403.BO,Sundram Fasteners,SUNDRMFAST|Sundram Fasteners|Sundram Fasteners Limited,,INE387A01021,500403,IIFL_SCRIPMASTER
SOCL,BSE,215513.BO,Sundrex Oil Company,SOCL|Sundrex Oil Company|Sundrex Oil Company Limited,,INE0CTB01014,215513,IIFL_SCRIPMASTER
SUNDROP,BSE,500215.BO,Sundrop Brands,SUNDROP|Sundrop Brands|Sundrop Brands Limited,,INE209A01019,500215,IIFL_SCRIPMASTER
SUNFLAG,BSE,500404.BO,Sunflag Iron & Steel Co.,SUNFLAG|Sunflag Iron & Steel Co.|Sunflag Iron & Steel Co.Limited,,INE947A01014,500404,IIFL_SCRIPMASTER
SEL,BSE,210569.BO,Sungarner Energies,SEL|Sungarner Energies|Sungarner Energies Limited,,INE0O3O01017,210569,IIFL_SCRIPMASTER
SUNILAGR,BSE,530953.BO,Sunil Agro Foods,SUNILAGR|Sunil Agro Foods|Sunil Agro Foods Limited,,INE224D01012,530953,IIFL_SCRIPMASTER
SUNLOC,BSE,537253.BO,Sunil Healthcare,SUNLOC|Sunil Healthcare|Sunil Healthcare Limited,,INE671C01016,537253,IIFL_SCRIPMASTER
SUNLITE,BSE,211883.BO,Sunlite Recycling Ind,SUNLITE|Sunlite Recycling Ind|Sunlite Recycling Ind Limited,,INE0U2N01013,211883,IIFL_SCRIPMASTER
SUNRAKSHAK,BSE,539300.BO,Sunrakshakk Industries India L,SUNRAKSHAK|Sunrakshakk Industries India L,,INE671K01027,539300,IIFL_SCRIPMASTER
SUNREST,BSE,210820.BO,Sunrest Lifescience,SUNREST|Sunrest Lifescience|Sunrest Lifescience Limited,,INE0PLZ01012,210820,IIFL_SCRIPMASTER
SUNREST-RE,BSE,216121.BO,Sunrest Lifescience,SUNREST-RE|Sunrest Lifescience|Sunrest Lifescience Limited,,INE0PLZ20012,216121,IIFL_SCRIPMASTER
SEML,BSE,543515.BO,Sunrise Efficient Marketing Li,SEML|Sunrise Efficient Marketing Li,,INE0KPY01017,543515,IIFL_SCRIPMASTER
SUNSHIEL,BSE,530845.BO,Sunshield Chemicals,SUNSHIEL|Sunshield Chemicals|Sunshield Chemicals Limited,,INE199E01014,530845,IIFL_SCRIPMASTER
SUNSKY,BSE,544566.BO,Sunsky Logistics,SUNSKY|Sunsky Logistics|Sunsky Logistics Limited,,INE10CM01027,544566,IIFL_SCRIPMASTER
SUNTECH,BSE,213482.BO,Suntech Infra Solutions L,SUNTECH|Suntech Infra Solutions L,,INE0SGZ01016,213482,IIFL_SCRIPMASTER
SUNTECK,BSE,512179.BO,Sunteck Realty,SUNTECK|Sunteck Realty|Sunteck Realty Limited,,INE805D01034,512179,IIFL_SCRIPMASTER
SUPERBAK,BSE,530735.BO,Super Bakers (India),SUPERBAK|Super Bakers (India)|Super Bakers (India) Limited,,INE897A01011,530735,IIFL_SCRIPMASTER
SUCROSA,BSE,530883.BO,Super Crop Safe,SUCROSA|Super Crop Safe|Super Crop Safe Limited,,INE366G01022,530883,IIFL_SCRIPMASTER
SUPER,BSE,512527.BO,Super Sales India,SUPER|Super Sales India|Super Sales India Limited,,INE091C01017,512527,IIFL_SCRIPMASTER
SUPERSPIN,BSE,521180.BO,Super Spinning Mills,SUPERSPIN|Super Spinning Mills|Super Spinning Mills Limited,,INE662A01027,521180,IIFL_SCRIPMASTER
SUPTANERY,BSE,523842.BO,Super Tannery,SUPTANERY|Super Tannery|Super Tannery Limited,,INE460D01038,523842,IIFL_SCRIPMASTER
SUPERHOUSE,BSE,523283.BO,Superhouse,SUPERHOUSE|Superhouse|Superhouse Limited,,INE712B01010,523283,IIFL_SCRIPMASTER
SUPERIOR,BSE,539835.BO,Superior Finlease,SUPERIOR|Superior Finlease|Superior Finlease Limited,,INE574R01028,539835,IIFL_SCRIPMASTER
SIEL,BSE,519234.BO,Superior Industrial Enterprise,SIEL|Superior Industrial Enterprise,,INE843L01012,519234,IIFL_SCRIPMASTER
SUPERSHAKT,BSE,541701.BO,Supershakti Metaliks,SUPERSHAKT|Supershakti Metaliks|Supershakti Metaliks Limited,,INE00SY01011,541701,IIFL_SCRIPMASTER
SEVL,BSE,544428.BO,Supertech Ev,SEVL|Supertech Ev|Supertech Ev Limited,,INE0SC101013,544428,IIFL_SCRIPMASTER
SUPERTEX,BSE,526133.BO,Supertex Industries,SUPERTEX|Supertex Industries|Supertex Industries Limited,,INE881B01054,526133,IIFL_SCRIPMASTER
SUPRAPFSL,BSE,540168.BO,Supra Pacific Financial Servic,SUPRAPFSL|Supra Pacific Financial Servic,,INE268T01015,540168,IIFL_SCRIPMASTER
SUPRATRE,BSE,511539.BO,Supra Trends,SUPRATRE|Supra Trends|Supra Trends Limited,,INE533B01028,511539,IIFL_SCRIPMASTER
SUPRAJIT,BSE,532509.BO,Suprajit Engineering,SUPRAJIT|Suprajit Engineering|Suprajit Engineering Limited,,INE399C01030,532509,IIFL_SCRIPMASTER
SUPREMEENG,BSE,208600.BO,Supreme Engineering,SUPREMEENG|Supreme Engineering|Supreme Engineering Limited,,INE319Z01021,208600,IIFL_SCRIPMASTER
SFML,BSE,212280.BO,Supreme Facility Mgmt,SFML|Supreme Facility Mgmt|Supreme Facility Mgmt Limited,,INE0U6N01014,212280,IIFL_SCRIPMASTER
SUPREME,BSE,530677.BO,Supreme Holdings & Hospitality,SUPREME|Supreme Holdings & Hospitality,,INE822E01011,530677,IIFL_SCRIPMASTER
SUPREMEIND,BSE,509930.BO,Supreme Industries,SUPREMEIND|Supreme Industries|Supreme Industries Limited,,INE195A01028,509930,IIFL_SCRIPMASTER
SUPREMEINF,BSE,532904.BO,Supreme Infrastructure India L,SUPREMEINF|Supreme Infrastructure India L,,INE550H01011,532904,IIFL_SCRIPMASTER
SPLPETRO,BSE,500405.BO,Supreme Petrochem,SPLPETRO|Supreme Petrochem|Supreme Petrochem Limited,,INE663A01033,500405,IIFL_SCRIPMASTER
SUPREMEPWR,BSE,210970.BO,Supreme Power Equipment L,SUPREMEPWR|Supreme Power Equipment L,,INE0QHG01026,210970,IIFL_SCRIPMASTER
SUPRIYA,BSE,543434.BO,Supriya Lifescience,SUPRIYA|Supriya Lifescience|Supriya Lifescience Limited,,INE07RO01027,543434,IIFL_SCRIPMASTER
SURAJLTD,BSE,531638.BO,Suraj,SURAJLTD|Suraj|Suraj Limited,,INE713C01016,531638,IIFL_SCRIPMASTER
SURAJEST,BSE,544054.BO,Suraj Estate Developers Limite,SURAJEST|Suraj Estate Developers Limite,,INE843S01025,544054,IIFL_SCRIPMASTER
SURAJINDPP,BSE,890226.BO,Suraj Industries,SURAJINDPP|Suraj Industries|Suraj Industries Limited.,,IN9170U01035,890226,IIFL_SCRIPMASTER
SURJIND,BSE,526211.BO,Suraj Industries,SURJIND|Suraj Industries|Suraj Industries Limited,,INE170U01011,526211,IIFL_SCRIPMASTER
SURAKSHA,BSE,544293.BO,Suraksha Diagnostic,SURAKSHA|Suraksha Diagnostic|Suraksha Diagnostic Limited,,INE877V01027,544293,IIFL_SCRIPMASTER
SURANASOL,BSE,533298.BO,Surana Solar,SURANASOL|Surana Solar|Surana Solar Limited,,INE272L01022,533298,IIFL_SCRIPMASTER
SURANAT&P,BSE,517530.BO,Surana Telecom and Power Limit,SURANAT&P|Surana Telecom and Power Limit,,INE130B01031,517530,IIFL_SCRIPMASTER
SURANI,BSE,200566.BO,Surani Steel Tubes,SURANI|Surani Steel Tubes|Surani Steel Tubes Limited,,INE01ZJ01015,200566,IIFL_SCRIPMASTER
SURATRAML,BSE,530185.BO,Surat Trade and Mercantile Lim,SURATRAML|Surat Trade and Mercantile Lim,,INE936A01025,530185,IIFL_SCRIPMASTER
SBGLP,BSE,543218.BO,Suratwwala Business Group Limi,SBGLP|Suratwwala Business Group Limi,,INE05ST01028,543218,IIFL_SCRIPMASTER
SARVOTTAM,BSE,539124.BO,Survottam Finvest,SARVOTTAM|Survottam Finvest|Survottam Finvest Limited,,INE822Q01015,539124,IIFL_SCRIPMASTER
SURYAINDIA,BSE,539253.BO,Surya India,SURYAINDIA|Surya India|Surya India Limited,,INE446E01019,539253,IIFL_SCRIPMASTER
SURYAROSNI,BSE,500336.BO,Surya Roshni,SURYAROSNI|Surya Roshni|Surya Roshni Limited,,INE335A01020,500336,IIFL_SCRIPMASTER
SURYAAMBA,BSE,533101.BO,Suryaamba Spinning Mills,SURYAAMBA|Suryaamba Spinning Mills|Suryaamba Spinning Mills Limited,,INE360J01011,533101,IIFL_SCRIPMASTER
SURYALAXMI,BSE,521200.BO,Suryalakshmi Cotton Mills,SURYALAXMI|Suryalakshmi Cotton Mills|Suryalakshmi Cotton Mills Limited,,INE713B01026,521200,IIFL_SCRIPMASTER
SURYALA,BSE,514138.BO,Suryalata Spinning Mills,SURYALA|Suryalata Spinning Mills|Suryalata Spinning Mills Limited,,INE132C01027,514138,IIFL_SCRIPMASTER
SURFI,BSE,519604.BO,Suryo Foods & Industries,SURFI|Suryo Foods & Industries|Suryo Foods & Industries Limited,,INE565E01016,519604,IIFL_SCRIPMASTER
SURYODAY,BSE,543279.BO,Suryoday Small Finance Bank Li,SURYODAY|Suryoday Small Finance Bank Li,,INE428Q01011,543279,IIFL_SCRIPMASTER
SUTLEJTEX,BSE,532782.BO,Sutlej Textiles & Industries L,SUTLEJTEX|Sutlej Textiles & Industries L,,INE645H01027,532782,IIFL_SCRIPMASTER
SUULD,BSE,202781.BO,Suumaya Industries,SUULD|Suumaya Industries|Suumaya Industries Limited,,INE591Q01016,202781,IIFL_SCRIPMASTER
SUVEN,BSE,530239.BO,Suven Life Sciences,SUVEN|Suven Life Sciences|Suven Life Sciences Limited,,INE495B01038,530239,IIFL_SCRIPMASTER
SUVIDHAA,BSE,543281.BO,Suvidhaa Infoserve,SUVIDHAA|Suvidhaa Infoserve|Suvidhaa Infoserve Limited,,INE018401013,543281,IIFL_SCRIPMASTER
SGFRL,BSE,543391.BO,Suyog Gurbaxani Funicular Rope,SGFRL|Suyog Gurbaxani Funicular Rope,,INE07GA01011,543391,IIFL_SCRIPMASTER
SUYOG,BSE,537259.BO,Suyog Telematics,SUYOG|Suyog Telematics|Suyog Telematics Limited,,INE442P01014,537259,IIFL_SCRIPMASTER
SUZLON,BSE,532667.BO,Suzlon Energy,SUZLON|Suzlon Energy|Suzlon Energy Limited,,INE040H01021,532667,IIFL_SCRIPMASTER
ZSVARAJT,BSE,503624.BO,Svaraj Trading & Agencies,Svaraj Trading & Agencies|Svaraj Trading & Agencies Limited|ZSVARAJT,,INE406N01014,503624,IIFL_SCRIPMASTER
SNIM,BSE,539911.BO,Svarnim Trade Udyog,SNIM|Svarnim Trade Udyog|Svarnim Trade Udyog Limited,,INE730R01042,539911,IIFL_SCRIPMASTER
SVCIND,BSE,524488.BO,Svc Industries,SVCIND|Svc Industries|Svc Industries Limited,,INE038B01010,524488,IIFL_SCRIPMASTER
SVS,BSE,543745.BO,Svs Ventures,SVS|Svs Ventures|Svs Ventures Limited,,INE0MID01012,543745,IIFL_SCRIPMASTER
SWADPOL,BSE,503816.BO,Swadeshi Polytex,SWADPOL|Swadeshi Polytex|Swadeshi Polytex Limited,,INE243N01029,503816,IIFL_SCRIPMASTER
SWAGTAM,BSE,539406.BO,Swagatam Trading & Services Li,SWAGTAM|Swagatam Trading & Services Li,,INE150R01019,539406,IIFL_SCRIPMASTER
SWANCORP,BSE,503310.BO,Swan Corp,SWANCORP|Swan Corp|Swan Corp Limited,,INE665A01038,503310,IIFL_SCRIPMASTER
SWARAJENG,BSE,500407.BO,Swaraj Engines,SWARAJENG|Swaraj Engines|Swaraj Engines Limited,,INE277A01016,500407,IIFL_SCRIPMASTER
SWARAJ,BSE,208661.BO,Swaraj Suiting,SWARAJ|Swaraj Suiting|Swaraj Suiting Limited,,INE0GMR01016,208661,IIFL_SCRIPMASTER
SWRNASE,BSE,531003.BO,Swarna Securities,SWRNASE|Swarna Securities|Swarna Securities Limited,,INE595G01018,531003,IIFL_SCRIPMASTER
SWARNSAR,BSE,526365.BO,Swarnsarita Jewels India Limit,SWARNSAR|Swarnsarita Jewels India Limit,,INE967A01012,526365,IIFL_SCRIPMASTER
SPL,BSE,544035.BO,Swashthik Plascon,SPL|Swashthik Plascon|Swashthik Plascon Limited,,INE0RDR01012,544035,IIFL_SCRIPMASTER
SWASTH,BSE,544368.BO,Swasth Foodtech India,SWASTH|Swasth Foodtech India|Swasth Foodtech India Limited,,INE0TIR01017,544368,IIFL_SCRIPMASTER
SVARTCORP,BSE,512257.BO,Swasti Vinayaka Art and Herita,SVARTCORP|Swasti Vinayaka Art and Herita,,INE895A01023,512257,IIFL_SCRIPMASTER
SWASTIVI,BSE,510245.BO,Swasti Vinayaka Synthetics,SWASTIVI|Swasti Vinayaka Synthetics|Swasti Vinayaka Synthetics Limited,,INE804A01025,510245,IIFL_SCRIPMASTER
SWASTIK,BSE,209173.BO,Swastik Pipe,SWASTIK|Swastik Pipe|Swastik Pipe Limited,,INE0DGC01025,209173,IIFL_SCRIPMASTER
SWASTIKAAL,BSE,544452.BO,Swastika Castal,SWASTIKAAL|Swastika Castal|Swastika Castal Limited,,INE0PTF01017,544452,IIFL_SCRIPMASTER
SWASTIKA,BSE,530585.BO,Swastika Investmart,SWASTIKA|Swastika Investmart|Swastika Investmart Limited,,INE691C01022,530585,IIFL_SCRIPMASTER
SWATIPRO,BSE,543914.BO,Swati Projects,SWATIPRO|Swati Projects|Swati Projects Limited,,INE210F01016,543914,IIFL_SCRIPMASTER
SWELECTES,BSE,532051.BO,Swelect Energy Systems,SWELECTES|Swelect Energy Systems|Swelect Energy Systems Limited,,INE409B01013,532051,IIFL_SCRIPMASTER
SWIGGY,BSE,544285.BO,Swiggy,SWIGGY|Swiggy|Swiggy Limited,,INE00H001014,544285,IIFL_SCRIPMASTER
SWISSMLTRY,BSE,523558.BO,Swiss Military Consumer Goods,SWISSMLTRY|Swiss Military Consumer Goods,,INE010C01025,523558,IIFL_SCRIPMASTER
SWITCHTE,BSE,517201.BO,Switching Technologies Gunther,SWITCHTE|Switching Technologies Gunther,,INE311D01017,517201,IIFL_SCRIPMASTER
SWOJAS,BSE,530217.BO,Swojas Foods,SWOJAS|Swojas Foods|Swojas Foods Limited,,INE295B01016,530217,IIFL_SCRIPMASTER
SYLVANPLY,BSE,211713.BO,Sylvan Plyboard (India) L,SYLVANPLY|Sylvan Plyboard (India) L,,INE01IH01015,211713,IIFL_SCRIPMASTER
SYMBIOX,BSE,539278.BO,Symbiox Investment & Trading C,SYMBIOX|Symbiox Investment & Trading C,,INE653R01012,539278,IIFL_SCRIPMASTER
SYMPHONY,BSE,517385.BO,Symphony,SYMPHONY|Symphony|Symphony Limited,,INE225D01027,517385,IIFL_SCRIPMASTER
SYNCOMF,BSE,524470.BO,Syncom Formulations (India) Lt,SYNCOMF|Syncom Formulations (India) Lt,,INE312C01025,524470,IIFL_SCRIPMASTER
SGIL,BSE,541929.BO,Synergy Green Industries Limit,SGIL|Synergy Green Industries Limit,,INE00QT01015,541929,IIFL_SCRIPMASTER
SYNGENE,BSE,539268.BO,Syngene International,SYNGENE|Syngene International|Syngene International Limited,,INE398R01022,539268,IIFL_SCRIPMASTER
SYNOPTICS,BSE,210476.BO,Synoptics Technologies L,SYNOPTICS|Synoptics Technologies L,,INE0BTR01012,210476,IIFL_SCRIPMASTER
SYRMA,BSE,543573.BO,Syrma Sgs Technology,SYRMA|Syrma Sgs Technology|Syrma Sgs Technology Limited,,INE0DYJ01015,543573,IIFL_SCRIPMASTER
SYSCHEM,BSE,531173.BO,Syschem (India),SYSCHEM|Syschem (India)|Syschem (India) Limited,,INE121D01036,531173,IIFL_SCRIPMASTER
SYSTANGO,BSE,209554.BO,Systango Technologies,SYSTANGO|Systango Technologies|Systango Technologies Limited,,INE0O7R01011,209554,IIFL_SCRIPMASTER
SYSTMTXC,BSE,526506.BO,Systematix Corporate Services,SYSTMTXC|Systematix Corporate Services,,INE356B01024,526506,IIFL_SCRIPMASTER
SYTIXSE,BSE,531432.BO,Systematix Securities,SYTIXSE|Systematix Securities|Systematix Securities Limited,,INE07P301011,531432,IIFL_SCRIPMASTER
TIGLOB,BSE,522294.BO,T & I Global,T & I Global|T & I Global Limited|TIGLOB,,INE811B01010,522294,IIFL_SCRIPMASTER
TDPOWERSYS,BSE,533553.BO,T D Power Systems,T D Power Systems|T D Power Systems Limited|TDPOWERSYS,,INE419M01027,533553,IIFL_SCRIPMASTER
TTL,BSE,514142.BO,T T,T T|T T Limited|TTL,,INE592B01024,514142,IIFL_SCRIPMASTER
TCS,BSE,532540.BO,TCS,TCS|Tata Consultancy Services|Tata Consultancy Services Limited,,INE467B01029,532540,IIFL_SCRIPMASTER
TAALTECH,BSE,539956.BO,Taal Tech,TAALTECH|Taal Tech|Taal Tech Limited,,INE524T01011,539956,IIFL_SCRIPMASTER
TAC,BSE,211492.BO,Tac Infosec,TAC|Tac Infosec|Tac Infosec Limited,,INE0SOY01013,211492,IIFL_SCRIPMASTER
TAHMARENT,BSE,516032.BO,Tahmar Enterprises,TAHMARENT|Tahmar Enterprises|Tahmar Enterprises Limited,,INE385D01029,516032,IIFL_SCRIPMASTER
TAINWALCHM,BSE,507785.BO,Tainwala Chemicals & Plastics,TAINWALCHM|Tainwala Chemicals & Plastics,,INE123C01018,507785,IIFL_SCRIPMASTER
TAJGVK,BSE,532390.BO,Tajgvk Hotels & Resorts,TAJGVK|Tajgvk Hotels & Resorts|Tajgvk Hotels & Resorts Limited,,INE586B01026,532390,IIFL_SCRIPMASTER
TAKYON,BSE,544471.BO,Takyon Networks,TAKYON|Takyon Networks|Takyon Networks Limited,,INE14OX01013,544471,IIFL_SCRIPMASTER
TALBROAUTO,BSE,505160.BO,Talbros Automotive Components,TALBROAUTO|Talbros Automotive Components,,INE187D01029,505160,IIFL_SCRIPMASTER
TALBROSENG,BSE,538987.BO,Talbros Engineering,TALBROSENG|Talbros Engineering|Talbros Engineering Limited,,INE717E01013,538987,IIFL_SCRIPMASTER
TAMBOLIIN,BSE,533170.BO,Tamboli Industries,TAMBOLIIN|Tamboli Industries|Tamboli Industries Limited,,INE864J01012,533170,IIFL_SCRIPMASTER
TNPL,BSE,531426.BO,Tamil Nadu Newsprint & Papers,TNPL|Tamil Nadu Newsprint & Papers,,INE107A01015,531426,IIFL_SCRIPMASTER
TMB,BSE,543596.BO,Tamilnad Mercantile Bank Limit,TMB|Tamilnad Mercantile Bank Limit,,INE668A01016,543596,IIFL_SCRIPMASTER
TNPETRO,BSE,500777.BO,Tamilnadu Petroproducts,TNPETRO|Tamilnadu Petroproducts|Tamilnadu Petroproducts Limited,,INE148A01019,500777,IIFL_SCRIPMASTER
TNTELE,BSE,523419.BO,Tamilnadu Telecommunications L,TNTELE|Tamilnadu Telecommunications L,,INE141D01018,523419,IIFL_SCRIPMASTER
TANAA,BSE,522229.BO,Taneja Aerospace & Aviation Lt,TANAA|Taneja Aerospace & Aviation Lt,,INE692C01020,522229,IIFL_SCRIPMASTER
TANFACIND,BSE,506854.BO,Tanfac Industries,TANFACIND|Tanfac Industries|Tanfac Industries Limited,,INE639B01023,506854,IIFL_SCRIPMASTER
TANKUP,BSE,213242.BO,Tankup Engineers,TANKUP|Tankup Engineers|Tankup Engineers Limited,,INE0Z7N01017,213242,IIFL_SCRIPMASTER
TANLA,BSE,532790.BO,Tanla Platforms,TANLA|Tanla Platforms|Tanla Platforms Limited,,INE483C01032,532790,IIFL_SCRIPMASTER
TANVI,BSE,540332.BO,Tanvi Foods (India),TANVI|Tanvi Foods (India)|Tanvi Foods (India) Limited,,INE978V01015,540332,IIFL_SCRIPMASTER
TAPIFRUIT,BSE,209115.BO,Tapi Fruit Processing,TAPIFRUIT|Tapi Fruit Processing|Tapi Fruit Processing Limited,,INE0M7001010,209115,IIFL_SCRIPMASTER
TARACHAND,BSE,212236.BO,Tara Chand Infra Soln,TARACHAND|Tara Chand Infra Soln|Tara Chand Infra Soln Limited,,INE555Z01020,212236,IIFL_SCRIPMASTER
TARAPUR,BSE,533203.BO,Tarapur Transformers,TARAPUR|Tarapur Transformers|Tarapur Transformers Limited,,INE747K01017,533203,IIFL_SCRIPMASTER
TARC,BSE,543249.BO,Tarc,TARC|Tarc|Tarc Limited,,INE0EK901012,543249,IIFL_SCRIPMASTER
TARINI,BSE,538496.BO,Tarini International,TARINI|Tarini International|Tarini International Limited,,INE849M01017,538496,IIFL_SCRIPMASTER
TARMAT,BSE,532869.BO,Tarmat,TARMAT|Tarmat|Tarmat Limited,,INE924H01018,532869,IIFL_SCRIPMASTER
TARSONS,BSE,543399.BO,Tarsons Products,TARSONS|Tarsons Products|Tarsons Products Limited,,INE144Z01023,543399,IIFL_SCRIPMASTER
TASTYBITE,BSE,519091.BO,Tasty Bite Eatables,TASTYBITE|Tasty Bite Eatables|Tasty Bite Eatables Limited,,INE488B01017,519091,IIFL_SCRIPMASTER
TATACAP,BSE,544574.BO,Tata Capital,TATACAP|Tata Capital|Tata Capital Limited,,INE976I01016,544574,IIFL_SCRIPMASTER
TATACHEM,BSE,500770.BO,Tata Chemicals,TATACHEM|Tata Chemicals|Tata Chemicals Limited,,INE092A01019,500770,IIFL_SCRIPMASTER
TATACOMM,BSE,500483.BO,Tata Communications,TATACOMM|Tata Communications|Tata Communications Limited,,INE151A01013,500483,IIFL_SCRIPMASTER
TATACONSUM,BSE,500800.BO,Tata Consumer Products,TATACONSUM|Tata Consumer Products|Tata Consumer Products Limited,,INE192A01025,500800,IIFL_SCRIPMASTER
TATAELXSI,BSE,500408.BO,Tata Elxsi,TATAELXSI|Tata Elxsi|Tata Elxsi Limited,,INE670A01012,500408,IIFL_SCRIPMASTER
TATAINVEST,BSE,501301.BO,Tata Investment Lt,TATAINVEST|Tata Investment Corporation Lt|Tata Investment Lt,,INE672A01026,501301,IIFL_SCRIPMASTER
TMCV,BSE,544569.BO,Tata Motors,TMCV|Tata Motors|Tata Motors Limited,,INE1TAE01010,544569,IIFL_SCRIPMASTER
TMPV,BSE,500570.BO,Tata Motors Passenger Vehicles,TMPV|Tata Motors Passenger Vehicles,,INE155A01022,500570,IIFL_SCRIPMASTER
TATAPOWER,BSE,500400.BO,Tata Power Co.,TATAPOWER|Tata Power Co.|Tata Power Co.Limited,,INE245A01021,500400,IIFL_SCRIPMASTER
TATASTEEL,BSE,500470.BO,Tata Steel,TATASTEEL|Tata Steel|Tata Steel Limited,,INE081A01020,500470,IIFL_SCRIPMASTER
TATATECH,BSE,544028.BO,Tata Technologies,TATATECH|Tata Technologies|Tata Technologies Limited,,INE142M01025,544028,IIFL_SCRIPMASTER
TTML,BSE,532371.BO,Tata Teleservices (Maharashtra,TTML|Tata Teleservices (Maharashtra,,INE517B01013,532371,IIFL_SCRIPMASTER
TATIAGLOB,BSE,521228.BO,Tatia Global Vennture,TATIAGLOB|Tatia Global Vennture|Tatia Global Vennture Limited,,INE083G01031,521228,IIFL_SCRIPMASTER
TATVA,BSE,543321.BO,Tatva Chintan Pharma Chem Limi,TATVA|Tatva Chintan Pharma Chem Limi,,INE0GK401011,543321,IIFL_SCRIPMASTER
TAURIAN,BSE,213752.BO,Taurian Mps,TAURIAN|Taurian Mps|Taurian Mps Limited,,INE0XWS01018,213752,IIFL_SCRIPMASTER
TRL,BSE,541228.BO,Taylormade Renewables,TRL|Taylormade Renewables|Taylormade Renewables Limited,,INE459Z01017,541228,IIFL_SCRIPMASTER
TBI,BSE,211659.BO,Tbi Corn,TBI|Tbi Corn|Tbi Corn Limited,,INE0N2D01013,211659,IIFL_SCRIPMASTER
TBOTEK,BSE,544174.BO,Tbo Tek,TBOTEK|Tbo Tek|Tbo Tek Limited,,INE673O01025,544174,IIFL_SCRIPMASTER
TCC,BSE,512038.BO,Tcc Concept,TCC|Tcc Concept|Tcc Concept Limited,,INE887D01016,512038,IIFL_SCRIPMASTER
TCFCFINQ,BSE,532284.BO,Tcfc Finance,TCFCFINQ|Tcfc Finance|Tcfc Finance Limited,,INE389D01013,532284,IIFL_SCRIPMASTER
TCIEXP,BSE,540212.BO,Tci Express,TCIEXP|Tci Express|Tci Express Limited,,INE586V01016,540212,IIFL_SCRIPMASTER
TCIFINANCE,BSE,501242.BO,Tci Finance,TCIFINANCE|Tci Finance|Tci Finance Limited,,INE911B01018,501242,IIFL_SCRIPMASTER
TCIIND,BSE,532262.BO,Tci Industries,TCIIND|Tci Industries|Tci Industries Limited,,INE920B01019,532262,IIFL_SCRIPMASTER
TCMLMTD,BSE,524156.BO,Tcm,TCMLMTD|Tcm|Tcm Limited,,INE034F01010,524156,IIFL_SCRIPMASTER
TCPLPACK,BSE,523301.BO,Tcpl Packaging,TCPLPACK|Tcpl Packaging|Tcpl Packaging Limited,,INE822C01015,523301,IIFL_SCRIPMASTER
TEAMGTY,BSE,511559.BO,Team India Guaranty,TEAMGTY|Team India Guaranty|Team India Guaranty Limited,,INE289C01025,511559,IIFL_SCRIPMASTER
TEAM24,BSE,500458.BO,Team24 Consumer Products Limit,TEAM24|Team24 Consumer Products Limit,,INE601A01017,500458,IIFL_SCRIPMASTER
TEAMLEASE,BSE,539658.BO,Teamlease Services,TEAMLEASE|Teamlease Services|Teamlease Services Limited,,INE985S01024,539658,IIFL_SCRIPMASTER
TPHQ,BSE,533048.BO,Teamo Productions Hq,TPHQ|Teamo Productions Hq|Teamo Productions Hq Limited,,INE065J01024,533048,IIFL_SCRIPMASTER
TECHM,BSE,532755.BO,Tech Mahindra,TECHM|Tech Mahindra|Tech Mahindra Limited,,INE669C01036,532755,IIFL_SCRIPMASTER
TECHD,BSE,213778.BO,Techd Cybersecurity,TECHD|Techd Cybersecurity|Techd Cybersecurity Limited,,INE0Y5H01014,213778,IIFL_SCRIPMASTER
TECHERA,BSE,212053.BO,Techera Engineer (Ind) L,TECHERA|Techera Engineer (Ind) L,,INE0JQS01019,212053,IIFL_SCRIPMASTER
TECHKGREEN,BSE,543991.BO,Techknowgreen Solutions Limite,TECHKGREEN|Techknowgreen Solutions Limite,,INE0P4P01011,543991,IIFL_SCRIPMASTER
TECHNICHEM,BSE,544327.BO,Technichem Organics,TECHNICHEM|Technichem Organics|Technichem Organics Limited,,INE0ZHT01012,544327,IIFL_SCRIPMASTER
TECHNOE,BSE,542141.BO,Techno Electric & Engineering,TECHNOE|Techno Electric & Engineering,,INE285K01026,542141,IIFL_SCRIPMASTER
TIIL,BSE,532804.BO,Technocraft Industries (India),TIIL|Technocraft Industries (India),,INE545H01011,532804,IIFL_SCRIPMASTER
TECHNOPACK,BSE,543656.BO,Technopack Polymers,TECHNOPACK|Technopack Polymers|Technopack Polymers Limited,,INE0MXP01015,543656,IIFL_SCRIPMASTER
TECHNVISN,BSE,501421.BO,Technvision Ventures,TECHNVISN|Technvision Ventures|Technvision Ventures Limited,,INE314H01012,501421,IIFL_SCRIPMASTER
TECILCHEM,BSE,506680.BO,Tecil Chemicals & Hydro Power,TECILCHEM|Tecil Chemicals & Hydro Power,,INE014B01011,506680,IIFL_SCRIPMASTER
TGL,BSE,211508.BO,Teerth Gopicon,TGL|Teerth Gopicon|Teerth Gopicon Limited,,INE0K6601012,211508,IIFL_SCRIPMASTER
TEEAI,BSE,524204.BO,Teesta Agro Industries,TEEAI|Teesta Agro Industries|Teesta Agro Industries Limited,,INE757D01011,524204,IIFL_SCRIPMASTER
TEGA,BSE,543413.BO,Tega Industries,TEGA|Tega Industries|Tega Industries Limited,,INE011K01018,543413,IIFL_SCRIPMASTER
TEJASCARGO,BSE,212532.BO,Tejas Cargo India,TEJASCARGO|Tejas Cargo India|Tejas Cargo India Limited,,INE17WC01013,212532,IIFL_SCRIPMASTER
TEJASNET,BSE,540595.BO,Tejas Networks,TEJASNET|Tejas Networks|Tejas Networks Limited,,INE010J01012,540595,IIFL_SCRIPMASTER
TEJNAKSH,BSE,539428.BO,Tejnaksh Healthcare,TEJNAKSH|Tejnaksh Healthcare|Tejnaksh Healthcare Limited,,INE030T01027,539428,IIFL_SCRIPMASTER
TELECANOR,BSE,530595.BO,Telecanor Global,TELECANOR|Telecanor Global|Telecanor Global Limited,,INE381G01013,530595,IIFL_SCRIPMASTER
TELGE,BSE,544544.BO,Telge Projects,TELGE|Telge Projects|Telge Projects Limited,,INE0SRP01014,544544,IIFL_SCRIPMASTER
TEMBO,BSE,200761.BO,Tembo Global Ind,TEMBO|Tembo Global Ind|Tembo Global Ind Limited,,INE869Y01010,200761,IIFL_SCRIPMASTER
TENNIND,BSE,544612.BO,Tenneco Clean Air India Limite,TENNIND|Tenneco Clean Air India Limite,,INE19RI01016,544612,IIFL_SCRIPMASTER
TERASOFT,BSE,533982.BO,Tera Software,TERASOFT|Tera Software|Tera Software Limited,,INE482B01010,533982,IIFL_SCRIPMASTER
TERAI,BSE,530533.BO,Terai Tea Co.,TERAI|Terai Tea Co.|Terai Tea Co.Limited,,INE390D01011,530533,IIFL_SCRIPMASTER
TEXELIN,BSE,526638.BO,Texel Industries,TEXELIN|Texel Industries|Texel Industries Limited,,INE594V01028,526638,IIFL_SCRIPMASTER
TEXINFRA,BSE,505400.BO,Texmaco Infrastructure & Holdi,TEXINFRA|Texmaco Infrastructure & Holdi,,INE435C01024,505400,IIFL_SCRIPMASTER
TEXRAIL,BSE,533326.BO,Texmaco Rail & Engineering,TEXRAIL|Texmaco Rail & Engineering|Texmaco Rail & Engineering Limited,,INE621L01012,533326,IIFL_SCRIPMASTER
TEXMOPIPES,BSE,533164.BO,Texmo Pipes & Products,TEXMOPIPES|Texmo Pipes & Products|Texmo Pipes & Products Limited,,INE141K01013,533164,IIFL_SCRIPMASTER
TGBHOTELS,BSE,532845.BO,Tgb Banquets and Hotels,TGBHOTELS|Tgb Banquets and Hotels|Tgb Banquets and Hotels Limited,,INE797H01018,532845,IIFL_SCRIPMASTER
TGIF,BSE,544175.BO,Tgif Agribusiness,TGIF|Tgif Agribusiness|Tgif Agribusiness Limited,,INE0SMU01015,544175,IIFL_SCRIPMASTER
TGVSL,BSE,507753.BO,Tgv Sraac,TGVSL|Tgv Sraac|Tgv Sraac Limited,,INE284B01028,507753,IIFL_SCRIPMASTER
TCL,BSE,211173.BO,Thaai Casting,TCL|Thaai Casting|Thaai Casting Limited,,INE0QJL01014,211173,IIFL_SCRIPMASTER
THACKER,BSE,509945.BO,Thacker & Co.,THACKER|Thacker & Co.|Thacker & Co.Limited,,INE077P01034,509945,IIFL_SCRIPMASTER
THAKDEV,BSE,526654.BO,Thakkers Developers,THAKDEV|Thakkers Developers|Thakkers Developers Limited,,INE403F01017,526654,IIFL_SCRIPMASTER
THAKKERS,BSE,507530.BO,Thakkers Group,THAKKERS|Thakkers Group|Thakkers Group Limited,,INE04VT01017,507530,IIFL_SCRIPMASTER
THAKRAL,BSE,509015.BO,Thakral Services (India),THAKRAL|Thakral Services (India)|Thakral Services (India) Limited,,INE190F01028,509015,IIFL_SCRIPMASTER
THANGAMAYL,BSE,533158.BO,Thangamayil Jewellery,THANGAMAYL|Thangamayil Jewellery|Thangamayil Jewellery Limited,,INE085J01014,533158,IIFL_SCRIPMASTER
ANUP,BSE,542460.BO,The Anup Engineering,ANUP|The Anup Engineering|The Anup Engineering Limited,,INE294Z01018,542460,IIFL_SCRIPMASTER
BBTC,BSE,501425.BO,The Bombay Burmah Trading Corp,BBTC|The Bombay Burmah Trading Corp,,INE050A01025,501425,IIFL_SCRIPMASTER
BYKE,BSE,531373.BO,The Byke Hospitality,BYKE|The Byke Hospitality|The Byke Hospitality Limited,,INE319B01014,531373,IIFL_SCRIPMASTER
GROBTEA,BSE,204347.BO,The Grob Tea Company,GROBTEA|The Grob Tea Company|The Grob Tea Company Limited,,INE646C01018,204347,IIFL_SCRIPMASTER
IWP,BSE,540954.BO,The Indian Wood Products Co. L,IWP|The Indian Wood Products Co. L,,INE586E01020,540954,IIFL_SCRIPMASTER
THEINVEST,BSE,530023.BO,The Investment Trust of India,THEINVEST|The Investment Trust of India,,INE924D01017,530023,IIFL_SCRIPMASTER
NIACL,BSE,540769.BO,The New India Assurance Compan,NIACL|The New India Assurance Compan,,INE470Y01017,540769,IIFL_SCRIPMASTER
PKTEA,BSE,204759.BO,The P K Tea Prod Co,PKTEA|The P K Tea Prod Co|The P K Tea Prod Co Limited,,INE431F01018,204759,IIFL_SCRIPMASTER
PHOENIXLTD,BSE,503100.BO,The Phoenix Mills,PHOENIXLTD|The Phoenix Mills|The Phoenix Mills Limited,,INE211B01039,503100,IIFL_SCRIPMASTER
PHOSPHATE,BSE,542123.BO,The Phosphate Company,PHOSPHATE|The Phosphate Company|The Phosphate Company Limited,,INE398C01016,542123,IIFL_SCRIPMASTER
RAMCOCEM,BSE,500260.BO,The Ramco Cements,RAMCOCEM|The Ramco Cements|The Ramco Cements Limited,,INE331A01037,500260,IIFL_SCRIPMASTER
RAVALSUGAR,BSE,507300.BO,The Ravalgaon Sugar Farm Limit,RAVALSUGAR|The Ravalgaon Sugar Farm Limit,,INE615A01025,507300,IIFL_SCRIPMASTER
WIPL,BSE,205116.BO,The Western India Ply,The Western India Ply|The Western India Ply Limited|WIPL,,INE215F01023,205116,IIFL_SCRIPMASTER
YSL,BSE,540980.BO,The Yamuna Syndicate,The Yamuna Syndicate|The Yamuna Syndicate Limited|YSL,,INE868X01014,540980,IIFL_SCRIPMASTER
THEJO,BSE,204968.BO,Thejo Engineering,THEJO|Thejo Engineering|Thejo Engineering Limited,,INE121N01019,204968,IIFL_SCRIPMASTER
THEMISMED,BSE,530199.BO,Themis Medicare,THEMISMED|Themis Medicare|Themis Medicare Limited,,INE083B01024,530199,IIFL_SCRIPMASTER
THERMAX,BSE,500411.BO,Thermax,THERMAX|Thermax|Thermax Limited,,INE152A01029,500411,IIFL_SCRIPMASTER
THESL,BSE,212054.BO,Thinking Hats Enter Sol L,THESL|Thinking Hats Enter Sol L,,INE0SHE01019,212054,IIFL_SCRIPMASTER
TPROJECT,BSE,538464.BO,Thirani Projects,TPROJECT|Thirani Projects|Thirani Projects Limited,,INE901C01017,538464,IIFL_SCRIPMASTER
TIRUMALCHM,BSE,500412.BO,Thirumalai Chemicals,TIRUMALCHM|Thirumalai Chemicals|Thirumalai Chemicals Limited,,INE338A01024,500412,IIFL_SCRIPMASTER
THOMASCOOK,BSE,500413.BO,Thomas Cook (India),THOMASCOOK|Thomas Cook (India)|Thomas Cook (India) Limited,,INE332A01027,500413,IIFL_SCRIPMASTER
THOMASCOTT,BSE,533941.BO,Thomas Scott (India),THOMASCOTT|Thomas Scott (India)|Thomas Scott (India) Limited,,INE480M01011,533941,IIFL_SCRIPMASTER
THREEMPAPE,BSE,544214.BO,Three M Paper Boards,THREEMPAPE|Three M Paper Boards|Three M Paper Boards Limited,,INE0UK501010,544214,IIFL_SCRIPMASTER
THRIVE,BSE,523120.BO,Thrive Future Habitats,THRIVE|Thrive Future Habitats|Thrive Future Habitats Limited,,INE628D01014,523120,IIFL_SCRIPMASTER
THYROCARE,BSE,539871.BO,Thyrocare Technologies,THYROCARE|Thyrocare Technologies|Thyrocare Technologies Limited,,INE594H01019,539871,IIFL_SCRIPMASTER
TIERRA,BSE,543531.BO,Tierra Agrotech,TIERRA|Tierra Agrotech|Tierra Agrotech Limited,,INE05CY01014,543531,IIFL_SCRIPMASTER
TIL,BSE,505196.BO,Til,TIL|Til|Til Limited,,INE806C01018,505196,IIFL_SCRIPMASTER
TILPP,BSE,890237.BO,Til,TILPP|Til|Til Limited,,IN9806C01016,890237,IIFL_SCRIPMASTER
TI,BSE,507205.BO,Tilaknagar Industries,TI|Tilaknagar Industries|Tilaknagar Industries Limited,,INE133E01013,507205,IIFL_SCRIPMASTER
TIMETECHNO,BSE,532856.BO,Time Technoplast,TIMETECHNO|Time Technoplast|Time Technoplast Limited,,INE508G01029,532856,IIFL_SCRIPMASTER
TIMESGREEN,BSE,543310.BO,Times Green Energy (India) Lim,TIMESGREEN|Times Green Energy (India) Lim,,INE0B6101012,543310,IIFL_SCRIPMASTER
TIMESCAN,BSE,208475.BO,Timescan Logistics Ind L,TIMESCAN|Timescan Logistics Ind L,,INE0IJY01014,208475,IIFL_SCRIPMASTER
TIMEX,BSE,500414.BO,Timex Group India,TIMEX|Timex Group India|Timex Group India Limited,,INE064A01026,500414,IIFL_SCRIPMASTER
TIMKEN,BSE,522113.BO,Timken India,TIMKEN|Timken India|Timken India Limited,,INE325A01013,522113,IIFL_SCRIPMASTER
TINNARUBR,BSE,530475.BO,Tinna Rubber and Infrastructur,TINNARUBR|Tinna Rubber and Infrastructur,,INE015C01016,530475,IIFL_SCRIPMASTER
TIPSFILMS,BSE,543614.BO,Tips Films,TIPSFILMS|Tips Films|Tips Films Limited,,INE0LQS01015,543614,IIFL_SCRIPMASTER
TIPSMUSIC,BSE,532375.BO,Tips Music,TIPSMUSIC|Tips Music|Tips Music Limited,,INE716B01029,532375,IIFL_SCRIPMASTER
TIRTPLS,BSE,526675.BO,Tirth Plastic,TIRTPLS|Tirth Plastic|Tirth Plastic Limited,,INE008N01018,526675,IIFL_SCRIPMASTER
TIRUFOAM,BSE,540904.BO,Tirupati Foam,TIRUFOAM|Tirupati Foam|Tirupati Foam Limited,,INE115G01015,540904,IIFL_SCRIPMASTER
TIRUPATIFL,BSE,208300.BO,Tirupati Forge,TIRUPATIFL|Tirupati Forge|Tirupati Forge Limited,,INE319Y01024,208300,IIFL_SCRIPMASTER
TIRSARJ,BSE,531814.BO,Tirupati Sarjan,TIRSARJ|Tirupati Sarjan|Tirupati Sarjan Limited,,INE297J01023,531814,IIFL_SCRIPMASTER
TIRUSTA,BSE,524582.BO,Tirupati Starch & Chemicals Lt,TIRUSTA|Tirupati Starch & Chemicals Lt,,INE314D01011,524582,IIFL_SCRIPMASTER
TITAANIUM,BSE,539985.BO,Titaanium Ten Enterprise Limit,TITAANIUM|Titaanium Ten Enterprise Limit,,INE120V01014,539985,IIFL_SCRIPMASTER
TITAGARH,BSE,532966.BO,Titagarh Rail Systems,TITAGARH|Titagarh Rail Systems|Titagarh Rail Systems Limited,,INE615H01020,532966,IIFL_SCRIPMASTER
TITAN,BSE,500114.BO,Titan Company,TITAN|Titan|Titan Company|Titan Company Limited,,INE280A01028,500114,IIFL_SCRIPMASTER
TITANIN,BSE,521005.BO,Titan Intech,TITANIN|Titan Intech|Titan Intech Limited,,INE807M01031,521005,IIFL_SCRIPMASTER
TITANSEC,BSE,530045.BO,Titan Securities,TITANSEC|Titan Securities|Titan Securities Limited,,INE090D01017,530045,IIFL_SCRIPMASTER
TOKYOFIN,BSE,531644.BO,Tokyo Finance,TOKYOFIN|Tokyo Finance|Tokyo Finance Limited,,INE546D01018,531644,IIFL_SCRIPMASTER
TOLINS,BSE,544254.BO,Tolins Tyres,TOLINS|Tolins Tyres|Tolins Tyres Limited,,INE0RWQ01014,544254,IIFL_SCRIPMASTER
TTGIL,BSE,512018.BO,Tomorrow Technologies Global I,TTGIL|Tomorrow Technologies Global I,,INE135H01029,512018,IIFL_SCRIPMASTER
TORRCABS,BSE,523856.BO,Torrent Cables,TORRCABS|Torrent Cables|Torrent Cables Limited,,INE859B01027,523856,IIFL_SCRIPMASTER
TORNTPHARM,BSE,500420.BO,Torrent Pharmaceuticals,TORNTPHARM|Torrent Pharmaceuticals|Torrent Pharmaceuticals Limited,,INE685A01028,500420,IIFL_SCRIPMASTER
TORNTPOWER,BSE,532779.BO,Torrent Power,TORNTPOWER|Torrent Power|Torrent Power Limited,,INE813H01021,532779,IIFL_SCRIPMASTER
TTC,BSE,544303.BO,Toss The Coin,TTC|Toss The Coin|Toss The Coin Limited,,INE0XAY01012,544303,IIFL_SCRIPMASTER
TOTAL,BSE,203634.BO,Total Transport Sys,TOTAL|Total Transport Sys|Total Transport Sys Limited,,INE336X01012,203634,IIFL_SCRIPMASTER
TOUCHWOOD,BSE,201342.BO,Touchwood Entertain,TOUCHWOOD|Touchwood Entertain|Touchwood Entertain Limited,,INE486Y01013,201342,IIFL_SCRIPMASTER
TFCILTD,BSE,526650.BO,Tourism Finance Of,TFCILTD|Tourism Finance Corporation Of|Tourism Finance Of,,INE305A01023,526650,IIFL_SCRIPMASTER
TOYAMSL,BSE,538607.BO,Toyam Sports,TOYAMSL|Toyam Sports|Toyam Sports Limited,,INE457P01020,538607,IIFL_SCRIPMASTER
TPINDIA,BSE,500421.BO,Tpi India,TPINDIA|Tpi India|Tpi India Limited,,INE578C01021,500421,IIFL_SCRIPMASTER
TPLPLASTEH,BSE,526582.BO,Tpl Plastech,TPLPLASTEH|Tpl Plastech|Tpl Plastech Limited,,INE413G01022,526582,IIFL_SCRIPMASTER
TRACXN,BSE,543638.BO,Tracxn Technologies,TRACXN|Tracxn Technologies|Tracxn Technologies Limited,,INE0HMF01019,543638,IIFL_SCRIPMASTER
TRADEWELL,BSE,531203.BO,Tradewell Holdings,TRADEWELL|Tradewell Holdings|Tradewell Holdings Limited,,INE819G01012,531203,IIFL_SCRIPMASTER
TIHIL,BSE,523752.BO,Trans India House Impex Limite,TIHIL|Trans India House Impex Limite,,INE502D01011,523752,IIFL_SCRIPMASTER
TRANSFRE,BSE,513063.BO,Trans-Freight Containers,TRANSFRE|Trans-Freight Containers|Trans-Freight Containers Limited,,INE360D01014,513063,IIFL_SCRIPMASTER
TRANSCHEM,BSE,500422.BO,Transchem,TRANSCHEM|Transchem|Transchem Limited,,INE019B01010,500422,IIFL_SCRIPMASTER
TRANSCOR,BSE,532410.BO,Transcorp International,TRANSCOR|Transcorp International|Transcorp International Limited,,INE330E01023,532410,IIFL_SCRIPMASTER
TARIL,BSE,532928.BO,Transformers and Rectifiers (I,TARIL|Transformers and Rectifiers (I,,INE763I01026,532928,IIFL_SCRIPMASTER
TRABI,BSE,526139.BO,Transgene Biotek,TRABI|Transgene Biotek|Transgene Biotek Limited,,INE773D01018,526139,IIFL_SCRIPMASTER
TRANSFD,BSE,519367.BO,Transglobe Foods,TRANSFD|Transglobe Foods|Transglobe Foods Limited,,INE213P01027,519367,IIFL_SCRIPMASTER
TREL,BSE,543955.BO,Transindia Real Estate,TREL|Transindia Real Estate|Transindia Real Estate Limited,,INE0O3901029,543955,IIFL_SCRIPMASTER
TRANSPEK,BSE,506687.BO,Transpek Industry,TRANSPEK|Transpek Industry|Transpek Industry Limited,,INE687A01016,506687,IIFL_SCRIPMASTER
TCI,BSE,532349.BO,Transport of India,TCI|Transport Corporation of India|Transport of India,,INE688A01022,532349,IIFL_SCRIPMASTER
TRANSRAILL,BSE,544317.BO,Transrail Lighting,TRANSRAILL|Transrail Lighting|Transrail Lighting Limited,,INE454P01035,544317,IIFL_SCRIPMASTER
TRANSTEEL,BSE,210786.BO,Transteel Seating Tech L,TRANSTEEL|Transteel Seating Tech L,,INE0NVI01020,210786,IIFL_SCRIPMASTER
TRANSVOY,BSE,543754.BO,Transvoy Logistics India Limit,TRANSVOY|Transvoy Logistics India Limit,,INE0MPU01011,543754,IIFL_SCRIPMASTER
TFL,BSE,532812.BO,Transwarranty Finance,TFL|Transwarranty Finance|Transwarranty Finance Limited,,INE804H01012,532812,IIFL_SCRIPMASTER
TRANSWIND,BSE,202490.BO,Transwind Infra,TRANSWIND|Transwind Infra|Transwind Infra Limited,,INE792X01016,202490,IIFL_SCRIPMASTER
TRANSWORLD,BSE,520151.BO,Transworld Shipping Lines Limi,TRANSWORLD|Transworld Shipping Lines Limi,,INE757B01015,520151,IIFL_SCRIPMASTER
TRANWAY21,BSE,542923.BO,Tranway21 Technologies,TRANWAY21|Tranway21 Technologies|Tranway21 Technologies Limited,,INE0BIW01023,542923,IIFL_SCRIPMASTER
TRAVELFOOD,BSE,544443.BO,Travel Food Services,TRAVELFOOD|Travel Food Services|Travel Food Services Limited,,INE103V01028,544443,IIFL_SCRIPMASTER
TREEHOUSE,BSE,533540.BO,Tree House Education & Accesso,TREEHOUSE|Tree House Education & Accesso,,INE040M01013,533540,IIFL_SCRIPMASTER
TREJHARA,BSE,542233.BO,Trejhara Solutions,TREJHARA|Trejhara Solutions|Trejhara Solutions Limited,,INE00CA01015,542233,IIFL_SCRIPMASTER
TRENT,BSE,500251.BO,Trent,TRENT|Trent|Trent Limited,,INE849A01020,500251,IIFL_SCRIPMASTER
TRESCON,BSE,532159.BO,Trescon,TRESCON|Trescon|Trescon Limited,,INE088D01011,532159,IIFL_SCRIPMASTER
TRF,BSE,505854.BO,Trf,TRF|Trf|Trf Limited,,INE391D01019,505854,IIFL_SCRIPMASTER
TBZ,BSE,534369.BO,Tribhovandas Bhimji Zaveri,TBZ|Tribhovandas Bhimji Zaveri|Tribhovandas Bhimji Zaveri Limited,,INE760L01018,534369,IIFL_SCRIPMASTER
TRIDENT,BSE,521064.BO,Trident,TRIDENT|Trident|Trident Limited,,INE064C01022,521064,IIFL_SCRIPMASTER
TLL,BSE,543616.BO,Trident Lifeline,TLL|Trident Lifeline|Trident Lifeline Limited,,INE0MKA01014,543616,IIFL_SCRIPMASTER
TECHLABS,BSE,210969.BO,Trident Techlabs,TECHLABS|Trident Techlabs|Trident Techlabs Limited,,INE0QD201012,210969,IIFL_SCRIPMASTER
TTFL,BSE,540726.BO,Trident Texofab,TTFL|Trident Texofab|Trident Texofab Limited,,INE071Y01013,540726,IIFL_SCRIPMASTER
TRIDHYA,BSE,210477.BO,Tridhya Tech,TRIDHYA|Tridhya Tech|Tridhya Tech Limited,,INE0LWY01029,210477,IIFL_SCRIPMASTER
TRIGYN,BSE,517562.BO,Trigyn Technologies,TRIGYN|Trigyn Technologies|Trigyn Technologies Limited,,INE948A01012,517562,IIFL_SCRIPMASTER
TRINITYLEA,BSE,531846.BO,Trinity League India,TRINITYLEA|Trinity League India|Trinity League India Limited,,INE884X01011,531846,IIFL_SCRIPMASTER
TRIOMERC,BSE,534755.BO,Trio Mercantile & Trading,TRIOMERC|Trio Mercantile & Trading|Trio Mercantile & Trading Limited,,INE234G01022,534755,IIFL_SCRIPMASTER
TRISHAKT,BSE,531279.BO,Trishakti Industries,TRISHAKT|Trishakti Industries|Trishakti Industries Limited,,INE238C01022,531279,IIFL_SCRIPMASTER
TRITONV,BSE,505978.BO,Triton Valves,TRITONV|Triton Valves|Triton Valves Limited,,INE440G01017,505978,IIFL_SCRIPMASTER
TRIVENI,BSE,532356.BO,Triveni Engineering & Industri,TRIVENI|Triveni Engineering & Industri,,INE256C01024,532356,IIFL_SCRIPMASTER
TRIVENIENT,BSE,538569.BO,Triveni Enterprises,TRIVENIENT|Triveni Enterprises|Triveni Enterprises Limited,,INE916P01025,538569,IIFL_SCRIPMASTER
TRIVENIGQ,BSE,502281.BO,Triveni Glass,TRIVENIGQ|Triveni Glass|Triveni Glass Limited,,INE094C01011,502281,IIFL_SCRIPMASTER
TRITURBINE,BSE,533655.BO,Triveni Turbine,TRITURBINE|Triveni Turbine|Triveni Turbine Limited,,INE152M01016,533655,IIFL_SCRIPMASTER
TROM,BSE,211805.BO,Trom Industries,TROM|Trom Industries|Trom Industries Limited,,INE0SYV01018,211805,IIFL_SCRIPMASTER
TRUALT,BSE,544545.BO,Trualt Bioenergy,TRUALT|Trualt Bioenergy|Trualt Bioenergy Limited,,INE0MWH01014,544545,IIFL_SCRIPMASTER
TRU,BSE,540268.BO,Trucap Finance,TRU|Trucap Finance|Trucap Finance Limited,,INE615R01029,540268,IIFL_SCRIPMASTER
TRUECOLORS,BSE,544531.BO,True Colors,TRUECOLORS|True Colors|True Colors Limited,,INE1LDV01015,544531,IIFL_SCRIPMASTER
TRUST,BSE,211477.BO,Trust Fintech,TRUST|Trust Fintech|Trust Fintech Limited,,INE0SWN01019,211477,IIFL_SCRIPMASTER
TRUSTEDGE,BSE,532056.BO,Trustedge Capital,TRUSTEDGE|Trustedge Capital|Trustedge Capital Limited,,INE398H01015,532056,IIFL_SCRIPMASTER
TSC,BSE,213576.BO,Tsc India,TSC|Tsc India|Tsc India Limited,,INE16VK01010,213576,IIFL_SCRIPMASTER
TSFINV,BSE,200995.BO,Tsf Investments,TSFINV|Tsf Investments|Tsf Investments Limited,,INE202Z01029,200995,IIFL_SCRIPMASTER
TTKHLTCARE,BSE,507747.BO,Ttk Healthcare,TTKHLTCARE|Ttk Healthcare|Ttk Healthcare Limited,,INE910C01018,507747,IIFL_SCRIPMASTER
TTKPRESTIG,BSE,517506.BO,Ttk Prestige,TTKPRESTIG|Ttk Prestige|Ttk Prestige Limited,,INE690A01028,517506,IIFL_SCRIPMASTER
TIINDIA,BSE,540762.BO,Tube Investments of India,TIINDIA|Tube Investments of India|Tube Investments of India Limited,,INE974X01010,540762,IIFL_SCRIPMASTER
TUNITEX,BSE,531411.BO,Tuni Textile Mills,TUNITEX|Tuni Textile Mills|Tuni Textile Mills Limited,,INE560D01027,531411,IIFL_SCRIPMASTER
TUNWAL,BSE,211779.BO,Tunwal E-Motors,TUNWAL|Tunwal E-Motors|Tunwal E-Motors Limited,,INE0OXV01027,211779,IIFL_SCRIPMASTER
TUTIALKA,BSE,506808.BO,Tuticorin Alkali Chemicals And,TUTIALKA|Tuticorin Alkali Chemicals And,,INE400A01014,506808,IIFL_SCRIPMASTER
TVTODAY,BSE,532515.BO,Tv Today Network,TVTODAY|Tv Today Network|Tv Today Network Limited,,INE038F01029,532515,IIFL_SCRIPMASTER
TVVISION,BSE,540083.BO,Tv Vision,TVVISION|Tv Vision|Tv Vision Limited,,INE871L01013,540083,IIFL_SCRIPMASTER
TVSELECT,BSE,532513.BO,Tvs Electronics,TVSELECT|Tvs Electronics|Tvs Electronics Limited,,INE236G01019,532513,IIFL_SCRIPMASTER
TVSHLTD,BSE,520056.BO,Tvs Holdings,TVSHLTD|Tvs Holdings|Tvs Holdings Limited,,INE105A01035,520056,IIFL_SCRIPMASTER
TVSMOTOR,BSE,532343.BO,Tvs Motor Company,TVSMOTOR|Tvs Motor Company|Tvs Motor Company Limited,,INE494B01023,532343,IIFL_SCRIPMASTER
TVSSRICHAK,BSE,509243.BO,Tvs Srichakra,TVSSRICHAK|Tvs Srichakra|Tvs Srichakra Limited,,INE421C01016,509243,IIFL_SCRIPMASTER
TVSSCS,BSE,543965.BO,Tvs Supply Chain Solutions Lim,TVSSCS|Tvs Supply Chain Solutions Lim,,INE395N01027,543965,IIFL_SCRIPMASTER
TICL,BSE,532738.BO,Twamevconstruction and Infrast,TICL|Twamevconstruction and Infrast,,INE388G01026,532738,IIFL_SCRIPMASTER
21STCENMGM,BSE,526921.BO,Twentyfirst Century Management,21STCENMGM|Twentyfirst Century Management,,INE253B01015,526921,IIFL_SCRIPMASTER
TYCHE,BSE,532384.BO,Tyche Industries,TYCHE|Tyche Industries|Tyche Industries Limited,,INE443B01012,532384,IIFL_SCRIPMASTER
TFSL,BSE,539468.BO,Typhoon Financial Services Lim,TFSL|Typhoon Financial Services Lim,,INE761R01013,539468,IIFL_SCRIPMASTER
TYROON,BSE,526945.BO,Tyroon Tea Co.,TYROON|Tyroon Tea Co.|Tyroon Tea Co.Limited,,INE945B01016,526945,IIFL_SCRIPMASTER
UHZAVERI,BSE,541338.BO,U. H. Zaveri,U. H. Zaveri|U. H. Zaveri Limited|UHZAVERI,,INE556Z01010,541338,IIFL_SCRIPMASTER
UYFINCORP,BSE,530579.BO,U. Y. Fincorp,U. Y. Fincorp|U. Y. Fincorp Limited|UYFINCORP,,INE152C01025,530579,IIFL_SCRIPMASTER
UPHOT,BSE,509960.BO,U.P.Hotels,U.P.Hotels|U.P.Hotels Limited|UPHOT,,INE726E01014,509960,IIFL_SCRIPMASTER
UTIAMC,BSE,543238.BO,UTI Asset Management Company L,UTI Asset Management Company L|UTIAMC,,INE094J01016,543238,IIFL_SCRIPMASTER
UTIQUE,BSE,500014.BO,UTIque Enterprises,UTIQUE|UTIque Enterprises|UTIque Enterprises Limited,,INE096A01010,500014,IIFL_SCRIPMASTER
UCAL,BSE,500464.BO,Ucal,UCAL|Ucal|Ucal Limited,,INE139B01016,500464,IIFL_SCRIPMASTER
UCOBANK,BSE,532505.BO,Uco Bank,UCOBANK|Uco Bank,,INE691A01018,532505,IIFL_SCRIPMASTER
UDAYJEW,BSE,539518.BO,Uday Jewellery Industries Limi,UDAYJEW|Uday Jewellery Industries Limi,,INE551B01012,539518,IIFL_SCRIPMASTER
USK,BSE,543861.BO,Udayshivakumar Infra,USK|Udayshivakumar Infra|Udayshivakumar Infra Limited,,INE0N0Y01013,543861,IIFL_SCRIPMASTER
UFLEX,BSE,500148.BO,Uflex,UFLEX|Uflex|Uflex Limited,,INE516A01017,500148,IIFL_SCRIPMASTER
UFO,BSE,539141.BO,Ufo Moviez India,UFO|Ufo Moviez India|Ufo Moviez India Limited,,INE527H01019,539141,IIFL_SCRIPMASTER
UGARSUGAR,BSE,530363.BO,Ugar Sugar Works,UGARSUGAR|Ugar Sugar Works|Ugar Sugar Works Limited,,INE071E01023,530363,IIFL_SCRIPMASTER
UGROCAP,BSE,511742.BO,Ugro Capital,UGROCAP|Ugro Capital|Ugro Capital Limited,,INE583D01011,511742,IIFL_SCRIPMASTER
UEL,BSE,533644.BO,Ujaas Energy,UEL|Ujaas Energy|Ujaas Energy Limited,,INE899L01030,533644,IIFL_SCRIPMASTER
UJJIVANSFB,BSE,542904.BO,Ujjivan Small Finance Bank Lim,UJJIVANSFB|Ujjivan Small Finance Bank Lim,,INE551W01018,542904,IIFL_SCRIPMASTER
UWCSL,BSE,200766.BO,Ultra Wiring Conn Sys,UWCSL|Ultra Wiring Conn Sys|Ultra Wiring Conn Sys Limited,,INE00F301010,200766,IIFL_SCRIPMASTER
ULTRACAB,BSE,538706.BO,Ultracab (India),ULTRACAB|Ultracab (India)|Ultracab (India) Limited,,INE010R01023,538706,IIFL_SCRIPMASTER
ULTRAMAR,BSE,506685.BO,Ultramarine & Pigments,ULTRAMAR|Ultramarine & Pigments|Ultramarine & Pigments Limited,,INE405A01021,506685,IIFL_SCRIPMASTER
ULTRACEMCO,BSE,532538.BO,Ultratech Cement,ULTRACEMCO|Ultratech Cement|Ultratech Cement Limited,,INE481G01011,532538,IIFL_SCRIPMASTER
UMA,BSE,209345.BO,Uma Converter,UMA|Uma Converter|Uma Converter Limited,,INE067901012,209345,IIFL_SCRIPMASTER
UMAEXPORTS,BSE,543513.BO,Uma Exports,UMAEXPORTS|Uma Exports|Uma Exports Limited,,INE0GIU01018,543513,IIFL_SCRIPMASTER
UMIYA-MRO,BSE,532376.BO,Umiya Buildcon,UMIYA-MRO|Umiya Buildcon|Umiya Buildcon Limited,,INE398B01018,532376,IIFL_SCRIPMASTER
UML,BSE,544464.BO,Umiya Mobile,UML|Umiya Mobile|Umiya Mobile Limited,,INE1P1A01018,544464,IIFL_SCRIPMASTER
UMIYA,BSE,539798.BO,Umiya Tubes,UMIYA|Umiya Tubes|Umiya Tubes Limited,,INE173U01015,539798,IIFL_SCRIPMASTER
UNIABEXAL,BSE,504605.BO,Uni Abex Alloy Products,UNIABEXAL|Uni Abex Alloy Products|Uni Abex Alloy Products Limited,,INE361D01012,504605,IIFL_SCRIPMASTER
UNICHEMLAB,BSE,506690.BO,Unichem Laboratories,UNICHEMLAB|Unichem Laboratories|Unichem Laboratories Limited,,INE351A01035,506690,IIFL_SCRIPMASTER
UNICK,BSE,541503.BO,Unick Fix-A- Form and Printers,UNICK|Unick Fix-A- Form and Printers,,INE250G01010,541503,IIFL_SCRIPMASTER
UNIECOM,BSE,544227.BO,Unicommerce Esolutions,UNIECOM|Unicommerce Esolutions|Unicommerce Esolutions Limited,,INE00U401027,544227,IIFL_SCRIPMASTER
UNIFIED,BSE,544406.BO,Unified Data Tech Solutions Li,UNIFIED|Unified Data Tech Solutions Li,,INE1ABX01018,544406,IIFL_SCRIPMASTER
UCIL,BSE,541358.BO,Unifinz Capital India,UCIL|Unifinz Capital India|Unifinz Capital India Limited,,INE926R01012,541358,IIFL_SCRIPMASTER
UNIHEALTH,BSE,210616.BO,Unihealth Hospitals,UNIHEALTH|Unihealth Hospitals|Unihealth Hospitals Limited,,INE0PRF01011,210616,IIFL_SCRIPMASTER
UNIINFO,BSE,201673.BO,Uniinfo Telecom Servi,UNIINFO|Uniinfo Telecom Servi|Uniinfo Telecom Servi Limited,,INE481Z01011,201673,IIFL_SCRIPMASTER
UNILEX,BSE,212052.BO,Unilex Colours and Chem L,UNILEX|Unilex Colours and Chem L,,INE0B2801011,212052,IIFL_SCRIPMASTER
UNIMECH,BSE,544322.BO,Unimech Aerospace and Manufact,UNIMECH|Unimech Aerospace and Manufact,,INE0U3I01011,544322,IIFL_SCRIPMASTER
UNIONBANK,BSE,532477.BO,Union Bank of India,UNIONBANK|Union Bank of India,,INE692A01016,532477,IIFL_SCRIPMASTER
UNIPARTS,BSE,543689.BO,Uniparts India,UNIPARTS|Uniparts India|Uniparts India Limited,,INE244O01017,543689,IIFL_SCRIPMASTER
UNIENTER,BSE,500429.BO,Uniphos Enterprises,UNIENTER|Uniphos Enterprises|Uniphos Enterprises Limited,,INE037A01022,500429,IIFL_SCRIPMASTER
UNIQUEO,BSE,530997.BO,Unique Organics,UNIQUEO|Unique Organics|Unique Organics Limited,,INE333E01019,530997,IIFL_SCRIPMASTER
UNIROYAL,BSE,521226.BO,Uniroyal Industries,UNIROYAL|Uniroyal Industries|Uniroyal Industries Limited,,INE980D01019,521226,IIFL_SCRIPMASTER
UNRYLMA,BSE,526113.BO,Uniroyal Marine Exports,UNRYLMA|Uniroyal Marine Exports|Uniroyal Marine Exports Limited,,INE602H01010,526113,IIFL_SCRIPMASTER
UNISEM,BSE,544648.BO,Unisem Agritech,UNISEM|Unisem Agritech|Unisem Agritech Limited,,INE1FHV01026,544648,IIFL_SCRIPMASTER
UNISON,BSE,538610.BO,Unison Metals,UNISON|Unison Metals|Unison Metals Limited,,INE099D01026,538610,IIFL_SCRIPMASTER
UNITECH,BSE,507878.BO,Unitech,UNITECH|Unitech|Unitech Limited,,INE694A01020,507878,IIFL_SCRIPMASTER
UBL,BSE,532478.BO,United Breweries,UBL|United Breweries|United Breweries Limited,,INE686F01025,532478,IIFL_SCRIPMASTER
COTFAB,BSE,544195.BO,United Cotfab,COTFAB|United Cotfab|United Cotfab Limited,,INE0S0I01011,544195,IIFL_SCRIPMASTER
UNITDCR,BSE,531091.BO,United Credit,UNITDCR|United Credit|United Credit Limited,,INE858C01027,531091,IIFL_SCRIPMASTER
UNIDT,BSE,522014.BO,United Drilling Tools,UNIDT|United Drilling Tools|United Drilling Tools Limited,,INE961D01019,522014,IIFL_SCRIPMASTER
UFBL,BSE,543283.BO,United Foodbrands,UFBL|United Foodbrands|United Foodbrands Limited,,INE382M01027,543283,IIFL_SCRIPMASTER
UHTL,BSE,212134.BO,United Heat Transfer,UHTL|United Heat Transfer|United Heat Transfer Limited,,INE0SMR01011,212134,IIFL_SCRIPMASTER
UNITEDINT,BSE,502893.BO,United Interactive,UNITEDINT|United Interactive|United Interactive Limited,,INE706D01018,502893,IIFL_SCRIPMASTER
UNITEDTEA,BSE,202383.BO,United Nilgiri Tea,UNITEDTEA|United Nilgiri Tea|United Nilgiri Tea Limited,,INE458F01011,202383,IIFL_SCRIPMASTER
UNITEDPOLY,BSE,201305.BO,United Polyfab Guj.,UNITEDPOLY|United Polyfab Guj.|United Polyfab Guj. Limited,,INE368U01029,201305,IIFL_SCRIPMASTER
UNITDSPR,BSE,532432.BO,United Spirits,UNITDSPR|United Spirits|United Spirits Limited,,INE854D01024,532432,IIFL_SCRIPMASTER
UNIVASTU,BSE,202099.BO,Univastu India,UNIVASTU|Univastu India|Univastu India Limited,,INE562X01013,202099,IIFL_SCRIPMASTER
UNIVARTS,BSE,532378.BO,Universal Arts,UNIVARTS|Universal Arts|Universal Arts Limited,,INE464B01018,532378,IIFL_SCRIPMASTER
UNIAUTO,BSE,539314.BO,Universal Autofoundry,UNIAUTO|Universal Autofoundry|Universal Autofoundry Limited,,INE203T01012,539314,IIFL_SCRIPMASTER
UNIVCABLES,BSE,504212.BO,Universal Cables,UNIVCABLES|Universal Cables|Universal Cables Limited,,INE279A01012,504212,IIFL_SCRIPMASTER
UNIVSTAR,BSE,524408.BO,Universal Starch-Chem Allied L,UNIVSTAR|Universal Starch-Chem Allied L,,INE113E01015,524408,IIFL_SCRIPMASTER
UNJHAFOR,BSE,531762.BO,Unjha Formulations,UNJHAFOR|Unjha Formulations|Unjha Formulations Limited,,INE576D01015,531762,IIFL_SCRIPMASTER
UNOMINDA,BSE,532539.BO,Uno Minda,UNOMINDA|Uno Minda|Uno Minda Limited,,INE405E01023,532539,IIFL_SCRIPMASTER
UDS,BSE,543996.BO,Updater Services,UDS|Updater Services|Updater Services Limited,,INE851I01011,543996,IIFL_SCRIPMASTER
UPL,BSE,512070.BO,Upl,UPL|Upl|Upl Limited,,INE628A01036,512070,IIFL_SCRIPMASTER
UPSURGE,BSE,531390.BO,Upsurge Investment & Finance L,UPSURGE|Upsurge Investment & Finance L,,INE890B01014,531390,IIFL_SCRIPMASTER
USASEEDS,BSE,209006.BO,Upsurge Seeds of Agri,USASEEDS|Upsurge Seeds of Agri|Upsurge Seeds of Agri Limited,,INE0CBM01019,209006,IIFL_SCRIPMASTER
URSUGAR,BSE,539097.BO,Ur Sugar Industries,URSUGAR|Ur Sugar Industries|Ur Sugar Industries Limited,,INE904R01027,539097,IIFL_SCRIPMASTER
URAVIDEF,BSE,543930.BO,Uravi Defence and Technology L,URAVIDEF|Uravi Defence and Technology L,,INE568Z01015,543930,IIFL_SCRIPMASTER
URBANCO,BSE,544515.BO,Urban Company,URBANCO|Urban Company|Urban Company Limited,,INE0CAZ01013,544515,IIFL_SCRIPMASTER
URBAN,BSE,210426.BO,Urban Enviro Waste Mgmt L,URBAN|Urban Enviro Waste Mgmt L,,INE0O0201019,210426,IIFL_SCRIPMASTER
URJA,BSE,526987.BO,Urja Global,URJA|Urja Global|Urja Global Limited,,INE550C01020,526987,IIFL_SCRIPMASTER
USHAFIN,BSE,212142.BO,Usha Financial Services L,USHAFIN|Usha Financial Services L,,INE0LS001014,212142,IIFL_SCRIPMASTER
USHAMART,BSE,517146.BO,Usha Martin,USHAMART|Usha Martin|Usha Martin Limited,,INE228A01035,517146,IIFL_SCRIPMASTER
USHAKIRA,BSE,511507.BO,Ushakiran Finance,USHAKIRA|Ushakiran Finance|Ushakiran Finance Limited,,INE697C01011,511507,IIFL_SCRIPMASTER
UCL,BSE,201277.BO,Ushanti Colour Chem,UCL|Ushanti Colour Chem|Ushanti Colour Chem Limited,,INE00NI01015,201277,IIFL_SCRIPMASTER
UTKARSHBNK,BSE,543942.BO,Utkarsh Small Finance Bank Lim,UTKARSHBNK|Utkarsh Small Finance Bank Lim,,INE735W01017,543942,IIFL_SCRIPMASTER
UTLINDS,BSE,500426.BO,Utl Industries,UTLINDS|Utl Industries|Utl Industries Limited,,INE184E01024,500426,IIFL_SCRIPMASTER
UTSSAV,BSE,211835.BO,Utssav Cz Gold Jewels,UTSSAV|Utssav Cz Gold Jewels|Utssav Cz Gold Jewels Limited,,INE06IJ01010,211835,IIFL_SCRIPMASTER
UTTAMSUGAR,BSE,532729.BO,Uttam Sugar Mills,UTTAMSUGAR|Uttam Sugar Mills|Uttam Sugar Mills Limited,,INE786F01031,532729,IIFL_SCRIPMASTER
UVS,BSE,531652.BO,Uvs Hospitality and Services L,UVS|Uvs Hospitality and Services L,,INE528C01018,531652,IIFL_SCRIPMASTER
VBIND,BSE,539123.BO,V B Industries,V B Industries|V B Industries Limited|VBIND,,INE334E01017,539123,IIFL_SCRIPMASTER
VMARCIND,BSE,207825.BO,V Marc India,V Marc India|V Marc India Limited|VMARCIND,,INE0GXK01018,207825,IIFL_SCRIPMASTER
VRFILMS,BSE,542654.BO,V R Films & Studios,V R Films & Studios|V R Films & Studios Limited|VRFILMS,,INE06LG01010,542654,IIFL_SCRIPMASTER
VR,BSE,211250.BO,V R Infraspace,V R Infraspace|V R Infraspace Limited|VR,,INE0QQM01017,211250,IIFL_SCRIPMASTER
VGUARD,BSE,532953.BO,V-Guard Industries,V-Guard Industries|V-Guard Industries Limited|VGUARD,,INE951I01027,532953,IIFL_SCRIPMASTER
VMART,BSE,534976.BO,V-Mart Retail,V-Mart Retail|V-Mart Retail Limited|VMART,,INE665J01013,534976,IIFL_SCRIPMASTER
VBDESAI,BSE,511110.BO,V.B.Desai Financial Services L,V.B.Desai Financial Services L|VBDESAI,,INE848D01018,511110,IIFL_SCRIPMASTER
VIPIND,BSE,507880.BO,V.I.P.Industries,V.I.P.Industries|V.I.P.Industries Limited|VIPIND,,INE054A01027,507880,IIFL_SCRIPMASTER
VLINFRA,BSE,211799.BO,V.L.Infraprojects,V.L.Infraprojects|V.L.Infraprojects Limited|VLINFRA,,INE0QXL01015,211799,IIFL_SCRIPMASTER
VSTTILLERS,BSE,531266.BO,V.S.T.Tillers Tractors,V.S.T.Tillers Tractors|V.S.T.Tillers Tractors Limited|VSTTILLERS,,INE764D01017,531266,IIFL_SCRIPMASTER
V2RETAIL,BSE,532867.BO,V2 Retail,V2 Retail|V2 Retail Limited|V2RETAIL,,INE945H01021,532867,IIFL_SCRIPMASTER
WABAG,BSE,533269.BO,Va Tech Wabag,Va Tech Wabag|Va Tech Wabag Limited|WABAG,,INE956G01038,533269,IIFL_SCRIPMASTER
VAARAD,BSE,532320.BO,Vaarad Ventures,VAARAD|Vaarad Ventures|Vaarad Ventures Limited,,INE418B01048,532320,IIFL_SCRIPMASTER
VADILENT,BSE,519152.BO,Vadilal Enterprises,VADILENT|Vadilal Enterprises|Vadilal Enterprises Limited,,INE693D01018,519152,IIFL_SCRIPMASTER
VADILALIND,BSE,519156.BO,Vadilal Industries,VADILALIND|Vadilal Industries|Vadilal Industries Limited,,INE694D01016,519156,IIFL_SCRIPMASTER
VSCL,BSE,201000.BO,Vadivarhe Spclty Chem,VSCL|Vadivarhe Spclty Chem|Vadivarhe Spclty Chem Limited,,INE551Q01028,201000,IIFL_SCRIPMASTER
VAIBHAVGBL,BSE,532156.BO,Vaibhav Global,VAIBHAVGBL|Vaibhav Global|Vaibhav Global Limited,,INE884A01027,532156,IIFL_SCRIPMASTER
MADHAVBAUG,BSE,208578.BO,Vaidya Sane Ayur Lab,MADHAVBAUG|Vaidya Sane Ayur Lab|Vaidya Sane Ayur Lab Limited,,INE0JR301013,208578,IIFL_SCRIPMASTER
VAISHALI,BSE,212107.BO,Vaishali Pharma,VAISHALI|Vaishali Pharma|Vaishali Pharma Limited,,INE972X01022,212107,IIFL_SCRIPMASTER
VAKRANGEE,BSE,511431.BO,Vakrangee,VAKRANGEE|Vakrangee|Vakrangee Limited,,INE051B01021,511431,IIFL_SCRIPMASTER
VALINDIA,BSE,544433.BO,Valencia India,VALINDIA|Valencia India|Valencia India Limited,,INE130701019,544433,IIFL_SCRIPMASTER
VALENCIA,BSE,542910.BO,Valencia Nutrition,VALENCIA|Valencia Nutrition|Valencia Nutrition Limited,,INE08RT01016,542910,IIFL_SCRIPMASTER
VALIANT,BSE,526775.BO,Valiant Communications,VALIANT|Valiant Communications|Valiant Communications Limited,,INE760B01019,526775,IIFL_SCRIPMASTER
VALIANTORG,BSE,540145.BO,Valiant Organics,VALIANTORG|Valiant Organics|Valiant Organics Limited,,INE565V01010,540145,IIFL_SCRIPMASTER
VALLABHSQ,BSE,513397.BO,Vallabh Steels,VALLABHSQ|Vallabh Steels|Vallabh Steels Limited,,INE457E01016,513397,IIFL_SCRIPMASTER
VALLEY,BSE,539543.BO,Valley Magnesite Company Limit,VALLEY|Valley Magnesite Company Limit,,INE834E01016,539543,IIFL_SCRIPMASTER
VALPLAST,BSE,544565.BO,Valplast Technologies,VALPLAST|Valplast Technologies|Valplast Technologies Limited,,INE0QP701017,544565,IIFL_SCRIPMASTER
VALSONQ,BSE,530459.BO,Valson Industries,VALSONQ|Valson Industries|Valson Industries Limited,,INE808A01018,530459,IIFL_SCRIPMASTER
VALUE360,BSE,216250.BO,Value 360 Communication L,VALUE360|Value 360 Communication L,,INE1E7Y01018,216250,IIFL_SCRIPMASTER
VAMA,BSE,512175.BO,Vama Industries,VAMA|Vama Industries|Vama Industries Limited,,INE685D01022,512175,IIFL_SCRIPMASTER
VAMSHIRU,BSE,530369.BO,Vamshi Rubber,VAMSHIRU|Vamshi Rubber|Vamshi Rubber Limited,,INE380C01014,530369,IIFL_SCRIPMASTER
VANDAN,BSE,544436.BO,Vandan Foods,VANDAN|Vandan Foods|Vandan Foods Limited,,INE0RDJ01019,544436,IIFL_SCRIPMASTER
VANICOM,BSE,538918.BO,Vani Commercials,VANICOM|Vani Commercials|Vani Commercials Limited,,INE661Q01017,538918,IIFL_SCRIPMASTER
VANTABIO,BSE,540729.BO,Vanta Bioscience,VANTABIO|Vanta Bioscience|Vanta Bioscience Limited,,INE695X01011,540729,IIFL_SCRIPMASTER
VAPIENTER,BSE,502589.BO,Vapi Enterprise,VAPIENTER|Vapi Enterprise|Vapi Enterprise Limited,,INE464D01014,502589,IIFL_SCRIPMASTER
CLOUD,BSE,210331.BO,Varanium Cloud,CLOUD|Varanium Cloud|Varanium Cloud Limited,,INE0JOO01021,210331,IIFL_SCRIPMASTER
VARDHACRLC,BSE,201471.BO,Vardhaman Acrylics,VARDHACRLC|Vardhaman Acrylics|Vardhaman Acrylics Limited,,INE116G01013,201471,IIFL_SCRIPMASTER
VHL,BSE,500439.BO,Vardhman Holdings,VHL|Vardhman Holdings|Vardhman Holdings Limited,,INE701A01023,500439,IIFL_SCRIPMASTER
VARDHINDQ,BSE,513534.BO,Vardhman Industries,VARDHINDQ|Vardhman Industries|Vardhman Industries Limited,,INE458E01014,513534,IIFL_SCRIPMASTER
VSSL,BSE,534392.BO,Vardhman Special Steels,VSSL|Vardhman Special Steels|Vardhman Special Steels Limited,,INE050M01012,534392,IIFL_SCRIPMASTER
VTL,BSE,502986.BO,Vardhman Textiles,VTL|Vardhman Textiles|Vardhman Textiles Limited,,INE825A01020,502986,IIFL_SCRIPMASTER
VARROC,BSE,541578.BO,Varroc Engineering,VARROC|Varroc Engineering|Varroc Engineering Limited,,INE665L01035,541578,IIFL_SCRIPMASTER
VBL,BSE,540180.BO,Varun Beverages,VBL|Varun Beverages|Varun Beverages Limited,,INE200M01039,540180,IIFL_SCRIPMASTER
VGL,BSE,514274.BO,Varvee Global,VGL|Varvee Global|Varvee Global Limited,,INE273D01027,514274,IIFL_SCRIPMASTER
VARYAA,BSE,544168.BO,Varyaa Creations,VARYAA|Varyaa Creations|Varyaa Creations Limited,,INE0R6801013,544168,IIFL_SCRIPMASTER
DENTALKART,BSE,210374.BO,Vasa Denticity,DENTALKART|Vasa Denticity|Vasa Denticity Limited,,INE0N5801013,210374,IIFL_SCRIPMASTER
VASA,BSE,203016.BO,Vasa Retail & Oversea,VASA|Vasa Retail & Oversea|Vasa Retail & Oversea Limited,,INE068Z01016,203016,IIFL_SCRIPMASTER
VASHISHTHA,BSE,544508.BO,Vashishtha Luxury Fashion Limi,VASHISHTHA|Vashishtha Luxury Fashion Limi,,INE0WRP01016,544508,IIFL_SCRIPMASTER
VRL,BSE,538634.BO,Vasundhara Rasayans,VRL|Vasundhara Rasayans|Vasundhara Rasayans Limited,,INE406F01010,538634,IIFL_SCRIPMASTER
VASWANI,BSE,533576.BO,Vaswani Industries,VASWANI|Vaswani Industries|Vaswani Industries Limited,,INE590L01019,533576,IIFL_SCRIPMASTER
VEL,BSE,542803.BO,Vaxfab Enterprises,VEL|Vaxfab Enterprises|Vaxfab Enterprises Limited,,INE560T01015,542803,IIFL_SCRIPMASTER
VCL,BSE,209472.BO,Vaxtex Cotfab,VCL|Vaxtex Cotfab|Vaxtex Cotfab Limited,,INE098201036,209472,IIFL_SCRIPMASTER
VDEAL,BSE,211933.BO,Vdeal System,VDEAL|Vdeal System|Vdeal System Limited,,INE0U2M01015,211933,IIFL_SCRIPMASTER
MANYAVAR,BSE,543463.BO,Vedant Fashions,MANYAVAR|Vedant Fashions|Vedant Fashions Limited,,INE825V01034,543463,IIFL_SCRIPMASTER
VEDL,BSE,500295.BO,Vedanta,VEDL|Vedanta|Vedanta Limited,,INE205A01025,500295,IIFL_SCRIPMASTER
VEDAVAAG,BSE,533056.BO,Vedavaag Systems,VEDAVAAG|Vedavaag Systems|Vedavaag Systems Limited,,INE359B01010,533056,IIFL_SCRIPMASTER
VEEDOL,BSE,590005.BO,Veedol,VEEDOL|Veedol|Veedol Corporation Limited,,INE484C01030,590005,IIFL_SCRIPMASTER
VEEFIN,BSE,543931.BO,Veefin Solutions,VEEFIN|Veefin Solutions|Veefin Solutions Limited,,INE0Q0M01015,543931,IIFL_SCRIPMASTER
VJLAXMIE,BSE,522267.BO,Veejay Lakshmi Engineering Wor,VJLAXMIE|Veejay Lakshmi Engineering Wor,,INE466D01019,522267,IIFL_SCRIPMASTER
VEEKAYEM,BSE,209046.BO,Veekayem Fash & App,VEEKAYEM|Veekayem Fash & App|Veekayem Fash & App Limited,,INE0KTW01013,209046,IIFL_SCRIPMASTER
VEERENRGY,BSE,503657.BO,Veer Energy & Infrastructure L,VEERENRGY|Veer Energy & Infrastructure L,,INE255E01030,503657,IIFL_SCRIPMASTER
VEERHEALTH,BSE,511523.BO,Veerhealth Care,VEERHEALTH|Veerhealth Care|Veerhealth Care Limited,,INE882C01035,511523,IIFL_SCRIPMASTER
VEERKRUPA,BSE,543545.BO,Veerkrupa Jewellers,VEERKRUPA|Veerkrupa Jewellers|Veerkrupa Jewellers Limited,,INE0ID001024,543545,IIFL_SCRIPMASTER
VELHO,BSE,526755.BO,Velan Hotels,VELHO|Velan Hotels|Velan Hotels Limited,,INE548D01014,526755,IIFL_SCRIPMASTER
VELJAN,BSE,505232.BO,Veljan Denison,VELJAN|Veljan Denison|Veljan Denison Limited,,INE232E01013,505232,IIFL_SCRIPMASTER
VELS,BSE,209600.BO,Vels Film International L,VELS|Vels Film International L,,INE0I3H01019,209600,IIFL_SCRIPMASTER
VENKEYS,BSE,523261.BO,Venkys (India),VENKEYS|Venkys (India)|Venkys (India) Limited,,INE398A01010,523261,IIFL_SCRIPMASTER
VENLONENT,BSE,524038.BO,Venlon Enterprises,VENLONENT|Venlon Enterprises|Venlon Enterprises Limited,,INE204D01022,524038,IIFL_SCRIPMASTER
VENMAX,BSE,531015.BO,Venmax Drugs and Pharmaceutica,VENMAX|Venmax Drugs and Pharmaceutica,,INE154G01022,531015,IIFL_SCRIPMASTER
VENTIVE,BSE,544321.BO,Ventive Hospitality,VENTIVE|Ventive Hospitality|Ventive Hospitality Limited,,INE781S01027,544321,IIFL_SCRIPMASTER
VENTURA,BSE,516098.BO,Ventura Textiles,VENTURA|Ventura Textiles|Ventura Textiles Limited,,INE810C01044,516098,IIFL_SCRIPMASTER
VENUSPIPES,BSE,543528.BO,Venus Pipes & Tubes,VENUSPIPES|Venus Pipes & Tubes|Venus Pipes & Tubes Limited,,INE0JA001018,543528,IIFL_SCRIPMASTER
VENUSREM,BSE,526953.BO,Venus Remedies,VENUSREM|Venus Remedies|Venus Remedies Limited,,INE411B01019,526953,IIFL_SCRIPMASTER
VERA,BSE,202708.BO,Vera Synthetic,VERA|Vera Synthetic|Vera Synthetic Limited,,INE709Z01015,202708,IIFL_SCRIPMASTER
VERANDA,BSE,543514.BO,Veranda Learning Solutions Lim,VERANDA|Veranda Learning Solutions Lim,,INE0IQ001011,543514,IIFL_SCRIPMASTER
VERITAAS,BSE,211584.BO,Veritaas Advertising,VERITAAS|Veritaas Advertising|Veritaas Advertising Limited,,INE0SRI01019,211584,IIFL_SCRIPMASTER
VERTEX,BSE,531950.BO,Vertex Securities,VERTEX|Vertex Securities|Vertex Securities Limited,,INE316D01024,531950,IIFL_SCRIPMASTER
VERTEXPP,BSE,890234.BO,Vertex Securities,VERTEXPP|Vertex Securities|Vertex Securities Limited,,IN9316D01014,890234,IIFL_SCRIPMASTER
VERTEXPLUS,BSE,209553.BO,Vertexplus Technologies L,VERTEXPLUS|Vertexplus Technologies L,,INE0NLB01018,209553,IIFL_SCRIPMASTER
VERTOZ,BSE,211747.BO,Vertoz,VERTOZ|Vertoz|Vertoz Limited,,INE188Y01031,211747,IIFL_SCRIPMASTER
VESUVIUS,BSE,520113.BO,Vesuvius India,VESUVIUS|Vesuvius India|Vesuvius India Limited,,INE386A01023,520113,IIFL_SCRIPMASTER
VETO,BSE,539331.BO,Veto Switchgears and Cables Li,VETO|Veto Switchgears and Cables Li,,INE918N01018,539331,IIFL_SCRIPMASTER
VIAZ,BSE,209508.BO,Viaz Tyres,VIAZ|Viaz Tyres|Viaz Tyres Limited,,INE0MO401019,209508,IIFL_SCRIPMASTER
VSTL,BSE,544124.BO,Vibhor Steel Tubes,VSTL|Vibhor Steel Tubes|Vibhor Steel Tubes Limited,,INE0QTF01015,544124,IIFL_SCRIPMASTER
VICTMILL,BSE,503349.BO,Victoria Mills,VICTMILL|Victoria Mills|Victoria Mills Limited,,INE203D01016,503349,IIFL_SCRIPMASTER
VICTORYEV,BSE,215572.BO,Victory Elec Vehicl Int L,VICTORYEV|Victory Elec Vehicl Int L,,INE0F8901022,215572,IIFL_SCRIPMASTER
VIDHIING,BSE,531717.BO,Vidhi Specialty Food Ingredien,VIDHIING|Vidhi Specialty Food Ingredien,,INE632C01026,531717,IIFL_SCRIPMASTER
VIDYAWIRES,BSE,544633.BO,Vidya Wires,VIDYAWIRES|Vidya Wires|Vidya Wires Limited,,INE14UN01029,544633,IIFL_SCRIPMASTER
VIGOR,BSE,213737.BO,Vigor Plast India,VIGOR|Vigor Plast India|Vigor Plast India Limited,,INE1DM601016,213737,IIFL_SCRIPMASTER
VIJAYA,BSE,543350.BO,Vijaya Diagnostic Centre Limit,VIJAYA|Vijaya Diagnostic Centre Limit,,INE043W01024,543350,IIFL_SCRIPMASTER
VIJAYPD,BSE,215181.BO,Vijaypd Ceutical,VIJAYPD|Vijaypd Ceutical|Vijaypd Ceutical Limited,,INE0WL901019,215181,IIFL_SCRIPMASTER
VIKALPS,BSE,531334.BO,Vikalp Securities,VIKALPS|Vikalp Securities|Vikalp Securities Limited,,INE186E01011,531334,IIFL_SCRIPMASTER
VIKASECO,BSE,530961.BO,Vikas Ecotech,VIKASECO|Vikas Ecotech|Vikas Ecotech Limited,,INE806A01020,530961,IIFL_SCRIPMASTER
VIKASLIFE,BSE,542655.BO,Vikas Lifecare,VIKASLIFE|Vikas Lifecare|Vikas Lifecare Limited,,INE161L01027,542655,IIFL_SCRIPMASTER
VIKRAMAR,BSE,544371.BO,Vikram Aroma,VIKRAMAR|Vikram Aroma|Vikram Aroma Limited,,INE0NR501012,544371,IIFL_SCRIPMASTER
KAMATS,BSE,539659.BO,Vikram Kamats Hospitality Limi,KAMATS|Vikram Kamats Hospitality Limi,,INE564S01019,539659,IIFL_SCRIPMASTER
VIKRAMSOLR,BSE,544488.BO,Vikram Solar,VIKRAMSOLR|Vikram Solar|Vikram Solar Limited,,INE078V01014,544488,IIFL_SCRIPMASTER
VIKRAMTH,BSE,530477.BO,Vikram Thermo (India),VIKRAMTH|Vikram Thermo (India)|Vikram Thermo (India) Limited,,INE337E01010,530477,IIFL_SCRIPMASTER
VIKRAN,BSE,544496.BO,Vikran Engineering,VIKRAN|Vikran Engineering|Vikran Engineering Limited,,INE01R501028,544496,IIFL_SCRIPMASTER
VILAS,BSE,211629.BO,Vilas Transcore,VILAS|Vilas Transcore|Vilas Transcore Limited,,INE0AZY01017,211629,IIFL_SCRIPMASTER
VILINBIO,BSE,210435.BO,Vilin Bio Med,VILINBIO|Vilin Bio Med|Vilin Bio Med Limited,,INE0L4V01013,210435,IIFL_SCRIPMASTER
VIMTALABS,BSE,524394.BO,Vimta Labs,VIMTALABS|Vimta Labs|Vimta Labs Limited,,INE579C01029,524394,IIFL_SCRIPMASTER
VINATIORGA,BSE,524200.BO,Vinati Organics,VINATIORGA|Vinati Organics|Vinati Organics Limited,,INE410B01037,524200,IIFL_SCRIPMASTER
VINAYAKPOL,BSE,534639.BO,Vinayak Polycon International,VINAYAKPOL|Vinayak Polycon International,,INE581M01016,534639,IIFL_SCRIPMASTER
VINDHYATEL,BSE,517015.BO,Vindhya Telelinks,VINDHYATEL|Vindhya Telelinks|Vindhya Telelinks Limited,,INE707A01012,517015,IIFL_SCRIPMASTER
VINNY,BSE,543670.BO,Vinny Overseas,VINNY|Vinny Overseas|Vinny Overseas Limited,,INE01KI01027,543670,IIFL_SCRIPMASTER
VINSYS,BSE,210540.BO,Vinsys It Services Ind Lt,VINSYS|Vinsys It Services Ind Lt,,INE0OSJ01014,210540,IIFL_SCRIPMASTER
VINCOFE,BSE,538920.BO,Vintage Coffee and Beverages L,VINCOFE|Vintage Coffee and Beverages L,,INE498Q01014,538920,IIFL_SCRIPMASTER
VINTAGES,BSE,531051.BO,Vintage Securities,VINTAGES|Vintage Securities|Vintage Securities Limited,,INE153C01015,531051,IIFL_SCRIPMASTER
VINYAS,BSE,210684.BO,Vinyas Innovative Tech L,VINYAS|Vinyas Innovative Tech L,,INE0OLS01010,210684,IIFL_SCRIPMASTER
VINYLINDIA,BSE,524129.BO,Vinyl Chemicals (India),VINYLINDIA|Vinyl Chemicals (India)|Vinyl Chemicals (India) Limited,,INE250B01029,524129,IIFL_SCRIPMASTER
VINYOFL,BSE,530401.BO,Vinyoflex,VINYOFL|Vinyoflex|Vinyoflex Limited,,INE526H01011,530401,IIFL_SCRIPMASTER
VIPPYSP,BSE,514302.BO,Vippy Spinpro,VIPPYSP|Vippy Spinpro|Vippy Spinpro Limited,,INE660D01017,514302,IIFL_SCRIPMASTER
VIPULLTD,BSE,511726.BO,Vipul,VIPULLTD|Vipul|Vipul Limited,,INE946H01037,511726,IIFL_SCRIPMASTER
VIPULORG,BSE,530627.BO,Vipul Organics,VIPULORG|Vipul Organics|Vipul Organics Limited,,INE834D01018,530627,IIFL_SCRIPMASTER
VSL,BSE,540252.BO,Viram Suvarn,VSL|Viram Suvarn|Viram Suvarn Limited,,INE607V01028,540252,IIFL_SCRIPMASTER
VIRATCRA,BSE,519457.BO,Virat Crane Industries,VIRATCRA|Virat Crane Industries|Virat Crane Industries Limited,,INE295C01014,519457,IIFL_SCRIPMASTER
VIRAT,BSE,530521.BO,Virat Industries,VIRAT|Virat Industries|Virat Industries Limited,,INE467D01017,530521,IIFL_SCRIPMASTER
VIRINCHI,BSE,532372.BO,Virinchi,VIRINCHI|Virinchi|Virinchi Limited,,INE539B01017,532372,IIFL_SCRIPMASTER
VGINFOTECH,BSE,213321.BO,Virtual Galaxy Infotech L,VGINFOTECH|Virtual Galaxy Infotech L,,INE0VRH01015,213321,IIFL_SCRIPMASTER
VIRTUALG,BSE,534741.BO,Virtual Global Education,VIRTUALG|Virtual Global Education|Virtual Global Education Limited,,INE247C01023,534741,IIFL_SCRIPMASTER
VOEPL,BSE,543597.BO,Virtuoso Optoelectronics Limit,VOEPL|Virtuoso Optoelectronics Limit,,INE0I0T01010,543597,IIFL_SCRIPMASTER
VISAGAR,BSE,531025.BO,Visagar Financial Services,VISAGAR|Visagar Financial Services|Visagar Financial Services Limited,,INE309H01038,531025,IIFL_SCRIPMASTER
VIVIDHA,BSE,506146.BO,Visagar Polytex,VIVIDHA|Visagar Polytex|Visagar Polytex Limited,,INE370E01029,506146,IIFL_SCRIPMASTER
VISAKAIND,BSE,509055.BO,Visaka Industries,VISAKAIND|Visaka Industries|Visaka Industries Limited,,INE392A01021,509055,IIFL_SCRIPMASTER
VISAMAN,BSE,211714.BO,Visaman Global Sales,VISAMAN|Visaman Global Sales|Visaman Global Sales Limited,,INE0BHK01012,211714,IIFL_SCRIPMASTER
VISHALBL,BSE,539398.BO,Vishal Bearings,VISHALBL|Vishal Bearings|Vishal Bearings Limited,,INE060T01024,539398,IIFL_SCRIPMASTER
VISHAL,BSE,538598.BO,Vishal Fabrics,VISHAL|Vishal Fabrics|Vishal Fabrics Limited,,INE755Q01025,538598,IIFL_SCRIPMASTER
VMM,BSE,544307.BO,Vishal Mega Mart,VMM|Vishal Mega Mart|Vishal Mega Mart Limited,,INE01EA01019,544307,IIFL_SCRIPMASTER
VISHNU,BSE,516072.BO,Vishnu Chemicals,VISHNU|Vishnu Chemicals|Vishnu Chemicals Limited,,INE270I01022,516072,IIFL_SCRIPMASTER
VISHNUINFR,BSE,210691.BO,Vishnusurya Proj N Infr L,VISHNUINFR|Vishnusurya Proj N Infr L,,INE0PQ001012,210691,IIFL_SCRIPMASTER
VISVEN,BSE,512064.BO,Vishvprabha Ventures,VISVEN|Vishvprabha Ventures|Vishvprabha Ventures Limited,,INE762D01011,512064,IIFL_SCRIPMASTER
VISHWARAJ,BSE,542852.BO,Vishwaraj Sugar Industries Lim,VISHWARAJ|Vishwaraj Sugar Industries Lim,,INE430N01022,542852,IIFL_SCRIPMASTER
VISHWAS,BSE,211460.BO,Vishwas Agri Seeds,VISHWAS|Vishwas Agri Seeds|Vishwas Agri Seeds Limited,,INE0S2E01016,211460,IIFL_SCRIPMASTER
VISIONCO,BSE,531668.BO,Vision,VISIONCO|Vision|Vision Corporation Limited,,INE661D01015,531668,IIFL_SCRIPMASTER
VISIONCINE,BSE,526441.BO,Vision Cinemas,VISIONCINE|Vision Cinemas|Vision Cinemas Limited,,INE515B01025,526441,IIFL_SCRIPMASTER
VIESL,BSE,211971.BO,Vision Infra Equip Sol L,VIESL|Vision Infra Equip Sol L,,INE0TR001017,211971,IIFL_SCRIPMASTER
VISTAPH,BSE,524711.BO,Vista Pharmaceuticals,VISTAPH|Vista Pharmaceuticals|Vista Pharmaceuticals Limited,,INE427C01021,524711,IIFL_SCRIPMASTER
VITAL,BSE,209238.BO,Vital Chemtech,VITAL|Vital Chemtech|Vital Chemtech Limited,,INE0L4K01016,209238,IIFL_SCRIPMASTER
VIVAA,BSE,544002.BO,Vivaa Tradecom,VIVAA|Vivaa Tradecom|Vivaa Tradecom Limited,,INE0PA601017,544002,IIFL_SCRIPMASTER
VIVANTA,BSE,541735.BO,Vivanta Industries,VIVANTA|Vivanta Industries|Vivanta Industries Limited,,INE299W01022,541735,IIFL_SCRIPMASTER
VIVANZA,BSE,530057.BO,Vivanza Biosciences,VIVANZA|Vivanza Biosciences|Vivanza Biosciences Limited,,INE984E01035,530057,IIFL_SCRIPMASTER
VIVIANA,BSE,209109.BO,Viviana Power Tech,VIVIANA|Viviana Power Tech|Viviana Power Tech Limited,,INE0MEG01014,209109,IIFL_SCRIPMASTER
VIVIDEL,BSE,216132.BO,Vivid Electromech,VIVIDEL|Vivid Electromech|Vivid Electromech Limited,,INE24H301028,216132,IIFL_SCRIPMASTER
VIVIDIND,BSE,524576.BO,Vivid Global Industries,VIVIDIND|Vivid Global Industries|Vivid Global Industries Limited,,INE737C01023,524576,IIFL_SCRIPMASTER
VIVIDM,BSE,542046.BO,Vivid Mercantile,VIVIDM|Vivid Mercantile|Vivid Mercantile Limited,,INE647Z01025,542046,IIFL_SCRIPMASTER
VIVOBIOT,BSE,511509.BO,Vivo Bio Tech,VIVOBIOT|Vivo Bio Tech|Vivo Bio Tech Limited,,INE380K01017,511509,IIFL_SCRIPMASTER
VIVO,BSE,208433.BO,Vivo Collab Solutions,VIVO|Vivo Collab Solutions|Vivo Collab Solutions Limited,,INE0IA701014,208433,IIFL_SCRIPMASTER
VIYASH,BSE,512529.BO,Viyash Scientific,VIYASH|Viyash Scientific|Viyash Scientific Limited,,INE807F01027,512529,IIFL_SCRIPMASTER
VJTFEDU,BSE,509026.BO,Vjtf Eduservices,VJTFEDU|Vjtf Eduservices|Vjtf Eduservices Limited,,INE117F01013,509026,IIFL_SCRIPMASTER
VLSFINANCE,BSE,511333.BO,Vls Finance,VLSFINANCE|Vls Finance|Vls Finance Limited,,INE709A01018,511333,IIFL_SCRIPMASTER
VMS,BSE,533427.BO,Vms Industries,VMS|Vms Industries|Vms Industries Limited,,INE932K01015,533427,IIFL_SCRIPMASTER
IDEA,BSE,532822.BO,Vodafone Idea,IDEA|Vodafone Idea|Vodafone Idea Limited,,INE669E01016,532822,IIFL_SCRIPMASTER
VOITHPAPR,BSE,522122.BO,Voith Paper Fabrics India,VOITHPAPR|Voith Paper Fabrics India|Voith Paper Fabrics India Limited,,INE285C01015,522122,IIFL_SCRIPMASTER
VOLERCAR,BSE,212508.BO,Voler Car,VOLERCAR|Voler Car|Voler Car Limited,,INE241X01014,212508,IIFL_SCRIPMASTER
VOLLF,BSE,509038.BO,Voltaire Leasing & Finance,VOLLF|Voltaire Leasing & Finance|Voltaire Leasing & Finance Limited,,INE763D01019,509038,IIFL_SCRIPMASTER
VOLTAMP,BSE,532757.BO,Voltamp Transformers,VOLTAMP|Voltamp Transformers|Voltamp Transformers Limited,,INE540H01012,532757,IIFL_SCRIPMASTER
VOLTAS,BSE,500575.BO,Voltas,VOLTAS|Voltas|Voltas Limited,,INE226A01021,500575,IIFL_SCRIPMASTER
VRAJ,BSE,544204.BO,Vraj Iron and Steel,VRAJ|Vraj Iron and Steel|Vraj Iron and Steel Limited,,INE0S2V01010,544204,IIFL_SCRIPMASTER
VRLLOG,BSE,539118.BO,Vrl Logistics,VRLLOG|Vrl Logistics|Vrl Logistics Limited,,INE366I01010,539118,IIFL_SCRIPMASTER
VRUDDHI,BSE,544157.BO,Vruddhi Engineering Works Limi,VRUDDHI|Vruddhi Engineering Works Limi,,INE0OMZ01013,544157,IIFL_SCRIPMASTER
VPL,BSE,544011.BO,Vrundavan Plantation,VPL|Vrundavan Plantation|Vrundavan Plantation Limited,,INE0Q6901013,544011,IIFL_SCRIPMASTER
VSFPROJ,BSE,519331.BO,Vsf Projects,VSFPROJ|Vsf Projects|Vsf Projects Limited,,INE923K01014,519331,IIFL_SCRIPMASTER
VSTIND,BSE,509966.BO,Vst Industries,VSTIND|Vst Industries|Vst Industries Limited,,INE710A01016,509966,IIFL_SCRIPMASTER
VTMLTD,BSE,532893.BO,Vtm,VTMLTD|Vtm|Vtm Limited,,INE222F01029,532893,IIFL_SCRIPMASTER
VVIPIL,BSE,544219.BO,Vvip Infratech,VVIPIL|Vvip Infratech|Vvip Infratech Limited,,INE0MNP01016,544219,IIFL_SCRIPMASTER
WHBRADY,BSE,501391.BO,W.H.Brady & Co.,W.H.Brady & Co.|W.H.Brady & Co.Limited|WHBRADY,,INE855A01019,501391,IIFL_SCRIPMASTER
WSI,BSE,504220.BO,W.S.Industries (India),W.S.Industries (India)|W.S.Industries (India) Limited|WSI,,INE100D01014,504220,IIFL_SCRIPMASTER
WAA,BSE,541445.BO,Waa Solar,WAA|Waa Solar|Waa Solar Limited,,INE799N01012,541445,IIFL_SCRIPMASTER
WAAREEENER,BSE,544277.BO,Waaree Energies,WAAREEENER|Waaree Energies|Waaree Energies Limited,,INE377N01017,544277,IIFL_SCRIPMASTER
WAAREERTL,BSE,534618.BO,Waaree Renewable Technologies,WAAREERTL|Waaree Renewable Technologies,,INE299N01021,534618,IIFL_SCRIPMASTER
WAGEND,BSE,503675.BO,Wagend Infra Venture,WAGEND|Wagend Infra Venture|Wagend Infra Venture Limited,,INE786K01023,503675,IIFL_SCRIPMASTER
WAKEFIT,BSE,544642.BO,Wakefit Innovations,WAKEFIT|Wakefit Innovations|Wakefit Innovations Limited,,INE0E7301029,544642,IIFL_SCRIPMASTER
WALCHPF,BSE,501370.BO,Walchand Peoplefirst,WALCHPF|Walchand Peoplefirst|Walchand Peoplefirst Limited,,INE695D01021,501370,IIFL_SCRIPMASTER
WALCHANNAG,BSE,507410.BO,Walchandnagar Industries,WALCHANNAG|Walchandnagar Industries|Walchandnagar Industries Limited,,INE711A01022,507410,IIFL_SCRIPMASTER
WALLFORT,BSE,532053.BO,Wallfort Financial Services Lt,WALLFORT|Wallfort Financial Services Lt,,INE121B01014,532053,IIFL_SCRIPMASTER
WALPAR,BSE,208105.BO,Walpar Nutritions,WALPAR|Walpar Nutritions|Walpar Nutritions Limited,,INE0G2G01015,208105,IIFL_SCRIPMASTER
WARDWIZFBL,BSE,539132.BO,Wardwizard Foods and Beverages,WARDWIZFBL|Wardwizard Foods and Beverages,,INE761D01021,539132,IIFL_SCRIPMASTER
WARRENTEA,BSE,508494.BO,Warren Tea,WARRENTEA|Warren Tea|Warren Tea Limited,,INE712A01012,508494,IIFL_SCRIPMASTER
WATERBASE,BSE,523660.BO,Waterbase,WATERBASE|Waterbase|Waterbase Limited,,INE054C01015,523660,IIFL_SCRIPMASTER
WEALTH,BSE,544536.BO,Wealth First Portfolio Manager,WEALTH|Wealth First Portfolio Manager,,INE658T01017,544536,IIFL_SCRIPMASTER
WEALTH,BSE,200627.BO,Wealth Frst Port. Mg.,WEALTH|Wealth Frst Port. Mg.|Wealth Frst Port. Mg. Limited,,INE658T01017,200627,IIFL_SCRIPMASTER
WEBELSOLAR,BSE,517498.BO,Websol Energy System,WEBELSOLAR|Websol Energy System|Websol Energy System Limited,,INE855C01023,517498,IIFL_SCRIPMASTER
WEIZMANIND,BSE,523011.BO,Weizmann,WEIZMANIND|Weizmann|Weizmann Limited,,INE080A01014,523011,IIFL_SCRIPMASTER
ZWELCAST,BSE,504988.BO,Welcast Steels,Welcast Steels|Welcast Steels Limited|ZWELCAST,,INE380G01015,504988,IIFL_SCRIPMASTER
WELCURE,BSE,524661.BO,Welcure Drugs & Pharmaceutical,WELCURE|Welcure Drugs & Pharmaceutical,,INE331C01025,524661,IIFL_SCRIPMASTER
WELCORP,BSE,532144.BO,Welspun Corp,WELCORP|Welspun Corp|Welspun Corp Limited,,INE191B01025,532144,IIFL_SCRIPMASTER
WELENT,BSE,532553.BO,Welspun Enterprises Limted,WELENT|Welspun Enterprises Limted,,INE625G01013,532553,IIFL_SCRIPMASTER
WELINV,BSE,533252.BO,Welspun Investments and Commer,WELINV|Welspun Investments and Commer,,INE389K01018,533252,IIFL_SCRIPMASTER
WELSPUNLIV,BSE,514162.BO,Welspun Living,WELSPUNLIV|Welspun Living|Welspun Living Limited,,INE192B01031,514162,IIFL_SCRIPMASTER
WELSPLSOL,BSE,500365.BO,Welspun Specialty Solutions Li,WELSPLSOL|Welspun Specialty Solutions Li,,INE731F01037,500365,IIFL_SCRIPMASTER
WENDT,BSE,505412.BO,Wendt (India),WENDT|Wendt (India)|Wendt (India) Limited,,INE274C01019,505412,IIFL_SCRIPMASTER
WEPSOLN,BSE,532373.BO,Wep Solutions,WEPSOLN|Wep Solutions|Wep Solutions Limited,,INE434B01029,532373,IIFL_SCRIPMASTER
WSTCSTPAPR,BSE,500444.BO,West Coast Paper Mills,WSTCSTPAPR|West Coast Paper Mills|West Coast Paper Mills Limited,,INE976A01021,500444,IIFL_SCRIPMASTER
WESTLEIRES,BSE,538382.BO,West Leisure Resorts,WESTLEIRES|West Leisure Resorts|West Leisure Resorts Limited,,INE266P01017,538382,IIFL_SCRIPMASTER
WCIL,BSE,544258.BO,Western Carriers (India) Limit,WCIL|Western Carriers (India) Limit,,INE0CJF01024,544258,IIFL_SCRIPMASTER
WESTLIFE,BSE,505533.BO,Westlife Foodworld,WESTLIFE|Westlife Foodworld|Westlife Foodworld Limited,,INE274F01020,505533,IIFL_SCRIPMASTER
WEWORK,BSE,544570.BO,Wework India Management Limite,WEWORK|Wework India Management Limite,,INE085001019,544570,IIFL_SCRIPMASTER
WHEELS,BSE,590073.BO,Wheels India,WHEELS|Wheels India|Wheels India Limited,,INE715A01015,590073,IIFL_SCRIPMASTER
WHIRLPOOL,BSE,500238.BO,Whirlpool of India,WHIRLPOOL|Whirlpool of India|Whirlpool of India Limited,,INE716A01013,500238,IIFL_SCRIPMASTER
WHITEORG,BSE,513713.BO,White Organic Agro,WHITEORG|White Organic Agro|White Organic Agro Limited,,INE146C01019,513713,IIFL_SCRIPMASTER
WILLIMFI,BSE,519214.BO,Williamson Financial Services,WILLIMFI|Williamson Financial Services,,INE188E01017,519214,IIFL_SCRIPMASTER
WILLAMAGOR,BSE,519224.BO,Williamson Magor & Company,WILLAMAGOR|Williamson Magor & Company|Williamson Magor & Company Limited,,INE210A01017,519224,IIFL_SCRIPMASTER
WIMPLAST,BSE,526586.BO,Wim Plast,WIMPLAST|Wim Plast|Wim Plast Limited,,INE015B01018,526586,IIFL_SCRIPMASTER
WINDLAS,BSE,543329.BO,Windlas Biotech,WINDLAS|Windlas Biotech|Windlas Biotech Limited,,INE0H5O01029,543329,IIFL_SCRIPMASTER
WINDMACHIN,BSE,522029.BO,Windsor Machines,WINDMACHIN|Windsor Machines|Windsor Machines Limited,,INE052A01021,522029,IIFL_SCRIPMASTER
WINNY,BSE,211694.BO,Winny Immigra & Edu Ser L,WINNY|Winny Immigra & Edu Ser L,,INE0S9101013,211694,IIFL_SCRIPMASTER
WINSOL,BSE,211565.BO,Winsol Engineers,WINSOL|Winsol Engineers|Winsol Engineers Limited,,INE0S3D01016,211565,IIFL_SCRIPMASTER
WINSOMBR,BSE,526471.BO,Winsome Breweries,WINSOMBR|Winsome Breweries|Winsome Breweries Limited,,INE391C01011,526471,IIFL_SCRIPMASTER
WINSOMTX,BSE,514470.BO,Winsome Textile Industries,WINSOMTX|Winsome Textile Industries|Winsome Textile Industries Limited,,INE837B01031,514470,IIFL_SCRIPMASTER
WIPRO,BSE,507685.BO,Wipro,WIPRO|Wipro|Wipro Limited,,INE075A01022,507685,IIFL_SCRIPMASTER
WIREFABR,BSE,507817.BO,Wires & Fabriks (Sa),WIREFABR|Wires & Fabriks (Sa)|Wires & Fabriks (Sa) Limited,,INE469D01013,507817,IIFL_SCRIPMASTER
WTICAB,BSE,211146.BO,Wise Travel India,WTICAB|Wise Travel India|Wise Travel India Limited,,INE623Y01011,211146,IIFL_SCRIPMASTER
WOCKPHARMA,BSE,532300.BO,Wockhardt,WOCKPHARMA|Wockhardt|Wockhardt Limited,,INE049B01025,532300,IIFL_SCRIPMASTER
WOL3D,BSE,212046.BO,Wol 3D India,WOL3D|Wol 3D India|Wol 3D India Limited,,INE0OO201011,212046,IIFL_SCRIPMASTER
WOMANCART,BSE,210746.BO,Womancart,WOMANCART|Womancart|Womancart Limited,,INE0Q9601016,210746,IIFL_SCRIPMASTER
WOMENNET,BSE,531396.BO,Women Networks,WOMENNET|Women Networks|Women Networks Limited,,INE905B01010,531396,IIFL_SCRIPMASTER
WEL,BSE,543449.BO,Wonder Electricals,WEL|Wonder Electricals|Wonder Electricals Limited,,INE02WG01024,543449,IIFL_SCRIPMASTER
WONDERLA,BSE,538268.BO,Wonderla Holidays,WONDERLA|Wonderla Holidays|Wonderla Holidays Limited,,INE066O01014,538268,IIFL_SCRIPMASTER
WORKMATES,BSE,544610.BO,Workmates Core2Cloud Solution,WORKMATES|Workmates Core2Cloud Solution,,INE1I1301016,544610,IIFL_SCRIPMASTER
WWALUM,BSE,526525.BO,Worldwide Aluminium,WWALUM|Worldwide Aluminium|Worldwide Aluminium Limited,,INE550D01010,526525,IIFL_SCRIPMASTER
WORTHPERI,BSE,202243.BO,Worth Peripherals,WORTHPERI|Worth Peripherals|Worth Peripherals Limited,,INE196Y01018,202243,IIFL_SCRIPMASTER
WORTHPERI,BSE,544577.BO,Worth Peripherals,WORTHPERI|Worth Peripherals|Worth Peripherals Limited,,INE196Y01018,544577,IIFL_SCRIPMASTER
WPIL,BSE,505872.BO,Wpil,WPIL|Wpil|Wpil Limited,,INE765D01022,505872,IIFL_SCRIPMASTER
WSFX,BSE,511147.BO,Wsfx Global Pay,WSFX|Wsfx Global Pay|Wsfx Global Pay Limited,,INE549D01012,511147,IIFL_SCRIPMASTER
XCHANGING,BSE,532616.BO,Xchanging Solutions,XCHANGING|Xchanging Solutions|Xchanging Solutions Limited,,INE692G01013,532616,IIFL_SCRIPMASTER
XELPMOC,BSE,542367.BO,Xelpmoc Design and Tech Limite,XELPMOC|Xelpmoc Design and Tech Limite,,INE01P501012,542367,IIFL_SCRIPMASTER
XPROINDIA,BSE,590013.BO,Xpro India,XPROINDIA|Xpro India|Xpro India Limited,,INE445C01015,590013,IIFL_SCRIPMASTER
XTGLOBAL,BSE,531225.BO,Xtglobal Infotech,XTGLOBAL|Xtglobal Infotech|Xtglobal Infotech Limited,,INE547B01028,531225,IIFL_SCRIPMASTER
YAANENT,BSE,538521.BO,Yaan Enterprises,YAANENT|Yaan Enterprises|Yaan Enterprises Limited,,INE969E01010,538521,IIFL_SCRIPMASTER
YAAP,BSE,215837.BO,Yaap Digital,YAAP|Yaap Digital|Yaap Digital Limited,,INE0U0J01015,215837,IIFL_SCRIPMASTER
YAJUR,BSE,544676.BO,Yajur Fibres,YAJUR|Yajur Fibres|Yajur Fibres Limited,,INE0CNJ01010,544676,IIFL_SCRIPMASTER
YARNSYN,BSE,514378.BO,Yarn Syndicate,YARNSYN|Yarn Syndicate|Yarn Syndicate Limited,,INE564C01013,514378,IIFL_SCRIPMASTER
YASHCHEM,BSE,539939.BO,Yash Chemex,YASHCHEM|Yash Chemex|Yash Chemex Limited,,INE571U01010,539939,IIFL_SCRIPMASTER
YASHHV,BSE,544310.BO,Yash Highvoltage,YASHHV|Yash Highvoltage|Yash Highvoltage Limited,,INE00GK01023,544310,IIFL_SCRIPMASTER
YASHINNO,BSE,523650.BO,Yash Innoventures,YASHINNO|Yash Innoventures|Yash Innoventures Limited,,INE823D01011,523650,IIFL_SCRIPMASTER
YASHMGM,BSE,511601.BO,Yash Management & Satellite Lt,YASHMGM|Yash Management & Satellite Lt,,INE216B01012,511601,IIFL_SCRIPMASTER
YASHOPTICS,BSE,211495.BO,Yash Optics & Lens,YASHOPTICS|Yash Optics & Lens|Yash Optics & Lens Limited,,INE0TO601017,211495,IIFL_SCRIPMASTER
YASHO,BSE,541167.BO,Yasho Industries,YASHO|Yasho Industries|Yasho Industries Limited,,INE616Z01012,541167,IIFL_SCRIPMASTER
YCCL,BSE,210517.BO,Yasons Chemex Care,YCCL|Yasons Chemex Care|Yasons Chemex Care Limited,,INE08S201019,210517,IIFL_SCRIPMASTER
YATHARTH,BSE,543950.BO,Yatharth Hospital & Trauma Car,YATHARTH|Yatharth Hospital & Trauma Car,,INE0JO301016,543950,IIFL_SCRIPMASTER
YATRA,BSE,543992.BO,Yatra Online,YATRA|Yatra Online|Yatra Online Limited,,INE0JR601024,543992,IIFL_SCRIPMASTER
YESBANK,BSE,532648.BO,Yes Bank,YESBANK|Yes Bank|Yes Bank Limited,,INE528G01035,532648,IIFL_SCRIPMASTER
YOGI,BSE,511702.BO,Yogi,YOGI|Yogi|Yogi Limited,,INE290E01011,511702,IIFL_SCRIPMASTER
YORKEXP,BSE,530675.BO,York Exports,YORKEXP|York Exports|York Exports Limited,,INE057Q01018,530675,IIFL_SCRIPMASTER
YUDIZ,BSE,210544.BO,Yudiz Solutions,YUDIZ|Yudiz Solutions|Yudiz Solutions Limited,,INE09FA01019,210544,IIFL_SCRIPMASTER
YUG,BSE,540550.BO,Yug Decor,YUG|Yug Decor|Yug Decor Limited,,INE796W01019,540550,IIFL_SCRIPMASTER
YUKEN,BSE,522108.BO,Yuken India,YUKEN|Yuken India|Yuken India Limited,,INE384C01016,522108,IIFL_SCRIPMASTER
YUNIKM,BSE,533149.BO,Yunik Managing Advisors Limite,YUNIKM|Yunik Managing Advisors Limite,,INE143K01019,533149,IIFL_SCRIPMASTER
ZTECH,BSE,211634.BO,Z-Tech (India),Z-Tech (India)|Z-Tech (India) Limited|ZTECH,,INE0ISZ01012,211634,IIFL_SCRIPMASTER
ZFSTEERING,BSE,505163.BO,Z.F.Steering Gear (India),Z.F.Steering Gear (India)|Z.F.Steering Gear (India) Limited|ZFSTEERING,,INE116C01012,505163,IIFL_SCRIPMASTER
ZAGGLE,BSE,543985.BO,Zaggle Prepaid Ocean Services,ZAGGLE|Zaggle Prepaid Ocean Services,,INE07K301024,543985,IIFL_SCRIPMASTER
ZEAL,BSE,210532.BO,Zeal Global Services,ZEAL|Zeal Global Services|Zeal Global Services Limited,,INE0PPS01018,210532,IIFL_SCRIPMASTER
ZEEL,BSE,505537.BO,Zee Entertainment Enterprises,ZEEL|Zee Entertainment Enterprises,,INE256A01028,505537,IIFL_SCRIPMASTER
ZEELEARN,BSE,533287.BO,Zee Learn,ZEELEARN|Zee Learn|Zee Learn Limited,,INE565L01011,533287,IIFL_SCRIPMASTER
ZEEMEDIA,BSE,532794.BO,Zee Media,ZEEMEDIA|Zee Media|Zee Media Corporation Limited,,INE966H01019,532794,IIFL_SCRIPMASTER
ZENTEC,BSE,533339.BO,Zen Technologies,ZENTEC|Zen Technologies|Zen Technologies Limited,,INE251B01027,533339,IIFL_SCRIPMASTER
ZENITHDRUG,BSE,211179.BO,Zenith Drugs,ZENITHDRUG|Zenith Drugs|Zenith Drugs Limited,,INE0QWN01013,211179,IIFL_SCRIPMASTER
ZENITHEXPO,BSE,512553.BO,Zenith Exports,ZENITHEXPO|Zenith Exports|Zenith Exports Limited,,INE058B01018,512553,IIFL_SCRIPMASTER
ZENIFIB,BSE,514266.BO,Zenith Fibres,ZENIFIB|Zenith Fibres|Zenith Fibres Limited,,INE106C01013,514266,IIFL_SCRIPMASTER
ZENITHHE,BSE,530665.BO,Zenith Health Care,ZENITHHE|Zenith Health Care|Zenith Health Care Limited,,INE812B01026,530665,IIFL_SCRIPMASTER
ZENITHSTL,BSE,531845.BO,Zenith Steel Pipes and Indust,ZENITHSTL|Zenith Steel Pipes and Indust,,INE318D01020,531845,IIFL_SCRIPMASTER
ZENLABS,BSE,530697.BO,Zenlabs Ethica,ZENLABS|Zenlabs Ethica|Zenlabs Ethica Limited,,INE546F01013,530697,IIFL_SCRIPMASTER
ZENOTECH,BSE,532039.BO,Zenotech Laboratories,ZENOTECH|Zenotech Laboratories|Zenotech Laboratories Limited,,INE486F01012,532039,IIFL_SCRIPMASTER
ZENSARTECH,BSE,504067.BO,Zensar Technologies,ZENSARTECH|Zensar Technologies|Zensar Technologies Limited,,INE520A01027,504067,IIFL_SCRIPMASTER
ZFCVINDIA,BSE,533023.BO,Zf Commercial Vehicle Control,ZFCVINDIA|Zf Commercial Vehicle Control,,INE342J01019,533023,IIFL_SCRIPMASTER
ZODIACLOTH,BSE,521163.BO,Zodiac Clothing Co.,ZODIACLOTH|Zodiac Clothing Co.|Zodiac Clothing Co.Limited,,INE206B01013,521163,IIFL_SCRIPMASTER
ZODJRDMKJ,BSE,512587.BO,Zodiac-Jrd-Mkj,ZODJRDMKJ|Zodiac-Jrd-Mkj|Zodiac-Jrd-Mkj Limited,,INE077B01018,512587,IIFL_SCRIPMASTER
ZOTA,BSE,203811.BO,Zota Health Care,ZOTA|Zota Health Care|Zota Health Care Limited,,INE358U01012,203811,IIFL_SCRIPMASTER
ZUARI,BSE,534742.BO,Zuari Agro Chemicals,ZUARI|Zuari Agro Chemicals|Zuari Agro Chemicals Limited,,INE840M01016,534742,IIFL_SCRIPMASTER
ZUARIIND,BSE,500780.BO,Zuari Industries,ZUARIIND|Zuari Industries|Zuari Industries Limited,,INE217A01012,500780,IIFL_SCRIPMASTER
ZYDUSLIFE,BSE,532321.BO,Zydus Lifesciences,ZYDUSLIFE|Zydus Lifesciences|Zydus Lifesciences Limited,,INE010B01027,532321,IIFL_SCRIPMASTER
ZYDUSWELL,BSE,531335.BO,Zydus Wellness,ZYDUSWELL|Zydus Wellness|Zydus Wellness Limited,,INE768C01028,531335,IIFL_SCRIPMASTER
